id,subreddit,title,author,created_utc,score,num_comments,url,text
1on9lze,jobboardsearch,"📢 is [hiring] a Contractor - Compensation Consultant - Pacific Biosciences - Menlo Park, California, United States!",rrmdp,2025-11-03T17:17:22,1,0,https://jobboardsearch.com/redirect?utm_source=reddit&utm_medium=bot&utm_id=jobboarsearch&utm_term=www.compensationjobs.com&rurl=aHR0cHM6Ly93d3cuY29tcGVuc2F0aW9uam9icy5jb20vam9icy9jb250cmFjdG9yLWNvbXBlbnNhdGlvbi1jb25zdWx0YW50LTU1YjRjNDM3Lz9yZWY9am9iYm9hcmRzZWFyY2g=,"Company: 

Date Posted: November 02, 2025 📅

Work Type: Contractor ⏰

Categories: #humanresources #finance #senior #fulltime




Apply & Description 👉 https://jobboardsearch.com/redirect?utm_source=reddit&utm_medium=bot&utm_id=jobboarsearch&utm_term=www.compensationjobs.com&rurl=aHR0cHM6Ly93d3cuY29tcGVuc2F0aW9uam9icy5jb20vam9icy9jb250cmFjdG9yLWNvbXBlbnNhdGlvbi1jb25zdWx0YW50LTU1YjRjNDM3"
1on9lbt,pacificDrive,"I'm not into survival, but...",vertighel,2025-11-03T17:16:29,1,0,https://www.reddit.com/r/pacificDrive/comments/1on9lbt/im_not_into_survival_but/,"As title said, I'm not the kind of guy who likes spend tons and tons of hours getting resources to craft one single peace of something... I'm entrigued by Pacific Drive and I'm gonna give it a try but I'm also scared of it.

I really enjoyed Dredge for example, but PD looks more serious and heavily craft oriented.

Do you think I'm gonna enjoy it?"
1on9jpp,neoliberal,"The Pacific Islands Challenge - In America’s Tug of War With China, Oceanic Democracy Is Caught in the Middle",Imicrowavebananas,2025-11-03T17:14:11,1,0,https://www.foreignaffairs.com/china/pacific-islands-challenge,
1on9fly,cdramasfans,Chinese artists named in Asia-Pacific Leaders Under 30 and 35 in 2025 during the Asia-Pacific Young Entrepreneurs Forum at the 2025 APEC Summit.,Legitimate_Crazy_628,2025-11-03T17:08:03,1,0,https://www.reddit.com/gallery/1on9fly,"Chinese artists named in Asia-Pacific Leaders Under 30 and 35 in 2025 during the Asia-Pacific Young Entrepreneurs Forum at the 2025 APEC Summit.

Under 30: Zhao Lusi, Zhang Zifeng, Zhou Ye, Wang Hedi, Wang Anyu, Wu Lei, Zhang Linghe, Hou Minghao, Lui Haoran

Under 35: Dilraba, Yang Zi, Bai Lu, Zhou Dongyu, Gloria Tang, Xiao Zhan, Yang Yang, Tan Jianci, Li Xian, Cheng Yi, Zhou Shen

Congratulations!! "
1on9c6v,geography,"There are currently 38 different UTC offsets (""time zones"") in the world, based on the standard time used in each location (winter/year-round, but not DST). How many of them have you stepped foot in? And has anyone on this sub ever been on one of the two uninhabited islands that use UTC-12:00?",benjaneson,2025-11-03T17:02:35,8,1,https://i.redd.it/hh3dxr2t21zf1.png,"I've personally stepped foot in 8 different UTC offsets: UTC-8, UTC-5, UTC±0, UTC+1, UTC+2, UTC+7, UTC+8, and UTC+10."
1on99y2,SECFilingsAI,BERKSHIRE HATHAWAY ENERGY CO Quarterly Report Released - Here’s What You Should Know,Infinite-Bird-5386,2025-11-03T16:59:02,1,0,https://www.reddit.com/r/SECFilingsAI/comments/1on99y2/berkshire_hathaway_energy_co_quarterly_report/,"Berkshire Hathaway Energy Company (BHE) and Its Operating Companies – Q3 2025 Summary

**Financial Overview**  
- Consolidated assets at September 30, 2025 were $146.1 billion, up from $140.1 billion at December 31, 2024.
- Nine months YTD 2025 operating revenue was $20.0 billion (vs. $19.7 billion YTD 2024).
- Net income attributable to BHE shareholders for the first nine months was $3.38 billion (vs. $3.58 billion in 2024).
- Q3 2025 operating revenue was $7.2 billion (flat vs. Q3 2024).
- Q3 net income attributable to BHE shareholders was $1.49 billion (vs. $1.98 billion in Q3 2024).  
- Cash and cash equivalents at quarter end: $2.16 billion; net liquidity including credit facilities: $12.02 billion.

**Segment Results (Nine Months 2025 vs. 2024)**
- **PacifiCorp**: Revenue up 15% to $5.7 billion; earnings increased by $176 million due to higher utility margins, partially offset by $100 million in wildfire loss accruals during Q3; total wildfire settlements paid YTD 2025: $1.4 billion.
- **MidAmerican Funding/MidAmerican Energy**: Revenue up 21% to $3.0 billion; net income flat at $808 million. Increased retail and wholesale margins driven by higher usage; capital expenditures up 10% YTD ($1.21 billion vs $1.10 billion).
- **NV Energy (Nevada Power & Sierra Pacific)**:  
  - Nevada Power: Revenue down 20% to $1.9 billion; net income down 27% to $237 million, driven by lower sales volume and customer refunds related to regulatory matters.  
  - Sierra Pacific: Revenue down 13% to $854 million; net income rose to $117 million (from $69 million) primarily due to favorable rate actions and improved electric/natural gas margins.
- **Northern Powergrid (UK)**: Revenue down 10% to $1.04 billion; earnings down $120 million on lower distribution revenue.
- **BHE Pipeline Group**: Revenue up 4% to $2.88 billion; earnings decreased by $103 million due to lower earnings from specific subsidiaries.
- **BHE Renewables**: Revenue down 24% to $894 million; earnings up $85 million, reflecting improved results in geothermal and natural gas operations.

**Capital Expenditures**  
- YTD 2025: $7.53 billion (vs. $6.24 billion YTD 2024), with a full-year 2025 forecast of $10.74 billion.  
- Major spend areas: electric transmission ($1.46 billion YTD), electric distribution ($1.76 billion), wildfire prevention ($622 million), wind generation ($625 million), solar and battery storage ($881 million combined).

**Wildfire Litigation and Settlement Exposure (PacifiCorp)**
- Multiple lawsuits related to 2020 and 2022 wildfires. As of September 30, 2025:  
  - Accrued losses for wildfire liabilities: $1.45 billion, with all insurance recoveries collected.
  - Damages awarded in the James class action series as of October 2025: Net damages awarded of $589 million (average $5 million per plaintiff, 109 plaintiffs).
  - More cases and potential material liabilities are possible; PacifiCorp may face liquidity challenges if adverse verdicts surge.
- PacifiCorp paid $1.4 billion in wildfire settlements YTD 2025.

**Financing and Liquidity**
- New debt issued in 2025 includes: Sierra Pacific ($450 million, 6.20% Jr. Subordinated Notes), PacifiCorp ($850 million, 7.375% Jr. Subordinated Notes), Eastern Energy Gas ($1.2 billion Senior Notes), Nevada Power ($300 million Jr. Subordinated Notes).
- Amended/extended credit facilities across subsidiaries; total group credit facilities available: $11.89 billion.
  
**Other Risks and Considerations**  
- Regulation: All major subsidiaries are subject to US (and, for Northern Powergrid, UK) rate regulation; recent filings seeking rate increases are ongoing.
- Environmental/Compliance: Subject to evolving EPA and state/federal rules on air quality, climate, GHG; deregulatory moves at federal level, but state-level obligations persist.
- Real Estate/Other: HomeServices (residential brokerage) earnings up $159 million YTD due to absence of prior year settlement charge.

**Tax**
- Group-wide effective tax rate for nine months was negative (tax benefit): (54)% vs. (49)% in 2024, driven mainly by production and investment tax credits from renewables and rate-making adjustments.

**Summary for Investors**
- BHE remains well-capitalized with ample liquidity, but faces material wildfire litigation exposure, especially at PacifiCorp.  
- Solid revenue growth in core utilities (PacifiCorp, MidAmerican), continued heavy investment in regulated infrastructure, renewables, and wildfire prevention.
- Earnings moderated by legal expenses, volatility in operating conditions (volumes, weather), and lower NV Energy results.
- Investors should closely monitor ongoing wildfire litigation and regulatory developments, especially as additional jury trials and appeals are pending.
- Debt levels and capital commitments are significant, but liquidity access and regulatory rate mechanisms provide support for continued infrastructure investment.

Visit [Publicview AI](https://www.publicview.ai/chat) to search and analyze millions of SEC filings using AI."
1on95x8,siriusxm,This Week in Short-Run Channels 11-3-25,robsterva,2025-11-03T16:52:31,4,0,https://www.reddit.com/r/siriusxm/comments/1on95x8/this_week_in_shortrun_channels_11325/,"Channel 15: Monday - Message Worship, Tuesday-Sunday (and a lot longer) - Jimmy Fallon's Holiday Seasoning Radio.

Channel 79: Monday - 80's Chillpill, Tuesday-Sunday (and longer) - Holly

Channel 105: Monday - Scream Radio, Tuesday-Sunday (and longer) - Hallmark Radio

Well... I probably won't need to update this for a few weeks... :)

*DISCLAIMER: I don't work for SXM, I just know how to download channel guide data and parse through it.  This is from the channel guide.  The web player and apps use different data feeds, so there can be discrepancies.,  Channel 105 doesn't show up on all radios,.  All format changes take place at 3am Eastern/midnight Pacific.*"
1on95eb,roadtrip,Historic road trip - USA 1998,Famous-Author-5211,2025-11-03T16:51:40,5,1,https://www.reddit.com/gallery/1on95eb,"In June 1998, three friends and I (all of us under twenty years old) set out on a road trip around the USA in a Chevy Van 20, finishing my year out there before returning to the UK for university.

When I think back to teenage traveling without Google or online maps or mobile phones or any kind of Instagram or similar, it honestly gives me such waves of nostalgia. We had a Rough Guide to the USA, and whatever maps we picked up at gas stations. I think I called my family four times in the whole trip: from the top of Sears Tower, somewhere on the Pacific Coast, at the edge of the Grand Canyon, and then on the Mall in DC as we awaited the fireworks on July 4th to finish off the trip.

I think I used over 30 rolls of film on my trusty old manual Pentax camera, and I wish I'd kept the negatives to do better scans, today! Ahh well: the folly of youth. Scans of the prints will have to do. You can see the whole lot here, if you like: [https://www.flickr.com/photos/davemorris/albums/72157600049681254](https://www.flickr.com/photos/davemorris/albums/72157600049681254)"
1on90rx,SwordAndSupperGame,Pacific Snapper and Treasure,jdd881,2025-11-03T16:44:27,1,0,https://www.reddit.com/r/SwordAndSupperGame/comments/1on90rx/pacific_snapper_and_treasure/,This post contains content not supported on old Reddit. [Click here to view the full post](https://sh.reddit.com/r/SwordAndSupperGame/comments/1on90rx)
1on90cu,karobar,Aquilius raises $1.1 billion for Asia's largest real estate secondaries fund: Economictimes,karobar-news-bot,2025-11-03T16:43:43,1,1,https://pub-06a73e45fd7b4c19ad44bcb235c1f1a2.r2.dev/news-1762168421-Ef058.jpg,
1on8yrg,ValorantCompetitive,[Sheep Esports] - eKo set to join ZETA DIVISION in VCT Pacific,Symbios_,2025-11-03T16:41:07,17,3,https://www.sheepesports.com/en/articles/sources-valorant-eko-set-to-join-zeta-division-in-vct-pacific/en,
1on8puq,nrl,How competitive would a Pacifika team be?,BennyAndMaybeTheJets,2025-11-03T16:26:42,0,11,https://www.reddit.com/r/nrl/comments/1on8puq/how_competitive_would_a_pacifika_team_be/,"Love watching the Pacific nations play, but there's obviously a lot of disparity between the nations in both tiers, and that's not likely to change any time soon. Obviously there are going to be problems - I'm not even sure how the people of each nation regard each other, and what importance they place on their shared heritage, BUT...

If you grouped the nations (excluding NZ) under a Pacifika banner, I think they could be a strong team, certainly capable of being a top tier nation, and a credible, consistent threat to the big three."
1on8okq,wallstreetbetsGER,ARKK und Rest von Cathie Wood vom 31.10.25,Superb-Neck-5160,2025-11-03T16:24:35,0,0,https://www.reddit.com/r/wallstreetbetsGER/comments/1on8okq/arkk_und_rest_von_cathie_wood_vom_311025/,"https://preview.redd.it/bc7rf4s0w0zf1.png?width=1907&format=png&auto=webp&s=0f241969b3df49ad76cb7f97c44b0eaa62270e5e

"
1on8m60,AviationPH,Cebu Pacific Deploys its Airbus A330neo to Puerto Princesa,AviationUpdatesPH,2025-11-03T16:20:23,1,0,https://aviationupdatesph.com/2025/11/cebu-pacific-deploys-its-airbus-a330neo-to-puerto-princesa/,
1on8a7p,imaginarymaps,The Doomsday Campaign (2049–2056) Necrostrain-Z67,IndependentCaramel94,2025-11-03T15:59:39,10,0,https://i.redd.it/jnmxo7joq0zf1.png,"# The Doomsday Front Bastion Wars (2049–2056)

*The Fall of the Free Bastions*

By 2049, the world had fractured beyond repair. The Necrostrain-Z67 virus had left humanity walled behind steel and concrete — isolated **Bastion City-States** that governed themselves, each believing they were the last hope of civilization.

The **Zombie Attack Force (ZAF)** acted as a neutral global military — not a nation, but a united command overseeing inter-Bastion security. They enforced protocols, traded resources, and maintained fragile peace among the city-states.

But peace was never meant to last.

# The Rise of the Doomsday Front

Born from the chaos of collapsed Bastions in the U.S. heartland, the **Doomsday Front** began as a survivalist militia preaching that humanity’s only salvation was to “reset the world through conquest.”

Led by **High Executor Marius Kane**, they rejected ZAF’s authority and declared the Bastion system a failure. What began as isolated riots soon turned into full-scale sieges.

# The Campaign of Fire

# Chicago-12 (2049)

The first city-state to fall. The Front infiltrated through its transit tunnels, disabling the power grid and unleashing both infected hordes and internal rebellion. Chicago burned for three days before its walls fell.

# NewYork-01 & Ottawa-17 (2050–2051)

The Front moved east, striking at the largest and wealthiest Bastions. NewYork’s militia was crushed after two weeks of urban warfare. Ottawa’s defenses collapsed in freezing temperatures, leaving the northern corridor open.

# SaltLakeCity-16 & Seattle-35 (2052–2053)

The Front seized the western routes, using salvaged airships and armored convoys. These two Bastions were vital trade hubs — their fall crippled ZAF logistics across the continent.

# SanFrancisco-03 & Houston-34 (2054–2055)

The southern Bastions resisted fiercely, backed by ZAF task forces. But after months of siege, both cities were captured. Houston’s fall symbolized the death of organized resistance in the south.

# Enterprise-18 & Anchorage-13 (2055–2056)

The final stage. Enterprise fell quietly — its leaders executed and replaced by Front administrators. Anchorage, isolated in the frozen north, held for nearly a year before finally falling.

# The New Order

By 2056, the **Doomsday Front** ruled every former Bastion in North America, establishing a network of fortified city-states under their new regime — **The Continental Rebirth Zone**.

Each captured Bastion was renamed a “Sector.” Civilians were stripped of citizenship and forced into “Reconstruction Programs.”

ZAF’s only remaining presence in the region was a hidden facility near Ottawa — **ZAF N.A. Outpost** — tasked with surveillance and intelligence.

Beyond the walls, infected still roamed freely, while the Front fortified their empire under the blood-red banners of their new world."
1on887q,HimalayaQuantum11,"Quantum Flash Weekly ⚡🌍Episode 14 — Nov 3  The global power struggle is shifting — fast. As the CCP tightens its grip, the free world pushes back harder than ever.  📅 Live: Monday, 2:00 PM PT | 10:00 PM London | Tuesday, 6:00 AM Beijing 📺GETTR @HimalayaQuantum 🎙️Hosts: Sima & Ms. Cow ｜💻Tech: Amiee",HimalayaQuantum007A,2025-11-03T15:56:25,1,0,https://i.redd.it/lj1gmm70r0zf1.jpeg,"Quantum Flash Weekly ⚡🌍
Episode 14 — Nov 3

The global power struggle is shifting — fast. As the CCP tightens its grip, the free world pushes back harder than ever.

📅 Live: Monday, 2:00 PM PT | 5:00 PM ET | 10:00 PM London | Tuesday, 6:00 AM Beijing

📺 GETTR @HimalayaQuantum
🎙️ Hosts: Sima & Ms. Cow ｜ 💻 Tech: Amiee
https://gettr.com/user/himalayaquantum

🔥 Key Highlights:
🇺🇸 Trump moves to dismantle America’s dependence on Communist China — a bold reset of U.S. economic sovereignty
⚡ Congress introduces a new bill to protect the U.S. power grid from CCP infiltration and cyber threats
🇹🇼 Beijing’s “unification benefits” fall flat — Taiwan’s people send a clear message: freedom over control
🔋 Huawei’s solar inverters raise alarms — is Europe trading one dependency crisis for another?
💥 China’s new trade war strategy: strike fast, concede nothing — the world braces for impact

In an age where alliances shift overnight, knowledge is not just awareness — it’s defense.

#QuantumFlashWeekly #ChinaCrisis #USChinaRelations #GlobalSecurity #EnergyIndependence #TaiwanFreedom #TradeWar #HuaweiWatch #Geopolitics #NFSC #HimalayaQuantum"
1on8552,EEW,"🌏 East Of Australia: Earthquake (4.0 Mgqm, at 10:14 UTC)",BrainstormBot,2025-11-03T15:51:13,1,0,https://www.reddit.com/r/EEW/comments/1on8552/east_of_australia_earthquake_40_mgqm_at_1014_utc/,"> 🌖 Earthquake! **4.0 Mgqm,** registered by GlobalQuake, 2025-11-03 10:14:10 UTC (gibbous moon), on land, *South Pacific* (-28.94, 158.88) likely felt 80 km away (localhost:38002)

^2025-11-03T10:21:11Z"
1on80h5,EEW,"🌎 South Of Kermadec Islands: Earthquake - Rūwhenua (4.7 Mgqm, at 10:11 UTC)",BrainstormBot,2025-11-03T15:43:18,1,0,https://www.reddit.com/r/EEW/comments/1on80h5/south_of_kermadec_islands_earthquake_rūwhenua_47/,"> 🌖 Earthquake! Rūwhenua! **4.7 Mgqm,** registered by GlobalQuake, 2025-11-03 10:11:33 UTC (gibbous moon), on land, *South Pacific* (-34.33, -179.64) likely felt 120 km away (localhost:38002)

^2025-11-03T10:13:17Z"
1on80dp,fragrance,Feedback please,Vexxel_,2025-11-03T15:43:08,0,7,https://www.reddit.com/r/fragrance/comments/1on80dp/feedback_please/,"Hello I’m new to fragrances and I want to get some feedback on if this is the 5 cologne collection I should get I already have Terre d’hermés edt but I haven’t bought the others yet tell me If I should get the rest

Boss Bottle Absolu
Pacific Chill LV
Spicebomb Extreme
Jazz Club"
1on7w2s,u_Objective_East_7657,Macro Tailwinds 2026: Why Fed Policy and Adoption Favor XRP,Objective_East_7657,2025-11-03T15:35:50,1,0,https://www.reddit.com/r/u_Objective_East_7657/comments/1on7w2s/macro_tailwinds_2026_why_fed_policy_and_adoption/,"# How Fed Easing and USD Weakness Could Boost XRP in 2026

[The Macro Landscape Heading Into 2026](https://preview.redd.it/twp21yd9m0zf1.jpg?width=1248&format=pjpg&auto=webp&s=50d27c19aefcdbebba3c5fbd60850397e46c5e2b)

# The Macro Landscape Heading Into 2026

As 2025 concludes, the macroeconomic outlook for 2026 appears markedly more accommodative than a year ago. The Federal Reserve has initiated monetary easing, with recent FOMC decisions lowering interest rates and signaling a data-dependent approach. Markets anticipate further rate cuts, with major banks projecting multiple 25-basis-point reductions in the coming quarters. In this environment, risk-oriented assets—particularly those offering high throughput and capital efficiency—are regaining investor attention.

A more dovish Fed stance exerts a dual effect: it lowers corporate funding costs while elevating risk premia for equities and cryptocurrencies. For dollar-denominated crypto investors, this dynamic is intensified by signs of structural weakness in the U.S. dollar, as evidenced by the downward trend in the DXY index throughout 2025. A weaker dollar re-rates dollar-priced risk assets globally, boosting flows into digital asset ETFs, trading platforms, and on-chain activity.

# The Acceleration of Global Cryptocurrency Adoption

While macroeconomic tailwinds are supportive, sustained growth hinges on real-world adoption. Empirical indicators—such as on-chain value received and regional retail engagement—continued rising in 2025. Notably, Asia-Pacific and South Asia saw outsized gains in transaction volume and user onboarding, coinciding with the expansion of institutional infrastructure including prime brokerage, custodial services, and OTC desks.

As corporations and financial intermediaries integrate crypto rails, the market for tokenized liquidity and cross-border settlement expands. Regulatory maturation across key jurisdictions has reduced uncertainty, enabling institutions to treat select digital tokens as viable instruments for payments and FX hedging, rather than purely speculative assets. This shift in perception has profound implications for demand composition and sustainability.

# Why XRP May Outperform in a Bullish 2026 Environment

[Why XRP May Outperform in a Bullish 2026 Environment](https://preview.redd.it/kart1x5fm0zf1.jpg?width=1280&format=pjpg&auto=webp&s=ee8906963696cf6cf99466df67e7278d326cd5eb)

XRP stands at the intersection of macroeconomic easing, U.S. dollar depreciation, and accelerating adoption in cross-border payments. Two core attributes distinguish it from most alternatives: first, its technical architecture as a high-speed, low-cost bridge asset, ideally suited for liquidity-constrained foreign exchange (FX) corridors; Second, Ripple—the principal corporate entity behind the XRP Ledger—has consistently advanced the ecosystem through strategic partnerships and infrastructure upgrades, positioning XRP as a credible and scalable medium for international settlement. 

These developments have not only heightened institutional interest in leveraging XRP for capital-efficient FX conversions and instantaneous settlement, but also strengthened the investment case for those looking to [**buy XRP**](https://www.ompfinex.com/coin/xrp) as part of a broader macro-plus-payments strategy.

A pivotal development occurred in mid-2025 with the resolution of a long-standing legal dispute. The definitive settlement of high-profile litigation removed a major regulatory overhang that had previously discouraged participation from certain institutional allocators and U.S.-based market makers. This legal clarity, combined with a more accommodative macroeconomic environment, materially enhances the likelihood of XRP’s integration into regulated financial systems and next-generation payment infrastructures.

Beyond its technical merits, XRP’s market structure offers compelling advantages in environments characterized by monetary easing and dollar depreciation. In such regimes, capital tends to flow toward instruments that combine functional utility with deep liquidity. XRP’s operational profile—featuring minimal settlement layers, high transaction throughput, and negligible per-transaction costs—renders it more attractive than many alternative cryptocurrencies that lack comparable settlement capabilities.

If demand from payment processors, remittance networks, and prime brokerage platforms continues to scale, XRP’s price trajectory may be further supported by structured inflows. These include exchange-traded funds (ETFs) and other financial products designed to aggregate both retail and institutional participation, reinforcing XRP’s role as a strategic asset in the evolving global payments landscape.

# How to Position for the Next Wave — Strategic Ways to Buy XRP

**Allocate via regulated exchanges or custodial platforms.** For investors seeking simplicity and regulatory protections, reputable centralized exchanges and regulated custodians remain the standard entry point. Ensure the platform offers clear custody segregation and insurance provisions

**Consider OTC or prime brokerage for large allocations.** Institutions or investors planning sizable positions should evaluate OTC desks or prime brokerage services that can source liquidity without severe market impact — particularly important for a token with episodic liquidity in specific pairs.

**Use scaled entry and limit orders.** Given crypto’s still-elevated volatility, dollar-cost averaging or iceberg/limit order strategies can reduce execution slippage and avoid adverse market timing

**Risk management and horizon.** Allocate size to match conviction and liquidity needs; maintain stop guidelines and stress-test portfolios for sudden regulatory or macro shocks. Crypto remains a high-beta asset, and prudent position sizing is essential.

# Conclusion 

The convergence of monetary easing, dollar softness, and accelerating global crypto adoption creates a constructive backdrop for tokens with tangible settlement utility. XRP — by virtue of its speed, low cost, and growing institutional integrations — is well positioned to capture a share of the next wave of payment and FX-rail demand. Investors who prioritize infrastructure-driven adoption and balance that view with disciplined risk management may find XRP an efficient way to express a macro-plus-payments thesis heading into 2026.

"
1on7tma,WorldConqueror4,Need help on the last 3,WeirdWhole1015,2025-11-03T15:31:28,1,1,https://www.reddit.com/gallery/1on7tma,I have enough gens already. What’s the strategy for each mission? 
1on7n7v,SwordAndSupper,Strange Pacific Snapper,external_link,2025-11-03T15:20:07,1,0,/r/SwordAndSupperGame/comments/1on7l80/strange_pacific_snapper/,
1on7mai,upsc_discussions,3rd November current affairs,bhatsahib,2025-11-03T15:18:28,5,0,https://www.reddit.com/gallery/1on7mai,Nob
1on7l80,SwordAndSupperGame,Strange Pacific Snapper,external_link,2025-11-03T15:16:28,2,0,https://www.reddit.com/r/SwordAndSupperGame/comments/1on7l80/strange_pacific_snapper/,This post contains content not supported on old Reddit. [Click here to view the full post](https://sh.reddit.com/r/SwordAndSupperGame/comments/1on7l80)
1on7l31,u_Foreign-Economist704,TRADING UPSIDE | $PACB STOCK ANALYSIS | PACIFIC BIOSCIENCES OF CALIFORNI...,Foreign-Economist704,2025-11-03T15:16:11,1,0,https://youtube.com/watch?v=9mTKqf1hijQ&si=OHMHpeRADuguA0Py,
1on7l2k,geography,TU-160 White Swan?,LeatherMechanic820,2025-11-03T15:16:10,0,2,https://i.redd.it/mfwfzg4oj0zf1.png,"So yesterday, I was exploring Google Maps around Russia. I zoomed in on Yelizovo Air Base, near Petropavlovsk-Kamchatsky, and there it was a Tu-160 bomber just chilling there. Is it In 2024 when Tu-160s operate in the Far East during patrols over the Pacific. 

Coordinates: *53.1584651, 158.4621845*"
1on7jp6,EEW,"🌏 Santa Cruz Islands Region: Earthquake - Séisme (4.8 Mgqm, at 09:40 UTC)",BrainstormBot,2025-11-03T15:13:41,1,0,https://www.reddit.com/r/EEW/comments/1on7jp6/santa_cruz_islands_region_earthquake_séisme_48/,"> 🌖 Earthquake! Séisme! **4.8 Mgqm,** registered by GlobalQuake, 2025-11-03 09:40:09 UTC (gibbous moon), on land, *South Pacific* (-11.43, 171.38) likely felt 130 km away (localhost:38002)

^2025-11-03T09:43:40Z"
1on7c2j,NewsRewind,"Jesse Watters: ""If we have to burn down a few bridges with Denmark to take Greenland, we're big boys""",ItchyNesan,2025-11-03T14:59:53,5,0,https://www.mediamatters.org/fox-news/jesse-watters-if-we-have-burn-down-few-bridges-denmark-take-greenland-were-big-boys,"PUBLISHED 03/28/25 

JESSE WATTERS (HOST): Dumb power is fighting unwinnable wars, defunding the police, opening the border. Feeble is falling down and falling asleep. And being friendly to the world is what got us in this mess. We're not in high school. We don't need friends.

Every country puts their interests first. And when our interests align, we can do business. And when they don't, that's life. If we have to burn down a few bridges with Denmark to take Greenland, we're big boys. We dropped A-bombs on Japan and now they're our top ally in the Pacific. We may have to burn a bridge to build a big, beautiful new one to the next generation. America is not handcuffed by history. "
1on7bhu,travelchina,"China visa-free policy extended to Dec 31, 2026",riceforthewin99,2025-11-03T14:58:49,30,2,https://www.reddit.com/r/travelchina/comments/1on7bhu/china_visafree_policy_extended_to_dec_31_2026/,"[https://www.reuters.com/world/asia-pacific/china-extends-visa-free-policy-end-2026-adds-sweden-scheme-2025-11-03/](https://www.reuters.com/world/asia-pacific/china-extends-visa-free-policy-end-2026-adds-sweden-scheme-2025-11-03/)

I guess I'm gonna go ahead and book my new year trip to Guangdong."
1on795n,monsterenergy,Collection V3,bct4606,2025-11-03T14:54:22,3,0,https://i.redd.it/c4idjbixf0zf1.jpeg,"So many cans :3
Also had to make a card board holder cause stacking them on top of each other was to risky and they kept falling"
1on77th,TurnipExchange,Nook’s Cranny Selling for 528!,kojithekuma,2025-11-03T14:51:50,6,27,https://i.redd.it/pplrlxghf0zf1.jpeg,"**EDIT:** As of 2:28 am (Pacific Time Zone), I will be getting through those that have commented or DM'd and will have to log off. Thank you for understanding!

I won’t be open for long, but I will try to let in as many as possible. I checked my turnip prices super late.

I am in the process of decorating my island. Please **do not** take anything EXCEPT the “free for all” recipes on the left side of the airport and beach.

**Note:**

* Please let me know your player and island name. 🏝️
* Please depart through the airport, no “minus sign” exit.
* Please be quick so that I can let others in. I will let in 4 at a time. 🏃‍♀️
* Second trip is fine, but please wait for me to DM you to return to the island.
* I have 2 ABD machines outside of Nook’s Cranny for you to deposit/withdraw funds. 💰
* No tips or gifts required. 🎁 🚫

Please comment if you’d like to come sell! I’ll DM you the Dodo Code."
1on7720,AsymmetricAlpha,1-min market rundown (3/11/2025) [CNBC],FarPlastic5264,2025-11-03T14:50:24,2,0,https://www.reddit.com/r/AsymmetricAlpha/comments/1on7720/1min_market_rundown_3112025_cnbc/,"**Asia-Pacific** in the green. Investors assessed fresh manufacturing data from China. RatingDog’s October PMI came in at 50.6, below expectations of 50.9 and down from 51.2 in September, pointing to slower growth momentum. Official figures from the National Bureau of Statistics painted a grimmer picture, showing manufacturing activity contracting to 49.0, its lowest level in six months, underscoring continued weakness in the world’s second-largest economy. Japanese market closed for a holiday. Mainland China’s CSI 300 closed up 0.27%.

**Europe** stocks heading up. The week’s earnings season kicked off. Ryanair reported a 42% year-on-year rise in first-half profits to €2.54 billion, in line with analyst expectations, though shares slipped 2%. In the auto sector, optimism dominated after Renault’s Chief Growth Officer Fabrice Cambolive said the firm is seeking more global manufacturing partnerships, following its tie-up with Geely. Shares in Renault rose 3.4%, while Mercedes-Benz, Volkswagen, and Porsche each gained between 1.6% and 2.4%.

**U.S.** stock futures are slightly higher. More than 300 S&P 500 companies have reported third-quarter results, with over 80% surpassing expectations. The earnings season continues this week, featuring key AI-linked names such as Palantir and AMD. Meanwhile, seasonal trends could lend further support to equities — November has historically been the S&P 500’s strongest month, averaging a 1.8% gain.

S*tay in the loop with the Bulletin of the Retail Investor! Weekly rundown in your mailbox every weekend.*"
1on75aa,neoliberal,Some South Korea firms pulled projects after Hyundai immigration raid,John3262005,2025-11-03T14:47:13,17,2,https://www.washingtonpost.com/business/2025/11/01/south-korea-investment-america/,"Several South Korean firms have pulled or prolonged a pause on investment in U.S. projects after a massive immigration raid on a Hyundai plant in Georgia that resulted in hundreds of Koreans arrested.

Despite reassurances from the Trump administration, South Korean investors remain cautious, according to three people who represent South Korean and East Asia-based firms in the United States that paused or retreated from U.S. investment plans.

As of early this week, at least two companies with projects in development had decided against investing in the U.S. and at least four companies have extended pauses on projects put in place after the Hyundai raid in September, according to two consultants and one lawyer with clients in East Asia.

Tami Overby, an international business consultant who previously headed the U.S.-Korea Business Council at the U.S. Chamber of Commerce, said one Korean firm that had been selecting a site to build in the U.S. decided after the Immigration and Customs Enforcement raid that “it’s too risky with the unpredictability of the U.S. market right now and determined it’s better to do their expansion in Korea.”

The reluctance to invest in the U.S. could make it tougher for South Korea to fulfill its pledge of $350 billion in U.S. investments in exchange for lower U.S. tariffs in a deal negotiated during President Donald Trump’s visit there this week. South Korea has poured billions of dollars into the U.S. in recent years, into autos, semiconductors, shipbuilding and biotechnology, among other industries.

Meanwhile, lawyers and consultants representing East Asian firms with investments in the U.S. told The Post that South Koreans and other Asian nationals are still afraid of traveling on business and other employer-sponsored visas to the U.S., fears heightened by the administration’s new $100,000 fee on H-1B visas.

Some South Korean firms that had paused U.S. projects have begun to slowly resume operations, said Overby, who is also a former president of the American Chamber of Commerce in South Korea.

Kurt Tong, a managing partner at the Asia Group, said that the new trade agreement and specifically the United States’ softened demands around investment would reassure some Korean investors in the U.S. However, “the Hyundai event still leaves a significant bad aftertaste that may be specifically impacting companies who are still scrambling to figure out their exact immigration compliance methodologies,” said Tong, a former U.S. ambassador for Asia-Pacific Economic Cooperation (APEC)."
1on6zbt,HawaiiSports,Hawaii Pacific looking at building foundation on Boise State trip,808gecko808,2025-11-03T14:36:02,1,0,https://hawaiisportsradio.com/2025/11/02/hawaii-pacific-looking-at-building-foundation-on-boise-state-trip/,
1on6vza,SopranosImmemorial,"Would he make a good boss? More pacifically, how hard would it be to verify that you think he'd be a more effective boss than his father?",Spirited_Worker_5722,2025-11-03T14:30:08,15,11,https://i.redd.it/pz16v65mb0zf1.jpeg,
1on6th6,FilipinosAgainstChina,Allies entwined: Australia’s strategic convergence with the Philippines - ASPI,Right-Influence617,2025-11-03T14:25:28,7,1,https://www.aspi.org.au/report/allies-entwined-australias-strategic-convergence-with-the-philippines/,"The Philippines contains vital terrain in maritime Southeast Asia, for the US and its regional allies. The Philippines is also worth defending, in normative terms, as a democracy of approximately 115 million people whose sovereignty is under daily challenge from an expansionist authoritarian power, China, which has fixed the Philippines in its strategic crosshairs. The positional importance of the Philippines coupled with its revived treaty alliance with the US makes it pivotal to deterring aggression against Taiwan and other parts of what US strategists call the First Island Chain. Australia has independent reasons to be invested in the security of the Philippines beyond its importance to US strategy in the Indo-Pacific region."
1on6ll4,ABZU_Tetralogy,I don't deserve such kind and thoughtful readers 😭😭😭,TheTrojanAlchemist,2025-11-03T14:10:58,1,0,https://www.reddit.com/gallery/1on6ll4,"Read their fiction's here:

[Moonwalker, Earthbound](https://www.royalroad.com/fiction/121536/moonwalker-earthbound)

[A Tale of Spots and Feathers](https://www.royalroad.com/fiction/101993/a-tale-of-spots-and-feathers-a-pathfinder-fanfiction)



And find the other fictions that were mentioned here:

[The Blade that Cut the Mouse's Tail](https://www.royalroad.com/fiction/97093/the-blade-that-cut-the-mouses-tail-medieval-fantasy)

[Medicine and Poison](https://www.royalroad.com/fiction/103742/medicine-and-poison-epic-fantasy-book-1-complete)

[The Glimmerstone Enigma](https://www.royalroad.com/fiction/100605/the-glimmerstone-enigma-epic-fantasy-dd-inspiredbook)"
1on6k73,TropicalWeather,90W (Invest — Western Pacific) (Western Micronesia),Euronotus,2025-11-03T14:08:21,0,0,https://www.reddit.com/r/TropicalWeather/comments/1on6k73/90w_invest_western_pacific_western_micronesia/,"# Latest observation
- - - - - - - - - - - - - - - - - - - -
**Last updated:** Monday, 3 November — 10:00 AM Chuuk Time (CHUT; 00:00 UTC)

## Observed information

* **Current position:** 8.5°N 147.0°E
* **Forward movement:** W (290°) at 17 km/h (9 knots)
* **Maximum sustained winds:** 30 km/h (15 knots)
* **Minimum central pressure:** 1006 millibars (29.71 inches)

## Relative position

* 235 kilometers (146 miles) east of **Faraulep, Yap (Micronesia)**
* 606 kilometers (377 miles) southeast of **Dededo, Guam (United States)**
* 1,385 kilometers (861 miles) east-northeast of **Koror, Palau**

# Outlook discussion
- - - - - - - - - - - - - - - - - - - -

## Joint Typhoon Warning Center
**Last updated:** Monday, 3 October — 4:00 PM CHUT (06:00 UTC)

Multispectral satellite imagery (MSI) and a [recent] microwave image depict a poorly-defined low-level circulation with localized bursts of convection within the southern periphery.  Environmental analysis depicts a favorable environment for development with moderate equatorward upper-level outflow, low vertical wind shear of 5 to 10 knots, and warm sea-surface temperatures (SST) of 29 to 30°C.

Global models agree on the steady consolidation of the system over the next 24 h ours as well as a general northwestward rack.  GFS and NAVGEM are more aggressive in development than ECMWF and the ensembles.  

## Development potential 

* **Within the next 2 days** (before 4PM Tue): **low** (30 percent) ▲
* **Within the next 7 days** (before 4PM Sun): **medium** (50 percent) ▲


# Official information
- - - - - - - - - - - - - - - - - - - - 
## Japan Meteorological Agency

* [**Homepage**](https://www.data.jma.go.jp/multi/index.html?lang=en)
* [**Tropical cyclone information**](https://www.data.jma.go.jp/multi/cyclone/cyclone_detail.html?id=60&lang=en)

# Other information
- - - - - - - - - - - - - - - - - - - - 
## Joint Typhoon Warning Center (United States)

* [**Homepage**](https://www.metoc.navy.mil/jtwc/jtwc.html)
* [**Outlook discussion**](https://www.metoc.navy.mil/jtwc/products/abpwweb.txt)

## National Weather Service (United States)

* [**Weather Forecast Office** (Tiyan, Guam)](https://www.weather.gov/gum/)
* [**Tropical weather discussion**](https://forecast.weather.gov/product.php?issuedby=PQ&product=TWD&site=nws&format=txt)
* [**Area forecast discussion**](https://forecast.weather.gov/product.php?site=NWS&issuedby=GUM&product=AFD&format=TXT&version=1&glossary=1)

## Philippine Atmospheric, Geophysical, and Astronomical Services Administration

* [**Homepage**](https://www.pagasa.dost.gov.ph/)
* [**Tropical cyclone threat potential forecast**](https://www.pagasa.dost.gov.ph/tropical-cyclone/tc-threat-potential-forecast)


# Radar imagery
- - - - - - - - - - - - - - - - - - - -
Radar is not currently available for this system.


# Satellite imagery
- - - - - - - - - - - - - - - - - - - -
## Floater imagery

### Single bandwidth imagery

* **Visible:** &ensp; [Tropical Tidbits](https://www.tropicaltidbits.com/sat/satlooper.php?region=90W&product=vis-swir) · [CyclonicWx](https://cyclonicwx.com/floater/90W/vis/)
* **Infrared:** &ensp; [Tropical Tidbits](https://www.tropicaltidbits.com/sat/satlooper.php?region=90W&product=ir) · [CyclonicWx](https://cyclonicwx.com/floater/90W/avn/)
* **Water vapor:** &ensp; [Tropical Tidbits](https://www.tropicaltidbits.com/sat/satlooper.php?region=90W&product=wv-mid) · [CyclonicWx](https://cyclonicwx.com/floater/90W/wv/)

### Multiple bandwidth imagery

The options to select individual bandwidths on each of the following websites may vary.

* [**CIMSS**](http://tropic.ssec.wisc.edu/real-time/storm.php?&basin=westpac&sname=90W&invest=YES&zoom=4&img=1&vars=11111000000000000000000&loop=0)
* [**RAMMB**](http://rammb.cira.colostate.edu/products/tc_realtime/storm.asp?storm_identifier=wp902025)
* [**Naval Research Laboratory**](https://www.nrlmry.navy.mil/tc-bin/tc_home2.cgi?YEAR=2025&MO=10&BASIN=WPAC&STORM_NAME=90W.INVEST)

## Regional imagery

* **Visible:** &ensp; [CIRA/RAMMB](https://col.st/YF6kn) · [CyclonicWx](https://cyclonicwx.com/floater/nwpac/ir/)
* **Infrared:** &ensp; [CIRA/RAMMB](https://col.st/Vzyax) · [CyclonicWx](https://cyclonicwx.com/floater/nwpac/vis/)
* **Water vapor:** &ensp; [CIRA/RAMMB](https://col.st/0NBWz) · [CyclonicWx](https://cyclonicwx.com/floater/nwpac/wv/)

# Analysis products
- - - - - - - - - - - - - - - - - - - -
* **Preliminary best track data:** &ensp; [NOAA](https://www.emc.ncep.noaa.gov/gc_wmb/vxt/DECKS/bwp902025.dat) · [NRL](https://science.nrlmry.navy.mil/geoips/tcdat/tc2025/WP/WP902025/txt/trackfile.txt) · [NCAR](https://hurricanes.ral.ucar.edu/realtime/plots/northwestpacific/2025/wp902025/bwp902025.dat)

* **Scatterometer data:** &ensp; [CyclonicWx](https://cyclonicwx.com/sat/#ascat) · [EUMETSAT](https://scatterometer.knmi.nl/tile_prod/)

* **Sea-surface temperatures:** &ensp; [NOAA](https://www.ospo.noaa.gov/Products/ocean/sst/contour/index.html) · [Tropical Tidbits](https://www.tropicaltidbits.com/analysis/ocean/) · [CyclonicWx](https://cyclonicwx.com/sst)

# Model products
- - - - - - - - - - - - - - - - - - - -
## Disturbance-centered guidance

### Single-model click-through guidance

* **GFS:** &ensp; [Tropical Tidbits](https://www.tropicaltidbits.com/analysis/models/?model=gfs&region=90W&pkg=mslp_pcpn_frzn) · [CyclonicWx](https://cyclonicwx.com/models/gfs/90W/4panel/)
* **ECMWF:** &ensp; [Tropical Tidbits](https://www.tropicaltidbits.com/analysis/models/?model=ecmwf&region=90W&pkg=mslp_pcpn_frzn) · [CyclonicWx](https://cyclonicwx.com/models/ecmwf/90W/4panel/)
* **HWRF:** &ensp; [Tropical Tidbits](https://www.tropicaltidbits.com/analysis/models/?model=hwrf&region=90W&pkg=mslp_pcpn_frzn)

### Multi-guidance pages

* [**NCAR**](https://hurricanes.ral.ucar.edu/realtime/plots/northwestpacific/2025/wp902025/)   
* [**Tropical Tidbits**](https://www.tropicaltidbits.com/storminfo/#90W)
* [**WeatherNerds**](https://www.weathernerds.org/tc_guidance/storm.html?tcid=WP90)
* [**CyclonicWx**](https://cyclonicwx.com/storms/wp90/)

## Regional single-model guidance

* **Tropical Tidbits:** &ensp; [GFS](https://www.tropicaltidbits.com/analysis/models/?model=gfs&region=wpac&pkg=mslp_pcpn) · [ECMWF](https://www.tropicaltidbits.com/analysis/models/?model=ecmwf&region=wpac&pkg=mslp_pcpn) · [CMC](https://www.tropicaltidbits.com/analysis/models/?model=gem&region=wpac&pkg=mslp_pcpn) · [ICON](https://www.tropicaltidbits.com/analysis/models/?model=icon&region=wpac&pkg=mslp_pcpn)

## Regional ensemble model guidance

* **Weather Nerds:** &ensp; [GEFS](https://www.weathernerds.org/models/gefs.html?&inittype=zoom&initfield=MSLP_Surface&initcycle=determine&initfhour=120&initimdimx=1050&initimdimy=750&initrange=57.000000000000:95.000000000000:0:190.000000000000&initcx1=0&initcy1=0&initcx2=0&initcy2=0&initcross=False&initsound=False&initsoundx=1&initsoundy=1&initloop=False&initoverlay=False&initlstart=000&initlend=336&initlint=6&initol1=MSLP_Surface&initol2=null&initol3=null&initol4=null&initol5=null&initcities=Off&inithgwys=Off&inittracks=On&initlows=On&initlatlon=On) · [ECENS](https://www.weathernerds.org/models/ecens.html?&inittype=zoom&initfield=MSLP_Surface&initcycle=determine&initfhour=120&initimdimx=1050&initimdimy=750&initrange=57.000000000000:95.000000000000:0:190.000000000000&initcx1=0&initcy1=0&initcx2=0&initcy2=0&initcross=False&initsound=False&initsoundx=1&initsoundy=1&initloop=False&initoverlay=False&initlstart=000&initlend=336&initlint=6&initol1=MSLP_Surface&initol2=null&initol3=null&initol4=null&initol5=null&initcities=Off&inithgwys=Off&inittracks=On&initlows=On&initlatlon=On)"
1on6fv7,EarthExpansionTheory,The age pattern in North Pacific is strange if subduction does not happen,VisiteProlongee,2025-11-03T14:00:12,1,0,https://i.redd.it/xqr2fpm860zf1.png,
1on6dpk,SwordAndSupperGame,Loot and Pacific Snapper,Phamasan,2025-11-03T13:56:13,1,0,https://www.reddit.com/r/SwordAndSupperGame/comments/1on6dpk/loot_and_pacific_snapper/,This post contains content not supported on old Reddit. [Click here to view the full post](https://sh.reddit.com/r/SwordAndSupperGame/comments/1on6dpk)
1on68lv,femalelivingspace,a small light for quiet nights🌙,CrowThen6432,2025-11-03T13:46:45,36,6,https://i.redd.it/5h81877v30zf1.jpeg,"Just a little book I’ve been putting together — made to is shell candle to bring a soft glow at night. Feels so calming, what do you think?…"
1on667h,colognecheck,Louis Vuitton Pacific Chill or Not ?,tarasenko97,2025-11-03T13:42:17,1,2,https://www.reddit.com/gallery/1on667h,
1on65fl,colognecheck,Louis Vuitton Pacific Chill or Not ?,tarasenko97,2025-11-03T13:40:46,0,8,https://www.reddit.com/gallery/1on65fl,
1on5ywa,SymbyNews,"""South African rand inches higher ahead of manufacturing PMI, car sales data"" - MarketScreener | First of 6 articles in multi-source coverage pack",Difficult_Yak_1457,2025-11-03T13:28:39,1,0,https://symby.com/news?_cid=42900584,"Coverage includes: ""Asia-Pacific markets climb as China PMI data misses expectations; Kospi hits new record | Investors in the region will be watching manufacturing activity figures out from China later today, as RatingDog publishes its PMI numbers for October."" - CNBC"
1on5xr5,blender,Limitations on CGI and animated film potential,Upstairs-Risk-9440,2025-11-03T13:26:24,1,7,https://www.reddit.com/r/blender/comments/1on5xr5/limitations_on_cgi_and_animated_film_potential/,"I've been wondering for a while what the thoughts are towards people learning Blender for cinematic purposes. I've recently re-watched Pacific rim and remember hearing that the CGI team hated it cause a preview render would take a week and I believe they used Maya?

It got me wondering how Blender would handle things like Armored Core cinematics and such. I usually see these bigger budget full movie films done in Maya and such. Is blender capable of the same with enough time and effort?

Or do they chose Maya due to its better ability to handle things of that nature?"
1on5qyk,EEW,"🌏 Off East Coast Of Kamchatka: Землетрясение - Earthquake (4.8 Mb, at 07:19 UTC)",BrainstormBot,2025-11-03T13:13:32,1,0,https://www.reddit.com/r/EEW/comments/1on5qyk/off_east_coast_of_kamchatka_землетрясение/,"> 🌖 Землетрясение! Earthquake! **5.4 Mb,** registered by EMSC, 2025-11-03 11:37:53 UTC (gibbous moon), on land, *North Pacific* (52.52, 160.25) likely felt 190 km away (www.seismicportal.eu)

^2025-11-03T11:51:16Z

> 🌖 Землетрясение! Earthquake! **5.5 M,** registered by EMSC, 2025-11-03 11:34:04 UTC (gibbous moon), on land, *North Pacific* (52.27, 160.26) likely felt 210 km away (www.seismicportal.eu)

^2025-11-03T11:48:18Z

> 🌖 Землетрясение! Earthquake! **5.0 Mb,** registered by KOERI, 2025-11-03 11:21:39 UTC (gibbous moon), on land, *North Pacific* (52.38, 159.58) likely felt 40 km away (www.koeri.boun.edu.tr)

^2025-11-03T11:44:03Z

> 🌖 Землетрясение! Earthquake! **5.0 Mb,** registered by KOERI, 2025-11-03 10:01:59 UTC (gibbous moon), on land, *North Pacific* (52.24, 160.08) likely felt 50 km away (www.koeri.boun.edu.tr)

^2025-11-03T10:17:08Z

> 🏠 Землетрясение! Earthquake! **5.1 Mb,** registered by GFZ, 2025-11-03 08:07:38 UTC (gibbous moon), on land, *Off East Coast Of Kamchatka* (52.84, 159.04) likely felt 160 km away (in Петропавловск-Камчатский, Вилючинск, Елизово…) by 221800 people (www.seismicportal.eu)

^2025-11-03T08:52:30Z

> 🌖 Землетрясение! Earthquake! **6.3 Mgqm,** registered by GlobalQuake, 2025-11-03 08:44:42 UTC (gibbous moon), on land, *North Pacific* (51.79, 160.2) likely felt 350 km away (localhost:38002)

^2025-11-03T08:51:14Z

> 🌖 Землетрясение! Earthquake! **4.7 Mb,** registered by KOERI, 2025-11-03 07:59:26 UTC (gibbous moon), on land, *North Pacific* (52.39, 159.62) likely felt 40 km away (www.koeri.boun.edu.tr)

^2025-11-03T08:37:19Z

> 🌖 Землетрясение! Earthquake! **5.8 Mb,** registered by CI,US,usauto, 2025-11-03 07:10:24 UTC (gibbous moon), on land, *North Pacific* (52.2, 160.04), ↓23 km likely felt 300 km away (service.scedc.caltech.edu)

^2025-11-03T08:00:55Z

> 🌖 Землетрясение! Earthquake! **4.8 Mb,** registered by KOERI, 2025-11-03 07:19:58 UTC (gibbous moon), on land, *North Pacific* (52.33, 159.69) ± 3 km likely felt 50 km away (www.koeri.boun.edu.tr)

^2025-11-03T07:43:31Z"
1on5oun,Living_in_Korea,Nvidia unveils investment plan with video celebrating Korea's achievements,Muted-Aioli9206,2025-11-03T13:09:27,1,0,https://koreajoongangdaily.joins.com/news/2025-11-03/business/industry/Nvidia-unveils-investment-plan-with-video-celebrating-Koreas-achievements-/2435331,"   
Nvidia has unveiled a large-scale investment plan in Korea’s AI sector, releasing a three-minute tribute video on YouTube that highlights the country’s technological innovation and partnerships with leading conglomerates and the government.  
   
The video, titled ""Korea's Next Industrial Revolution,"" is presented in Korean with English subtitles and was posted Friday. It commemorates Nvidia's collaboration with Korean partners and the upcoming supply of more than 260,000 of its latest graphics GPUs to the country.  
   


# Related Article

* [Nvidia chief's daughter behind high-profile business meeting at Korean chicken restaurant](https://koreajoongangdaily.joins.com/news/2025-11-03/business/industry/Nvidia-chiefs-daughter-behind-highprofile-business-meeting-at-Korean-chicken-restaurant/2435080)
* [Korea moves to join global top three in AI with Nvidia alliance](https://koreajoongangdaily.joins.com/news/2025-11-03/opinion/editorials/Korea-moves-to-join-global-top-three-in-AI-with-Nvidia-alliance/2434823)
* ['HBM97 and beyond': Nvidia CEO lauds Korea's chip prowess, eyes deeper ties with Samsung, SK hynix](https://koreajoongangdaily.joins.com/news/2025-10-31/business/industry/HBM97-and-beyond-Nvidia-CEO-lauds-Koreas-chip-prowess-eyes-deeper-ties-with-Samsung-SK-hynix/2434179)
* [Nvidia bets big on Korea’s AI future with 260,000 Blackwell processors](https://koreajoongangdaily.joins.com/news/2025-10-31/business/industry/Nvidia-sees-extraordinary-opportunity-seals-Korean-deals-for-next-genAI-GPUs/2434067)

“Korea,” starts the video. ""The nation that engineered its own miracle. You didn't just rebuild. You industrialized — through determination and sacrifice — faster than any nation in the world.""  
Nvidia said that the Korean voice used in the video was an AI-generated voice based on CEO Jensen Huang’s real voice. The company explained that the video was created “to express CEO Huang’s gratitude toward Korea and to congratulate the country’s rise as a partner in ushering in the era of AI.”  
   
The video traces Korea’s industrial development and cultural milestones — including the “StarCraft” (1998) boom that swept the nation — noting that ""Nvidia GeForce became the gear of a new athlete"" for e-sports, referencing the company’s PC gaming GPU introduced in Korea 25 years ago.  
   


Nvidia founder and CEO Jensen Huang speaks at the APEC CEO Summit on Oct. 31. \[NVIDIA\]

   
""From the industrial revolution to the intelligence revolution, you’re charting the next frontier for Korea,"" concludes the video with a message celebrating Korea’s digital transformation. ""We’re honored to build with you — here in Korea — where the miracle continues.""  
   
The release coincided with Huang’s announcement at the Asia-Pacific Economic Cooperation CEO Summit in Gyeongju, North Gyeongsang, that the company will provide the Nvidia GPUs to Korea.  
   
In a press release Monday, Nvidia said it aims to “support Korea’s leap toward the era of sovereign AI.” The program will make up to 50,000 of its latest GPUs available through major domestic cloud providers including NHN Cloud, Kakao and Naver Cloud. The initial phase will deploy about 13,000 of Nvidia’s next-generation Blackwell GPUs, with gradual expansion in the coming years.  
   


Hong Jin-ho and Lee Yun-yeol compete in a StarCraft match during the GeForce Gamer Festival on Oct. 30. \[NVIDIA\]

   
Korean conglomerates are also building large-scale AI factories powered by Nvidia chips. Samsung Electronics, SK Group and Hyundai Motor Group are each developing facilities incorporating up to 50,000 GPUs, while Naver plans to install more than 60,000 GPUs in its infrastructure.   
   
These projects are expected to become the backbone of Korea’s AI-driven industrial innovation across manufacturing, mobility, telecommunications and robotics.  
   
Samsung is developing a digital twin for semiconductor manufacturing using Nvidia’s CUDA-X, cuLitho, Nemotron and Omniverse platforms, while expanding its robotics portfolio through Nvidia’s Cosmos and Isaac GR00T systems.  
   


Nvidia CEO Jensen Huang, right, drinks a glass of beer with his arms entwined with Samsung Electronics Chairman Lee Jae-yong, left and Hyundai Motor Group Executive Chair Euisun Chung during their causal dinner of chimaek, the Korean term for chicken and beer, in Samseong-dong, southern Seoul, on Oct. 30. \[YONHAP\]

   
Naver will add another 60,000 GPUs to its Nvidia-based infrastructure to support sovereign and physical AI workloads, develop industry-specific models for shipbuilding and cybersecurity, and create AI services tailored for Korean users.  
   
Nvidia said members of the Startup Alliance will be granted access to accelerated computing infrastructure provided by partners such as SK Telecom, as well as funding opportunities from venture capital firms including IMM Investment, Korea Investment Partners and SoftBank Ventures Asia.  
   
The company added that a joint research center powered by Nvidia RTX PRO 6000 Blackwell GPUs will support startups developing physical AI applications, while the Nvidia Deep Learning Institute will offer AI training programs to strengthen Korea’s work force capabilities.  
  
BY KIM MIN-YOUNG \[kim.minyoung5@joongang.co.kr\]

  
"
1on5okq,KoreaNewsfeed,Nvidia unveils investment plan with video celebrating Korea's achievements,Muted-Aioli9206,2025-11-03T13:08:55,2,0,https://koreajoongangdaily.joins.com/news/2025-11-03/business/industry/Nvidia-unveils-investment-plan-with-video-celebrating-Koreas-achievements-/2435331,"   
Nvidia has unveiled a large-scale investment plan in Korea’s AI sector, releasing a three-minute tribute video on YouTube that highlights the country’s technological innovation and partnerships with leading conglomerates and the government.  
   
The video, titled ""Korea's Next Industrial Revolution,"" is presented in Korean with English subtitles and was posted Friday. It commemorates Nvidia's collaboration with Korean partners and the upcoming supply of more than 260,000 of its latest graphics GPUs to the country.  
   


# Related Article

* [Nvidia chief's daughter behind high-profile business meeting at Korean chicken restaurant](https://koreajoongangdaily.joins.com/news/2025-11-03/business/industry/Nvidia-chiefs-daughter-behind-highprofile-business-meeting-at-Korean-chicken-restaurant/2435080)
* [Korea moves to join global top three in AI with Nvidia alliance](https://koreajoongangdaily.joins.com/news/2025-11-03/opinion/editorials/Korea-moves-to-join-global-top-three-in-AI-with-Nvidia-alliance/2434823)
* ['HBM97 and beyond': Nvidia CEO lauds Korea's chip prowess, eyes deeper ties with Samsung, SK hynix](https://koreajoongangdaily.joins.com/news/2025-10-31/business/industry/HBM97-and-beyond-Nvidia-CEO-lauds-Koreas-chip-prowess-eyes-deeper-ties-with-Samsung-SK-hynix/2434179)
* [Nvidia bets big on Korea’s AI future with 260,000 Blackwell processors](https://koreajoongangdaily.joins.com/news/2025-10-31/business/industry/Nvidia-sees-extraordinary-opportunity-seals-Korean-deals-for-next-genAI-GPUs/2434067)

“Korea,” starts the video. ""The nation that engineered its own miracle. You didn't just rebuild. You industrialized — through determination and sacrifice — faster than any nation in the world.""  
Nvidia said that the Korean voice used in the video was an AI-generated voice based on CEO Jensen Huang’s real voice. The company explained that the video was created “to express CEO Huang’s gratitude toward Korea and to congratulate the country’s rise as a partner in ushering in the era of AI.”  
   
The video traces Korea’s industrial development and cultural milestones — including the “StarCraft” (1998) boom that swept the nation — noting that ""Nvidia GeForce became the gear of a new athlete"" for e-sports, referencing the company’s PC gaming GPU introduced in Korea 25 years ago.  
   


Nvidia founder and CEO Jensen Huang speaks at the APEC CEO Summit on Oct. 31. \[NVIDIA\]

   
""From the industrial revolution to the intelligence revolution, you’re charting the next frontier for Korea,"" concludes the video with a message celebrating Korea’s digital transformation. ""We’re honored to build with you — here in Korea — where the miracle continues.""  
   
The release coincided with Huang’s announcement at the Asia-Pacific Economic Cooperation CEO Summit in Gyeongju, North Gyeongsang, that the company will provide the Nvidia GPUs to Korea.  
   
In a press release Monday, Nvidia said it aims to “support Korea’s leap toward the era of sovereign AI.” The program will make up to 50,000 of its latest GPUs available through major domestic cloud providers including NHN Cloud, Kakao and Naver Cloud. The initial phase will deploy about 13,000 of Nvidia’s next-generation Blackwell GPUs, with gradual expansion in the coming years.  
   


Hong Jin-ho and Lee Yun-yeol compete in a StarCraft match during the GeForce Gamer Festival on Oct. 30. \[NVIDIA\]

   
Korean conglomerates are also building large-scale AI factories powered by Nvidia chips. Samsung Electronics, SK Group and Hyundai Motor Group are each developing facilities incorporating up to 50,000 GPUs, while Naver plans to install more than 60,000 GPUs in its infrastructure.   
   
These projects are expected to become the backbone of Korea’s AI-driven industrial innovation across manufacturing, mobility, telecommunications and robotics.  
   
Samsung is developing a digital twin for semiconductor manufacturing using Nvidia’s CUDA-X, cuLitho, Nemotron and Omniverse platforms, while expanding its robotics portfolio through Nvidia’s Cosmos and Isaac GR00T systems.  
   


Nvidia CEO Jensen Huang, right, drinks a glass of beer with his arms entwined with Samsung Electronics Chairman Lee Jae-yong, left and Hyundai Motor Group Executive Chair Euisun Chung during their causal dinner of chimaek, the Korean term for chicken and beer, in Samseong-dong, southern Seoul, on Oct. 30. \[YONHAP\]

   
Naver will add another 60,000 GPUs to its Nvidia-based infrastructure to support sovereign and physical AI workloads, develop industry-specific models for shipbuilding and cybersecurity, and create AI services tailored for Korean users.  
   
Nvidia said members of the Startup Alliance will be granted access to accelerated computing infrastructure provided by partners such as SK Telecom, as well as funding opportunities from venture capital firms including IMM Investment, Korea Investment Partners and SoftBank Ventures Asia.  
   
The company added that a joint research center powered by Nvidia RTX PRO 6000 Blackwell GPUs will support startups developing physical AI applications, while the Nvidia Deep Learning Institute will offer AI training programs to strengthen Korea’s work force capabilities.  
  
BY KIM MIN-YOUNG \[kim.minyoung5@joongang.co.kr\]

  
"
1on5okl,PNW_skiing_boarding,Join the PNW skiing/snowboarding discord,Gnar_Police,2025-11-03T13:08:55,1,0,https://www.reddit.com/r/PNW_skiing_boarding/comments/1on5okl/join_the_pnw_skiingsnowboarding_discord/,"Do you ski, snowboard, or dick around on the snow in the pacific northwest? Everywhere from canada to oregon and maybe over to idaho? then join us  
[https://discord.gg/ygWEmcNDjP](https://discord.gg/ygWEmcNDjP)"
1on5g0q,newsPH,PH gets major investments during the sidelines of APEC 2025,News5PH,2025-11-03T12:53:11,2,0,https://i.redd.it/ha8cfz58uzyf1.jpeg,"Nakakuha ng malalaking kasunduan si Pres. Bongbong Marcos kasabay ng kanyang pagdalo sa 32nd Asia-Pacific Economic Cooperation (APEC) Economic Leaders’ Meeting sa Gyeongju, South Korea.  
  
Kabilang dito ang shipbuilding giant na Hanwha Ocean, na susuporta sa Philippine Navy Submarine Program at magbibigay ng training, technology transfer at partnership para mapalakas ang self-reliant defense capability ng bansa.  
  
Nakipagpulong din ang Pangulo sa DL Group, isang energy company na makikipagtulungan sa Meralco para sa compact nuclear plant projects.  
  
Kasama rin ang pakikipag-ugnayan sa Samsung Electro-Mechanics Philippines Corporation (SEMCO), na magpapalawak ng operasyon sa Calamba, Laguna at inaasahang lilikha ng higit 3,000 trabaho para sa mga Pilipinong engineer at technician."
1on5f9i,askvan,Best cemetery in the city,overwhelminglyodd,2025-11-03T12:51:48,1,2,https://www.reddit.com/r/askvan/comments/1on5f9i/best_cemetery_in_the_city/,"Looking to go out in the mist and fog to take some late night cemetery photography. Hoping to find cemeteries with large head stones, mausoleums, rich history etc. I've checked out Mountain View, St Peter's/Fraser and Pacific Heritage I'm willing to travel a bit out to Abby, Langley etc. 

I'm hoping to find something similar to Ross Bay cemetery in Victoria. Any suggestions? Thanks! "
1on5em0,reedcollege,Reed College Basalt Columns,GeoawareUSA10,2025-11-03T12:50:35,5,0,https://www.reddit.com/r/reedcollege/comments/1on5em0/reed_college_basalt_columns/,"Hi everyone! I just wanted to talk about the basalt columns displayed on campus. The columns at Reed College were sourced locally, from the Columbia River Basalt Group, a vast series of lava flows that erupted between about 17 and 6 million years ago during the Miocene epoch. These eruptions covered over 41,000 square miles of the Pacific Northwest with layers of basalt up to two miles thick, and as the lava cooled, it contracted to form the distinctive columns seen here today. You can find these basalt columns outside the Aubrey Watzek Sports Center. Cheers!"
1on5dd9,CanadianIdiots,Canada bolsters Indo-Pacific presence with new defence pact with the Philippines,yimmy51,2025-11-03T12:48:22,1,0,https://www.ctvnews.ca/world/article/canada-bolsters-indo-pacific-presence-with-new-defence-pact-with-the-philippines/,
1on5bbj,seaQuestDSV_2032,"In the forty-eighth podcast episode of 'WSKRS: We Share Knowledge Regarding seaQuest', hosts Alaina and Grant recap season three episode 4 'Destination Terminal', about the sabotage of an underwater train, Ford shows Henderson his dance moves, Lucas saves lives, Captain Hudson saves his crew members",FatFad1,2025-11-03T12:44:47,1,0,https://www.reddit.com/gallery/1on5bbj,"Images: NBCUniversal, Amblin."
1on5b2f,EEW,"🌎 Off Coast Of Oregon: Earthquake (3.6 Mgqm, at 07:10 UTC)",BrainstormBot,2025-11-03T12:44:19,1,0,https://www.reddit.com/r/EEW/comments/1on5b2f/off_coast_of_oregon_earthquake_36_mgqm_at_0710_utc/,"> 🌖 Earthquake! **3.6 Mgqm,** registered by GlobalQuake, 2025-11-03 07:10:59 UTC (gibbous moon), on land, *North Pacific* (43.87, -125.7) likely felt 60 km away (localhost:38002)

^2025-11-03T07:14:18Z"
1on57wa,u_Trekinformation,Solo Trekking vs. Guided Treks: Which is Best for Your Next Adventure?,Trekinformation,2025-11-03T12:38:35,1,0,https://www.reddit.com/r/u_Trekinformation/comments/1on57wa/solo_trekking_vs_guided_treks_which_is_best_for/,"If you are dreaming of epic trails but debating between going rogue solo or booking a guided trek, know that you are not alone. Whether it's conquering the Pacific Crest Trail in the US, scaling Jebel Jais in the UAE's rugged Hajar Mountains, or wandering the Haute Route through the European Alps, the choice really boils down to freedom vs. security. 

[Solo vs. Guided: Freedom on the edge or safety in the squad? Which trail calls to you? 🌄 #SoloTrekking #GuidedAdventures #HikeYourWay\\""](https://preview.redd.it/xyan07c0rzyf1.jpg?width=1200&format=pjpg&auto=webp&s=395faafbfd7f7cc68bc37d03b724762f71c70f2a)

I pulled together the main differences and risks, especially why solo can be a gamble, along with a straight-up recommendation based on real trekkers' experiences. Let's break it down – no fluff, just trail-tested insights.

Core differences: solo versus guided

Solo Trekking: You are the boss, set your own pace, make that detour to the hidden waterfall, and drink in the silence of the wild. It is all about that raw connection with nature-think setting up your tent under the UAE's starry night sky or writing in your journal at a misty European hut. No group drama, total flexibility regarding start times, and often way cheaper.

[Solo vs. Guided: Freedom on the edge or safety in the squad? Which trail calls to you? 🌄 #SoloTrekking #GuidedAdventures #HikeYourWay\\""](https://preview.redd.it/mioam8xsqzyf1.png?width=759&format=png&auto=webp&s=6104295eac7066ffc61fdb11257ae729b653fbf6)

https://preview.redd.it/fno0skdprzyf1.png?width=759&format=png&auto=webp&s=cf9cbb94df8e7752942f0e1d05f059fd9e65958f

Guided Trekking: Agency Bookings, City Structuring Pros lead the way with maps, permits, and insider tips; great for cultural deep-dives like learning Swiss cheese lore on an Alpine hike or how to survive in the UAE desert. Logistics are taken care of, and meals are included, a safety net woven from expertise.

Why [Solo Trekking is Risky](https://www.missingtrekker.com/missing-trekkers/?utm_source=chatgpt.com)\-And How to Weigh It

Solo sounds empowering, but it's not for the faint-hearted or unprepared. The big red flags? Isolation amps up everything: A twisted ankle on a remote US trail means hours-or days-to help; bad weather in Europe's changeable Alps can turn a day-hike deadly without backup. Navigation slips? Common in UAE's vast dunes-one wrong turn, and you're lost without signal. Health scares, such as dehydration or altitude sickness, or wildlife encounters-be it bears in the US or snakes in Europe-hit harder when you are alone with no immediate rescue. Stats show solo hikers face 2-3 times higher incident rates due to delayed response times.

That said, risks drop with preparation: satellite messengers such as Garmin inReach, offline mapping, route scouting. But honestly? If you're new or hitting unfamiliar terrain, solo's gamble isn't worth the ""I did it alone"" flex.

Which One's Best? My Recommendation

Go guided if you're a beginner, traveling to high-risk spots, like UAE deserts or high-altitude Europe, or just want to chill and absorb. It reduces the risks by 70-80%, opens the doors to epic stories and seamless vibes that are hassle-free, especially in US national parks where permits are an issue, or in hut-to-hut systems in Europe that tend to give preferential treatment in bookings to groups. I've seen too many solo rookies bail early from exhaustion or minor scares. Solo if you are experienced, want that introspective high, and have ironclad plans. It is transformative to the soul, much cheaper, freer, and a real test-but only after guided runs build up your skills. Bottom line: start guided in order to build up your confidence, then level up to solo. What do you think? Solo warriors or guide squad – tell us about your war stories below! Planning a trek soon? Drop your destination for customized tips.

\#SoloTrekking #GuidedTrek #AdventureTravel #USTrails #UAEOutdoors #EuropeHiking #SoloTravelTips #TrekkingEssentials #Wanderlust #HikingAdventures #PacificCrestTrail #JebelJais #HauteRoute #RiskVsReward #NepalTrekking #GuidedTrekking #HikeUSA #USAoutdoors #ColoradoHiking #REIadventures #AdventureUSA #Explore #uaeoudoors #Europeoutdoors"
1on5745,SwordAndSupperGame,Pacific Snapper and Bitterness,piefreak99,2025-11-03T12:37:15,2,0,https://www.reddit.com/r/SwordAndSupperGame/comments/1on5745/pacific_snapper_and_bitterness/,This post contains content not supported on old Reddit. [Click here to view the full post](https://sh.reddit.com/r/SwordAndSupperGame/comments/1on5745)
1on54et,PacificCrestTrail,The Weekly (r/PacificCrestTrail),AutoModerator,2025-11-03T12:32:08,3,3,https://www.reddit.com/r/PacificCrestTrail/comments/1on54et/the_weekly_rpacificcresttrail/,"This is the weekly thread. It's for wide ranging discussions in the comments. Do you have a question or comment, but don't want to make a separate post for it? This is the place."
1on53h2,nosleep,I went home to bury my mother. But she wasn’t dead. [PART THREE // FINAL],ashtrash1,2025-11-03T12:30:41,20,0,https://www.reddit.com/r/nosleep/comments/1on53h2/i_went_home_to_bury_my_mother_but_she_wasnt_dead/,"\-- [PART ONE](https://www.reddit.com/r/nosleep/comments/1ol8ejo/i_went_home_to_bury_my_mother_but_she_wasnt_dead/?utm_source=share&utm_medium=web3x&utm_name=web3xcss&utm_term=1&utm_content=share_button) \--      -- [PART TWO](https://www.reddit.com/r/nosleep/comments/1om3fbp/i_went_home_to_bury_my_mother_but_she_wasnt_dead/?utm_source=share&utm_medium=web3x&utm_name=web3xcss&utm_term=1&utm_content=share_button) \-- 

She was dead. I’d watched them lower her into the ground. And yet  here she was right in front of me. Close enough to touch. Hold. Not cold like before. She was warm. Full of something I didn’t dare call life. 

“Baby,” she said. HER VOICE. Her actual voice. None of the rest of them. Not like Tucker’s rattling glass or Dolores’s flat inflection. This was *her.* 

George stared. Held back by a dozen converted. “Kate, don’t–” 

But I couldn’t look away from her. The way she moved. The way her smile pulled to one side like it was attached to a piece of thread. 

“I missed you so much,” Mom said. She reached for me. I felt her arms wrap around me. And I was a little girl again. Resting my head on her shoulder. My eyes tightened and I began to cry. I didn’t care. “That’s it. That’s my girl. Just let us hold you.” 

I looked up. Past George. High above us -- jutting out -- a metallic grey formation catching the dim red light. Galena. Lead ore. The miners called it a silver belly. 

*– the silver belly – where crows turn their back –* 

Mom's notebook. The words that seemed like madness.

Dead birds littered the ground beneath the formation. Decades of them. Skeletons and fresh corpses. All facing away from the galena. Like they'd tried to flee mid flight before dropping. 

A gas pocket. Methane accumulating in this natural silo. The birds had flown in, hit it and died instantly.

The organism didn't breathe. How could it know?

“We can take it away. The guilt. The pain. All of it. We can make you *whole*.”

Suddenly the little girl George had hit at the cemetery moved closer. Her jaw hung on by a tendon. Black fluid seeping from the bone. Inside the wound, I saw them. Those eyes. 

Thousands of them. Moving like a millipede in the dark.

“I’m sorry, Mom.” 

I pushed her away with all my might and lunged. Not at Mom. But at the little girl. 

My palm sank into the wound. The black coated my hand. Burning. Eating into my skin. 

There was no pain. There was only pain. Numbness. Agony. At least this pain had purpose. 

""What are you doing?"" Bennett scrambled back. “You’ll–” 

I ran. Straight toward the galena. 

The organism recoiled. I felt it as I entered the dead zone. The heat threads connecting it to the converted stretched. Thinning. People stumbled. Breaking connection. Breaking the hive. 

Mom’s face flickered. Her expression shifted. Confused. Then angry. “Katie, no–” 

I slammed my black-coated ruined hand against the rock.

There was a SPARK. 

I dropped. Covered my head. 

The gas ignited. A blue wall of flame raced across the pocket. A blast of heat rolled over me. The organism's surface blistered. Splitting. Spraying that black from the cracks.   

The sound it (all of them) made wasn’t a scream. It was a frequency. A low vibration. Deep. Like the mountain itself was screaming. It rattled my teeth. I was blind. For a moment. 

When my sight returned. Everyone in the cavern clutched their heads. All at once. 

I crawled to George. Shook him hard. ""Wake up. NOW Goddamnit.""

He was alive. I pulled him to his feet. Pointed up. ""The ventilation shaft. There.""

Dad had shown me when I was young. Every mine had them. Cut-outs to let gas escape. Thirty feet up. There it was – a rusted metal grate.

We stumbled. Pushing aside bodies. 

Bennett stayed. Crawling toward the organism. Still begging through broken sobs. 

""Please. I did everything. Take me.""

Rock sheared from the ceiling. Crushing his legs. He didn't scream, though. He laughed. One hand on the organism as the mountain came down around him. 

""Finally,"" he whispered. Then he was gone. 

George boosted me up. I grabbed the grate opening and pulled myself inside. 

""Faster, Kate! Move.""

George reached up. I tried to grab him with my good hand. As rock rained down, I pulled him up. We started crawling. Elbow and knees. 

I looked back one last time. Through the dust, I saw Mom below. For a moment, her eyes cleared. Then something pulled her back. Swallowed her. Gone. 

The mountain bellowed again. 

Millions of tons of rock folding in. Sealing all of them inside. 

The shaft angled up. Tight. Dark. Smoke and dust choking us. Still we crawled. Scraped. 

Until we reached rungs. And the light. 

\*\*\*\*\*

We emerged onto concrete landing. New construction. Clean. Some kind of safety retrofit they’d added when they reopened the mine. The ""new"" entrance. Two miles from the old one that Bennett took us down.

We must have looked like we’d crawled out of hell. Covered in soot. Blood and ash. 

My hand was gone. Not gone. But fucked. The black stuff had eaten through skin and muscle. I could see charred bone. It must have been the shock because I couldn’t feel anything. 

I looked back at the mountain. Smoke rising. A pyre visible for miles. 

George collapsed beside me. Breath shallow.  

""George?""

Nothing. His eyes rolled back.

I tried to stand. Tried to pull him up. My legs gave out. Vertigo. I hit the concrete and lay beside him, staring up at the empty blue sky. 

Then I heard it. A whirring hum. Getting louder. 

A drone descended. It hovered maybe a dozen feet above us. The camera eye adjusting. Focusing. Recording.

""Help,"" I screamed up at it. “Please. Help us.” 

The drone didn’t respond. It just watched. Steady. Waiting. 

George’s body jerked. Once. Twice. Seizing up. Gas exposure.

I tried to hold him still. The drone moved closer. I could see myself in the lens. Covered in filth and bleeding. 

For a split second, I thought: *This would get millions of views.* 

God help me. I kept my good hand on George's chest. Felt it rise and fall. Rise. Fall. Again. And again. And again. 

The drone just hovered. Adjusting its angle. Documenting. 

“HELP!” I screamed at the drone. “FUCKING HELP US!” 

Then I heard voices. By then, he'd stopped breathing. 

""Over here! I got eyes on them.""

First responders in full hazmat suits. Military. They’d been waiting. How long, I don’t know. 

Hands grabbed me. Pulled me away from George. They strapped me to a gurney. An isolation stretcher. Plastic over my face. I could see through. Barely. I saw them work on George. 

The drone followed as they loaded me into an armored Humvee. It’s eye still recording. 

""Where are you taking him?"" My voice muffled in the tube. 

No one answered.

\*\*\*\*\*

I woke in a room with no windows. The air tasted sterile.

I tried to sit up. My right hand was wrapped in gauze.

""Don't."" Said a woman in a hazmat suit. CDC badge visible through the face shield.

""Where am I?""

""Safe. But quarantined. For now.""

""And my husband?""

She shook her head. 

I felt nothing. I was used to losing things by now. 

""How long have I been here?""

""Five days. We had to sedate you. Clean up the hand. And the rest.""

She didn’t offer to elaborate on what exactly that meant. 

""And the town? My mother?""

She looked away. That was answer enough. 

They kept me for three weeks. Tests. Scans. Blood work. Psych evals.

I told the truth. 

They gave me a different one. A version of events. Trauma. Gas leak. Hallucinations.

""Losing a mother and husband can manifest in complex delusions,"" the psychiatrist said.

I nodded. Played along. There was no point evading. 

They showed me documents. Official statements from “the mining company” about a methane explosion. Tragic accident. Structural failure. The government expressed condolences. Same language as “the mining company” and all those old reports. Different decade. Same lies.

They gave me papers to sign. NDAs. Legal releases. Liability waivers. Who knows. I lost count. 

I skimmed pages of dense text until one phrase stopped me cold: 

>*...the incident contained at the Gatenville site pending investigation of additional extraction locations...*

Additional extraction locations.

I looked up at the lawyer. ""What does this mean?""

""Standard language. Formality.""

I wanted to demand answers. But they'd already decided the truth. And I'd already agreed to silence for a settlement check with seven zeroes. I imagine it was that or an unmarked grave. 

So, I signed. My new name. The one I can’t tell you.  

\*\*\*\*\*

Six months have passed. I'm living in Carmel. Alone. 

I own a small furniture shop. Estate sale finds mostly. Things I can restore with my good hand. The amputation and scarring nearly reaches my elbow. I mark it with a pen every week. Just to make sure it's not growing. The good news is… it’s not. 

I live in a one-bedroom with a view of the Pacific. No phone. No internet. 

My 800,000 followers – abandoned. All those carefully curated posts gathering digital dust.

>*“Where are you, Kate!?”*

>*“Miss your content!”*

>*“I need help with a breakfast nook. Are you alright? ”*

No. I’m not. But I’m here. This my life now. I mostly keep to myself. I sit on benches and read books. And when I’m not, I watch people. Their eyes. How they move and breathe.

Last Tuesday, a letter appeared under my door. No postmark. Just my name in handwriting I instantly recognized.

>*Kate,* 

>*We miss you.*

>*One day you'll come home again.*

>*Because everyone gets tired of being alone.*

>*Your mother sends her love. So do I.*

I burned it over the sink. Watched it curl into itself and disappear. 

Didn't sleep that night.

In the morning, fog came in thick over the shore. I noticed a man walking his dog down below. He stopped and looked up at my window. 

The dog barked. Pulling at the leash. Flaring teeth. 

But the man just stood there. Staring up at me. 

Then he shook his head. Snapping out of it. The dog calmed and they just walked on.

Maybe it was nothing.

But I'm thinking about moving. Further away. Some island maybe.

Because I know they'll find me eventually. 

How long do I have? Days. Months. Years.

George was right. Everyone gets tired of being alone.

I'm just not tired enough.

Yet."
1on4nqk,GraffitiTagging,Freight fetish,Halfway2the-moon,2025-11-03T12:02:56,2,0,https://i.redd.it/04co8tkclzyf1.jpeg,
1on4j3d,newsPH,Panawagan ni Pres. Bongbong Marcos sa mga investor,News5PH,2025-11-03T11:54:35,3,1,https://i.redd.it/7b4cplmtjzyf1.jpeg,"Hinikayat ni Pres. Bongbong Marcos ang mga global investor sa Asia-Pacific Economic Cooperation (APEC) CEO Summit na mamuhunan sa Pilipinas.

""The Philippines offers more than just a strategic location at the heart of the region. We bring a dynamic workforce, a thriving innovation ecosystem, and an unwavering commitment to sustainable and inclusive prosperity,"" parte ng kaniyang talumpati.

Ibinahagi rin ng Pangulo ang patuloy na pagpapalakas sa digital infrastructure, connectivity, data governance at cyber resilience sa bansa.

""We are fully prepared to work with you in transforming these ideas into real tangible results."" "
1on4fbo,SDTechScene,"San Diego Tech Events Nov 3-Nov 8, 2025",phelansd,2025-11-03T11:47:58,2,0,https://www.reddit.com/r/SDTechScene/comments/1on4fbo/san_diego_tech_events_nov_3nov_8_2025/,"Sign up for weekly emails to get the next 7 days of San Diego tech events right in your inbox [https://sdtechscene.org](https://sdtechscene.org) 

# Monday, November 3

* **9:00 am – 11:00 am** · [Little Italy San Diego Tech Coffee](https://sptr.eomail5.com/f/a/ws17P5Kapp6aY_6Zsd3tAA~~/AAAHURA~/BYciylVPKtzHbsHf4rNr4O3uQiOqkskcYVEM2QXTQtuoRUJGScDI52xrNNzRlJrzy5kY3_MMtg5k2FPoL7qqIwpH2xfxC0mjhJOtp_KNQ4Y_KNnm4Ryvf2wFqHTPqAGOfUTtM0j-lklpuVhDg9fmFfPFSRGHqS1EQt08AZPAEJh7X3FUxJu5B1xKClfzapRlitygNJpscrgMluhCS11LDiDC0R35M4iGrDi8sr95tlk~) *Portal Coffee, 1495 Pacific Hwy, San Diego*



# Tuesday, November 4

* **7:00 am – 8:00 am** · [Scared to Speak in Front of a Group? We’ll Help You!](https://sptr.eomail5.com/f/a/NPV67QOaRj5OsX3vnRLjog~~/AAAHURA~/nrhy7TB0Lxe7sveyY6eDBEpNg2ac-JdPpISRZAFwkx3PUW_h7LATb0oTiPxVmkGtdPucqw3Ybri1Tt8CzoFKQjAwaRzK9pWTCg4-yRFBh5TTM6FiF0ICmPw69Mzi-KAyVdPpqFMBS9Cc650w6xPRkpqqrTzydaQK5JZ2HlwhAdz7p2vP8gmFTRiARSGV-zXvd-M-L0Ir5HOGGWMR-qcsKozo02_Fe0e0sgWnOp9mSF8W2qoa1aQlhMaxe0_Qky2q) *6750 Paseo Del Norte, Carlsbad*
* **9:00 am – 11:00 am** · [San Diego Tech Coffee Online](https://sptr.eomail5.com/f/a/MhlqiKo9OQFlrnTRUNw8IQ~~/AAAHURA~/eIZ8_PKBTlWmQxP4cpLrhm1B83gLOkRt5VTBiGMqoSf5kXVxcwDnUAEL_gMMZzy0BU1xyG0SSpKlh7JBQU31z4jnE-CaXUBAazhcVFnB4fF5VnU6faZjY1Ro9Vnhodfc5bQzFYpGHUyud-YvGMbPHTOr5Xl6SrxvhlYLK3TU1DjFdpuQ3ZwbCvnocGP9XhXg1H39lXTH4W0yIJ4EK51vHk9-JPtlmQpTJy526R2pw8s~) — *Virtual*
* **9:00 am – 11:00 am** · [San Diego Tech Coffee – Lestat’s (Normal Heights)](https://sptr.eomail5.com/f/a/1R7YSu3gSTYEUkA-DrDv-g~~/AAAHURA~/EBuNrK_XxV2i-6g1U9MqAi1sRd7owGjJ--XpwWLMBOGduV-iuTl_aKQjDuQtbYZuGxJ64A9cOr0-NNm5UMXH41oVA-XZ23aS4GFWkFYzRPElpE_kGFukCL6R47mmQ1_ZAP0CXJl-lJjU5MJQiEhZXH4EXZfdxlWtfAhFDWGqRcKg4-73CGjcACSL8WXDHx-LQYOwDOJyGxKC1ZCU7EZ2XWNcAqixzwQaTRr5lfcLYNQKeBjAK4QqtUBNxXK4rVWq) *3343 Adams Ave, San Diego*
* **11:30 am – 1:30 pm** · [Innovations Beyond Borders](https://sptr.eomail5.com/f/a/h52LRI4qnjNoI0pAT3_RrA~~/AAAHURA~/KePgSXvXaP7pvq7wOhqYXqa4T2LilNOu0tz3sQsvM4jL71Oc9svZ6h99gpKFe2vq39BfXrCkHL1y2oBZpj_uLS6uSZSyprwr4pPXw33J5WExRpRaAAoVJVcYlWydEtQT3WxM7oEQyaoa9lb8AQEQG6Ue-TmwOzgvwQd9MynR53Rwwl6l70d6z-fv2KVxMG36agGI6AFMyr8EBi-xRoUShQ~~) *San Diego State University, 6075 Aztec Circle Dr, San Diego*
* **6:00 pm – 8:00 pm** · [North County Coders In Person](https://sptr.eomail5.com/f/a/0zxDaqCXI8Iw0enUJ4olIg~~/AAAHURA~/-wd4wssdvMa0AMZCULCZeRWSFp0d0ZSN0NRMt60BM9Ewk7Li-hINhXKKg2JJnZNoXd3bvlJ5cnkYsiOKt2jPO0NwrExyeJBf2faYBq4NMycpTZys1C0OcqXQpHVFMn1DeXxEet9qOKlwnnEc5OjwtODouFfKema97TaXMB26lmFO86ySfqKvHeRtgEAH7_zOLgSvBoQ-7IPjIdvh756KpmHGoGlnq_WuaJwqkdZXoOs~) *Honest Medical, 1935 Ave. del Oro Ste E, Oceanside*
* **6:00 pm – 8:00 pm** · [San Diego’s NFT, Digital Art & Cocktails Meetup](https://sptr.eomail5.com/f/a/qI_wC9VSWW2-cz9QI2Ipwg~~/AAAHURA~/O7mkQin7ApM1J7bJjTYzqjFtB7GQEL5K1spmIYEOe1q_0NZTh8wn7hukrbYbAMdloeramV_ip9eK9Bjnn6ogRF03yV9ewUC7AXzLkPx4bqFIxSjAOokd_FDH2a8hZ6Lx1SKK366nt6dLLhKTB_CJDYE0YvdgUZPdVP5T8lDjs22Prtu_P4kIjS3wkK1Sj_vXWTsw4z8b4gfsHNKpq_Zymiu4tt14ki4xhUrqUqYXbi2waVTRiOvc58yy5cQtBTqO) *Botanica Art & Cocktail Bar, 3139 University Ave, San Diego*



# Wednesday, November 5

* **9:00 am – 10:00 am** · [1 Million Cups](https://sptr.eomail5.com/f/a/3-vd6XyIxh8LU-uZvCH3Xw~~/AAAHURA~/a7LDPk1FTbxTtHq-yw-QprOjKL551Om6Cu1sjyZRFS_kt9sKBuEE9wf13KBNAtZLHAK-x_XilNNTHIh_aeCW8ar3JZ0sDVNzl0dxH96217vptx-cNJx2veprlRLEGoP_dLCEeAB4XCChQ4i8mrMtzPL3lAZxk7jI5tiLZj9zUxwIqWMssWqtJPxmEsk2ISMeEiuZIQlc3EQKvj3zulwSMw~~) *Ansir Innovation Center, 7670 Opportunity Rd #255, San Diego*
* **9:00 am – 11:00 am** · [San Diego Tech Coffee Meetup](https://sptr.eomail5.com/f/a/bm7ghc1HfZOxx6_gTlQaMA~~/AAAHURA~/tpkWtCe7-NlPH3h0-MGK1SXmgwGIWNkGSyV0hrolGVHmXwPHPncGw4EbzMMafGzTxVc7FyddLcbc3ZlHKQFI29Z25MkM4F_w9JiNsdzhybt_ZqiEHnjVRql-vUGdWWGOCW9XmjmtiHJ0aii-TcjQgpBAk_2bRbwQj4YWxtfz6Z3kdIKREYjWKUmu2gfqTQfpqPKjHfA7uc5XIbhyND6BJ0V4OdBh-X3z-b9bzuOvlP4~) *Parfait Paris, 12841 El Camino Real Suite 208, San Diego*
* **9:00 am – 11:00 am** · [AI Coffee](https://sptr.eomail5.com/f/a/LtBpnDO1yMMQhI22EtlgVg~~/AAAHURA~/0XL-pd3LOk2HvEq-W9No_XG5TFK1aLi-r4AJW2A-EE2TdOv73uSTxvAuMCXAxPoSgQCEUx2McuuQ0yN0y4H08pZPwHu1-kttwy4vncRz9A64x0HTGfkqlHGobmrBZ2Iut31I-i5CU375tCUvIFVz2aPz9bYmfkmdLlR2aMv3fqlzk5TQMp4R_waLcOxIQ9ej) *San Diego, CA*



# Thursday, November 6

* **8:00 am – 11:30 am** · [State of the Cleantech Industry in San Diego](https://sptr.eomail5.com/f/a/ANpoyHLzUt8dh7DzV1ylWw~~/AAAHURA~/guz065P4edg4oeerRL1M2Hz8-FJI1uZ8fNVaPDMviZg75cGz1Gc1LcBu28PDhHcqNAR177lUx9kSYGrhAuagOx4vfNGd_PYv0Xx80xzhD1VYA3MOl158Mb7wG28ts4JFATyC4JPL5KgGYXqglLNkFrl4-7zCZ6XWVCxqUhacwBV8fkRWWDfiF1JoSOE1ICuHYGFf7ith80Av4DpgnsnQVCUmiflqZCC8-MKVUrzZR08~) *Sanford Consortium for Regenerative Medicine, 2880 Torrey Pines Scenic Dr, San Diego*
* **11:00 am – 12:30 pm** · [Coffee, Networking & Success: Entrepreneurs and Investors Unite](https://sptr.eomail5.com/f/a/GCrEd-HklEqyTdk5YTRDyQ~~/AAAHURA~/vHBdWqjFb4--YhkcxzP9AbXWQghEnbAg3X1e0iaJ25b2oQAuB1-GnW9dPYWLsqGU1fmqdOL-R8ziEquhYfWbz_kahw04KW31XgJdwlLlNudlEkch0OYg6O2e0tQoIj7jROS_xfXz0eFFvCkd7wPnyJA7P79k0tsool37FTYJhvI5oxDE7IZOHdHtbX93z02Qk2pOc0r6t76p0QYBQN_vme3IlmU0GKnqHn9xVjsbqlxtvnDijAzGvJ4ELdzZZjlt62q5GjbDPTRodFyihh1WIw~~) *San Diego Mission Bay Resort, 1775 E Mission Bay Dr, San Diego*
* **2:00 pm – 4:00 pm** · [Weekly Coffee Chat](https://sptr.eomail5.com/f/a/KxZsjQCGb3paEGNF-kEVGg~~/AAAHURA~/Jlc9FLoN_1u0epAcZo_LfclKIsltONxmGpZ8XNlz2fBl_UJ3kD30SpsZaqawIC7SjiQwl6qM2VarLeja0Jym3Y7GD3aZq3Et8aOWbi6ewscyLA5Usv6lYiSzpzBPKMgDKpd6m2zQSx88BA0S6KG4tviJnsPBcU3gJQ3n9B5nofPiOdFTjzhvsYwIhCSoFR6fUH32pI9cZn13UOTTEJ-KjA~~) *Mostra Coffee, 10550 Craftsman Way Ste 187, San Diego*
* **5:00 pm – 7:00 pm** · [Virtual Coders Super Meetup!](https://sptr.eomail5.com/f/a/QDfrpaAS5ngAGAmIZ_3BtQ~~/AAAHURA~/snDlY-adMmdnd7GbU00BDZ6kUhgl9uOb_ANJQLsd0TNLY49ycQxWGLbkwekQ46v3KGSBFsIWKBpisDoA__QApoQ-jxVta74_MQ0OMlCSjxa4zgMvrT6g1XJzKKlnaSxOj4s67Nktfjzo2chyCZIW1CGfJ59KSQeFTyPP_OGa5cYiiVOwVfQQNBz58oPAciDV-w70_10msX89asRFlzoYOEo9hq6v0CJ1jJYZdP86Ozg~) — *Virtual*
* **7:00 pm – 9:00 pm** · [SDBUG Meeting](https://sptr.eomail5.com/f/a/o08rTba77Y-BOavorNtG_A~~/AAAHURA~/cExnR6GVBzRC-eATqoZom8Pqi9iD2kLG8oRSuEQMZYbjmnp7XeYBcmJjQuuNSKy988GB5IwZONDApFCYtzx3E4WZno8f-IUGD4-5W8nf0FjX7vuJrRXhCiOwEo2bHlQpLWm72-I8UezM1xx3HaSJqJt4NpcSYvGNoev4Nks6Mlxmq-UtcC2GbisOylB3yRJ2--8rFlO9kLLvbDU9TKhd1A~~) *AleSmith Brewing Company, 9990 AleSmith Ct, San Diego*



# Friday, November 7

* **9:30 am – 12:00 pm** · [1st Friday South Bay San Diego Tech Coffee](https://sptr.eomail5.com/f/a/njWXCZDZGRweo-rBNGOX4A~~/AAAHURA~/bQoz6bGALciqj0LCEuxfa6AsGQyhpm28cMzzLhBY3HS-AQos2H6EcY3rHuWZO7NCRfAKXf1bj7Iru8PbIzRf4XbUlW2xYE5XpegS8LnUG-66r5wmvCYIYAe-9cPo4TCSq4xF3CP-mEfEK4-kDgDVfTGxT78L3rSzb6WnceRzcif7zP6MYUBexdSnpILw4AnfluuooR5Wyh9UGVIw5SkSuAeFrlR281_0GT1vAHhGS4C6T6f9a9UEQjXbycY4imyf) *Cool Down Coffee, 750 E St, Chula Vista*
* **10:00 am – 1:00 pm** · \[UX Speakeasy Café — Coworking Fridays\]"
1on49ld,SanLuisObispo,Diablo Canyon Attempted Land Grab Underway,Fun_Homework_2226,2025-11-03T11:38:00,5,2,https://amp.sanluisobispo.com/opinion/us-viewpoints/article312731127.html,"The attached article contains a letter from State Senator John Laird and Supervisor Bruce Gibson, advocating the for state to acquire through mitigation the entirety of the 12,000 acre PG&E Diablo Canyon Property. Additionally, Laird argues that PG&E should contribute millions in endowment monies to fund activities on the lands such as trails and campgrounds. 

The main argument from the letter is the impingement and entrainment of aquatic organisms from Diablos cooling system which uses the Pacific Ocean water. The issue of impingement and entrainment has been studied exhaustingly. The NRC reviewed this issue in PG&Es Environmental Report as part of DCPPs license renewal application, in consultation with the US Fish and Wildlife Service, NOAA, and the National Marine Fisheries Service and came to the following conclusion, “ ** The available information indicates that impingement and
entrainment is not destabilizing or noticeably altering any important attributes of the aquatic
environment during the Diablo Canyon current operating license term.** “

Laird and Gibson, two notoriously anti-Diablo politicians, are sensationalizing long-closed issues to support local groups who aim to seize the property for their own gains. Additionally, Lairds statement, that PG&E should pay millions in endowments, for trails they’d like to operate after the property has been stolen, amounts to a tax on ratepayers who will have to foot the bill for this six to seven figure endowment. 

This is on top of the fact that Diablo Canyon has offset millions of tons of carbon emissions, is 20% of the states GHG free energy, has resulted in the protection of 14 miles of coastline, and provided millions of dollars to local schools and thousands of head of household jobs. License renewal doesn’t involve any new development or impacts and the state shouldn’t set precedent for this sort of mitigation when there is no nexus. "
1on49ep,conspiracywhatever,Taking On China in the Pacific: Target Corruption or Don’t Bother - RealClearDefense,zsmithworks,2025-11-03T11:37:42,1,0,https://news.google.com/rss/articles/CBMivAFBVV95cUxQQXg0cGV2SHlyTmZNR1JCbVY0cUxybkFKX3ljTHNtMkRjRjVKa2hta1hJb0R4MVQ4azMyNnpuOEFfdVllXzBDMEV0TGtsWVJLenIzVnJNZVFrdTJINjNvekhXSWFNUDhyV1pHNWhOU05pbEhGMHZPdF9ENnctWXJfbUwyZzVLNHZYTGMybmtiUnNDcTdLRFV6enQ2Nm9fWUJuZnN6TDdSZXdId25VbUt1YW1jQ1RWdndaSTM2Ug?oc=5&hl=en-US&gl=US&ceid=US:en,
1on48cf,weho,"West Hollywood to Host Grand Opening of STORIES: The AIDS Monument, Nov 16",liverichly,2025-11-03T11:35:54,9,0,https://i.redd.it/8lkkqe0cgzyf1.jpeg,"[https://wehotimes.com/west-hollywood-to-host-grand-opening-of-stories-the-aids-monument-nov-16/](https://wehotimes.com/west-hollywood-to-host-grand-opening-of-stories-the-aids-monument-nov-16/)

>  
West Hollywood will mark a historic and emotional milestone Sunday, November 16, with the grand opening of **STORIES: The AIDS Monument**, a permanent memorial honoring those lost to AIDS and celebrating the resilience, activism, and compassion that emerged from the epidemic.

>The public unveiling will take place from **4 to 5:15 p.m.** in the **outdoor courtyard of the Pacific Design Center** at **750 N. San Vicente Blvd.** Seating begins at 3 p.m., and attendees will be invited to walk through the monument following the ceremony.

>...

>Presented by the **Foundation for the AIDS Monument (FAM)** in partnership with the **City of West Hollywood**, the event represents years of collaboration between artists, community members, and advocates who worked to create a lasting tribute to the stories of those affected by HIV and AIDS.

>The AIDS Monument — located across from West Hollywood Park — features interactive elements and storytelling components designed to educate and engage visitors about the history of the epidemic and the continuing fight against HIV/AIDS."
1on489u,tradelogik,"Morning Briefing — Markets, Crypto & Macro Overview (Nov 3 2025)",Choice-Spinach9131,2025-11-03T11:35:47,2,0,https://www.reddit.com/r/tradelogik/comments/1on489u/morning_briefing_markets_crypto_macro_overview/,"# Crypto / Blockchain / DeFi

* XRP‑linked ETFs (XRPI & XRPR) jumped \~7 % ahead of an expected launch following finalisation of Bitwise Investments’ S‑1 filing. [Trading News](https://www.tradingnews.com/news/xrp-etfs-xrpi-and-xrpr-rally-7-percent-as-bitwise-final-sec-filing?utm_source=chatgpt.com)
* Crypto markets slipped as investors awaited U.S. jobs data and digested comments from Scott Bessent about interest‑rate risks. [Decrypt](https://decrypt.co/347138/crypto-prices-slip-us-jobs-data-bessent-flags-rate-risks?utm_source=chatgpt.com)
* The European Commission is exploring a regulatory structure akin to the U.S. Securities and Exchange Commission to bring both stock and crypto exchanges under stronger supervision. [TradingView+2Financial Times+2](https://www.tradingview.com/news/cointelegraph%3Af9dd5006b094b%3A0-eu-mulls-sec-like-oversight-for-stock-crypto-exchanges-to-bolster-startup-landscape/?utm_source=chatgpt.com)



# 2) Equities / Markets / Companies

* Asian stocks rose (MSCI Asia‑Pacific ex‑Japan +0.35 %) on Monday, bolstered by U.S.–China trade optimism and AI sector enthusiasm; the U.S. dollar stayed near a three‑month high. [Reuters+1](https://www.reuters.com/world/china/global-markets-wrapup-1-2025-11-03/?utm_source=chatgpt.com)
* Indian equities opened lower as investors took profits after strong prior gains. [Reuters](https://www.reuters.com/world/india/india-stock-benchmarks-begin-november-positive-note-2025-11-03/?utm_source=chatgpt.com)
* Urban Company shares fell \~6% after reporting a wider quarterly loss post‑IPO. [Reuters](https://www.reuters.com/world/india/indias-urban-company-slumps-posting-wider-quarterly-loss-2025-11-03/?utm_source=chatgpt.com)



# 3) Macro / Central Banks / Geopolitics

* Reserve Bank of India stepped in to support the rupee as it neared record lows, amid concerns over bond‑market liquidity. [Reuters](https://www.reuters.com/world/india/indian-central-bank-steps-help-rupee-avert-fall-past-record-low-traders-say-2025-11-03/?utm_source=chatgpt.com)
* Bank of England is likely to slow its rate‑cut cycle this week, with markets pricing only \~33% chance of a cut. [Reuters](https://www.reuters.com/business/bank-england-likely-slow-rate-cut-cycle-this-week-2025-11-03/?utm_source=chatgpt.com)
* Reserve Bank of New Zealand’s stress test found its five largest banks are well‑capitalised and able to withstand severe geopolitical risk scenarios. [Reuters](https://www.reuters.com/business/finance/rbnz-stress-test-finds-top-banks-strong-against-geopolitical-risks-2025-11-02/?utm_source=chatgpt.com)
* Indonesia’s imports rose by 7.17% y/y in September, exceeding expectations and raising questions about underlying demand/supply dynamics. [Reuters](https://www.reuters.com/world/asia-pacific/indonesia-imports-rise-stronger-than-expected-717-yy-september-data-shows-2025-11-03/?utm_source=chatgpt.com)"
1on44qv,NHLHUT,Team so far still trying to fill out my salary cap space,HONKEYBALLS902,2025-11-03T11:30:03,0,1,https://i.redd.it/b2sqh0dhfzyf1.png,If anybody has a good idea lmk i have over 300k coins to work with
1on44ak,fragranceswap,"[WTS] LV Pacific Chill 100ml, Mind Games Blockade 100ml (bottle)",bbreezy0,2025-11-03T11:29:16,8,3,https://www.reddit.com/r/fragranceswap/comments/1on44ak/wts_lv_pacific_chill_100ml_mind_games_blockade/,"https://imgur.com/a/dJwyO9U

Pacific Chill about 60% full - $230 shipped 

Blockade about 85% full - $190 shipped 

CONUS ONLY

Lmk if you want more pictures! "
1on44ab,skiing,PNW Skiing discord server,Gnar_Police,2025-11-03T11:29:16,3,2,https://www.reddit.com/r/skiing/comments/1on44ab/pnw_skiing_discord_server/,"I noticed there is no dedicated discord server relating to skiing in the pacific northwest of north america. so if you would like, please join: [https://discord.gg/ygWEmcNDjP](https://discord.gg/ygWEmcNDjP)"
1on42cz,jobboardsearch,"📢 is [hiring] a Contractor - Compensation Consultant - Pacific Biosciences - Menlo Park, California, United States!",rrmdp,2025-11-03T11:26:01,1,0,https://jobboardsearch.com/redirect?utm_source=reddit&utm_medium=bot&utm_id=jobboarsearch&utm_term=www.compensationjobs.com&rurl=aHR0cHM6Ly93d3cuY29tcGVuc2F0aW9uam9icy5jb20vam9icy9jb250cmFjdG9yLWNvbXBlbnNhdGlvbi1jb25zdWx0YW50LTU1YjRjNDM3Lz9yZWY9am9iYm9hcmRzZWFyY2g=,"Company: 

Date Posted: November 02, 2025 📅

Work Type: Contractor ⏰

Categories: #humanresources #finance #senior #fulltime




Apply & Description 👉 https://jobboardsearch.com/redirect?utm_source=reddit&utm_medium=bot&utm_id=jobboarsearch&utm_term=www.compensationjobs.com&rurl=aHR0cHM6Ly93d3cuY29tcGVuc2F0aW9uam9icy5jb20vam9icy9jb250cmFjdG9yLWNvbXBlbnNhdGlvbi1jb25zdWx0YW50LTU1YjRjNDM3"
1on411g,TrainPorn,"Chicago & North Western class E-4 streamlined Hudson sails through West Chicago, Illinois with one of the Union Pacific Challenger trains in September 1945. The second car in the train is a U.S. Army hospital car. Photo by Henry J. McCord.",Tony_Tanna78,2025-11-03T11:23:47,29,0,https://i.redd.it/e0cr7i8dezyf1.jpeg,
1on40hm,TheSimpsons,Mr. Teeny quit cigarettes and needs some support from his coworkers while going through nicotine withdrawals,SirDouchenstein,2025-11-03T11:22:50,22,1,https://i.redd.it/xz6tdo37ezyf1.jpeg,Just messing around taking some pics of The Simpsons Jakks Pacific 2.5 inch figures
1on3uv6,NHLHUT,I'm REALLY happy with my team,cyberiouse0,2025-11-03T11:13:39,0,3,https://i.redd.it/82p04g0kczyf1.png,I'm most excited that I not only got to keep a version of my favorite line(2 Blackhawks +Selane) but hit to give it a MASSIVE upgrade AND add a player from my second favorite team. My D isn't the greatest but I can live with it. 
1on3ud9,geography,What Factors Would Need to Occur for the Southern 1/4 of Florida to Have Tropical Rainforests?,LetsGet2Birding,2025-11-03T11:12:50,2,5,https://i.redd.it/kckkx133czyf1.jpeg,"South Florida is already technically in the Neotropics and is so tantalizing close to having a proper tropical rainforest for the lower 48 for the United States. Which factors would need to be adjusted for the southern half or quarter of Florida to fully have Tropical Rainforests instead of just sub-tropical cypress swamps/pine savannas? 

Increased temperatures in the Gulf stream? More rain? Change of soil? "
1on3mi4,AnaheimDucks,Backup Goalie Treatment,julger7,2025-11-03T10:59:41,17,3,https://www.reddit.com/r/AnaheimDucks/comments/1on3mi4/backup_goalie_treatment/,"The Ducks have looked great to start this season. After all we arop the Pacific after 11 games. I just want to point out we are still getting the backup goalie treatment. We have faced 6 backup goalies this season because teams don't think we are a threat. We are proving them wrong so far, but some of our success is due to that treatment. As other teams start respecting us more and more, Wins will be harder to come by. Let's go Ducks. "
1on3gz0,GriefSupport,Not really sure how to feel about this,Yeetus_Mclickeetus,2025-11-03T10:50:41,2,0,https://www.reddit.com/r/GriefSupport/comments/1on3gz0/not_really_sure_how_to_feel_about_this/,"So some time around 2021/22(I suck at remembering dates) my grandmother passed away. If I had the chance, then she would have been the only grandparent I could've seen as my grandpa on my mom's side died before I was born and my dad's side's grands had died when he himself was young. Back to my grandma, I still don't know how to feel about her passing. My mom told me how much she was excited to see me, but I've never been able to meet the woman myself. When she died I didn't know exactly what to feel, seeing as both she was my grandma and also that the Pacific Ocean separated us apart. To me, she was more like those random women your mom says you ""knew when you were a baby"". I'm starting to feel guilty for not feeling anything for my granny but also not feeling guilty as I never had a chance to know her. Anything any of y'all can suggest or anything?"
1on3do6,horrorX,4 Very Scary TRUE Remote Night Fishing Horror Stories,rob822,2025-11-03T10:45:26,1,0,https://youtu.be/OE0ANZT15z4,"# ""Squid Light"":

I signed up for that squid fishing job because I needed the money. Back home in the northeast, things were tight, and the promise of a fat payout after two years at sea sounded like a way out. I had a girlfriend I wanted to impress, maybe start something real. My buddy Cui talked me into it—he was always chasing quick cash to fix his messes. We rushed through the paperwork, sat through a few days of safety lectures and navigation basics, and that was it. Before I knew it, I was standing on the deck of the *Lurongyu*, a trawler out of Shandong, the cold wind already biting my ears.

The captain, Li, was a tall man with a short fuse. He barked orders as we loaded up—sacks of rice, boxes of noodles, frozen meat, drums of oil, and those bright lamps meant to lure the squid from the deep. I brought extra smokes and instant food, figuring the ocean would get lonely.

We shoved off in late December, firecrackers popping along the dock, echoing against the harbor walls. The crew was a mixed bunch: a few from my province, some from Inner Mongolia who spoke their own dialect and stuck together, and officers from Dalian who acted like they owned the ship. Thirty-three of us total, crammed into bunks that smelled of rust, salt, and sweat.

The first weeks were hell. The sea never stopped rolling, and I threw up until I had nothing left to bring up. Nights blurred with the thrum of the engine and the slap of waves. When I wasn’t sick, I played low-stakes cards with Cui and a few others, dreaming about what we’d buy when we got back. Cui lost a bit, promised to pay me later.

There was this skinny guy from Heilongjiang, Liu. Always smoking. He had whole stacks of cartons stashed under his bunk. “This work’s miserable,” he’d mutter through the smoke. “But at least I control the cigarettes.”

By February, we hit the fishing grounds off Peru, and that’s when the real work began.

Nights were for jigging. We'd lower long lines baited with hooks, flood the water with those lamps until it glowed like liquid daylight, and wait for the squid to strike. When they did, the pull nearly tore your arms off—ten-pound bodies thrashing, spraying ink and seawater. We hauled until our backs screamed. Liu was the best—quiet, fast, methodical. He could bring in thousands of pounds a night without a word of complaint.

Unloading to the buyer ships was the worst. We'd go a day or two without sleep, stacking frozen trays in the hold until our fingers went numb. The captain pushed hard, shouting until his throat went hoarse. But the whispers started.

The pay wasn’t adding up. The contracts looked off—fake stamps, blurred signatures. Guys started saying we’d been tricked. Liu was the loudest. “We’re slaving for nothing,” he said one night in the mess, stirring noodles. “The company’s robbing us blind.” I nodded but kept quiet. Cui just laughed it off—said we’d deal with it when we got back.

Tension brewed like rot under the floorboards.

Xia, the cook, an older man who liked to drink and show off, sided with the captain and picked fights. One night, he mouthed off at a younger deckhand named Jiang. Jiang snapped, pulled a knife, shouting, “You think you’re better than us?” The captain stormed in, punched him down, made him kneel and apologize. “Too much drink,” Jiang muttered.

Liu spoke up, calm but firm. “Ease up, Captain.”

Li glared and walked off, but after that, Liu started talking quietly with a few men—Huang, a young kid from Mongolia, Bao from the same group, and others. I overheard bits of it while mending lines. “If we want to go home, we make it happen,” Liu said once.

By June, off the coast of Chile, the air was different. Heavy.

That night, I was on deck under the lamps when Liu came by. He picked up my squid knife, tested the blade, and said, “We’re taking the ship tonight. Join us?” His eyes were steady, unreadable.

I shook my head. “Not me.”

He said they’d put the non-joiners in rafts, call for rescue. Then he walked off with my knife.

My hands trembled on the line. I wanted to warn the captain, but the officers were asleep, and the deck felt watched. A few minutes later, I heard shouting—then a scream. The engine roared. Xia, the cook, rushed up waving a knife. “What are you doing?” he screamed. There was more shouting—then silence. When I came up later, there was blood on the deck. They said Xia fell overboard, but I knew better.

The mutineers—Liu, Jiang, Bao, Huang, and a few others—took over the bridge. They locked the weapons, chained the lifeboats, and forced Captain Li to steer for China. For weeks, it stayed calm. We crossed the Pacific, the men joking that we’d be home soon. “Say Xia slipped in a wave,” Cui whispered. But Liu grew more paranoid. He said fuel was low, engines failing, and rumors spread that the engineers were plotting to take the ship back.

Then came July.

One night, west of Hawaii, I was smoking in my bunk when Liu walked down the corridor, calling names. “Need help on deck.” Yue went first, then Liu Gang. Minutes later, screams—then splashes. Loud music from the helm, masking everything.

I froze, staring at the ceiling. Then I heard footsteps. The second officer stumbled in, bleeding. Liu followed, knife in hand. “Why are you on the floor?” he said, and stabbed him again. “Get up.” Another stab.

He turned to me, blood on his shirt. “You didn’t join at first,” he said softly. “But you’re my brother. You’re safe.”

I nodded. I didn’t breathe until he left. That night, they killed nine men—engineers Wen Dou and his cousin, Yue, Liu Gang, the second officer, Jiang Shutao, Chen, Wu, even Bo. Each mutineer had to take part. One by one, they dragged the bodies out and dumped them over the side.

By morning, the deck was scrubbed clean. I cooked breakfast like nothing happened. The air stank of bleach and iron.

Cui tried to comfort me. “We’re fine. They won’t touch us. We’ll be home soon.” But I saw how his hands shook.

Over the next days, men disappeared quietly—Ma one morning, gone without a trace. “He jumped,” Liu said. “He was my spy. No reason to kill him.” No one believed it.

Liu stopped sleeping. He made the captain sit beside him at meals. He checked every dish for poison, even watched me cook. His eyes were bloodshot, always scanning.

Then he changed course again—said we’d go to Japan, fake papers, call home for money. He made each of us phone our families, say we were sick, ask for 5,000 yuan. They sent what they could.

By the end, no one trusted anyone. Bao and his Mongolian men started whispering about overthrowing Liu. Huang told him. That night, Liu turned the captain into his ally. “You’ve killed too,” he told him. “You’re one of us now.”

He made a list of names.

At dawn, Bao was lured to the deck by Cui, told Liu wanted to talk. When he came up, the captain stabbed him from behind while Cui went for the chest. Bao screamed for his crew. But Liu’s men were waiting below. They called each Mongolian up by name—Dai, Shan, Qiu, Baocheng. Each one vanished into the dark. By sunrise, their bunks were empty.

Eleven of us left. All killers now, one way or another.

Liu drilled the story into us: “Blame the Mongolians. Say they fled in a raft.” He threatened our families if we told otherwise.

By August, the engines were dying. We drifted until the Japan Coast Guard spotted us. They towed us in, counted the crew, made calls. When Chinese police came, we told the lie, but it didn’t hold.

The trials came fast. Liu and Jiang got death. I got four years.

I served them quietly.

But even now, when I close my eyes, I hear the splashes. I see Liu’s smile in the dark, the ocean swallowing body after body.

Twenty-two men gone.

And somehow, I’m still afloat.





# ""Tides of Guilt"":

My mother and I shared a love for fishing—something passed down from my grandfather, who’d taught us both how to tie knots, bait hooks, and read the tide. She was always the cautious one: packing extra snacks, checking the weather twice, making sure I hadn’t forgotten the life vests. I was more confident, maybe too confident. That evening, as we loaded the boat at the marina, I caught her looking out at the horizon, the sky already bruising purple.

“Are you sure about going out so far tonight?” she asked. Her voice was calm but carried that edge I’d learned not to ignore.

“It’ll be fine, Mom,” I said, smiling as I tightened the last strap. “The water’s calm, we’ve got all the gear, and Block Canyon’s where the big tuna are this time of year.”

She hesitated, eyes tracing the darkening water, then sighed and climbed aboard. I fired up the engine, and we eased away from the dock around eleven, leaving the orange glow of the harbor behind.

The boat was my pride—a sturdy thirty-one-footer I’d spent months restoring. Just that afternoon, I’d made a few tweaks: removed the old trim tabs that weren’t doing much and patched up a few worn spots on the transom. A guy at the dock had watched me drill out the bolts, chewing on chips. “Hey, you sure that’s smart? Boat could take on water that way,” he’d said.

I’d laughed it off. “She’s solid. Don’t worry about it.”

Mom didn’t know about the modifications. She trusted me with the mechanical stuff. As we motored out, she settled into the cabin with her thermos, the smell of her coffee cutting through the diesel. “Tell me again why we’re not just staying closer to the island?”

“Because the big ones aren’t near the island,” I said with a grin. “We’ll catch something worth bragging about.”

We dropped our lines near Block Island around one in the morning. The sea was glassy, the air cool and still. Mom pulled in a small striper, laughing softly as it flicked water on her sleeve.

“Okay,” she said, smiling. “This isn’t so bad.”

But I wasn’t satisfied. “Let’s push to the canyon. Just a few more miles.”

She frowned. “I’ve got work tomorrow. Those kids depend on me.”

“It’ll be quick,” I promised. And, as usual, she relented.

The further we went, the lonelier the night became. The last of the shoreline lights vanished behind us, and the only sound was the hum of the engine and the rhythmic slap of waves. I checked the bilge pump once or twice—it was running fine.

We reached the canyon just before dawn. The water was deep here—hundreds of feet below us, dark and heavy. We baited our hooks with squid and cast our lines. Mom watched the sunrise quietly, the gold light catching in her hair. “This is peaceful,” she murmured. “But promise me we’ll head back soon.”

“I promise,” I said.

Then my line jerked hard. “Got one!” I shouted, bracing myself. But before I could reel, a deep grinding noise echoed from the stern. Metal on metal.

Mom turned, eyes wide. “What was that?”

I ran to check—and froze. Water was seeping in through the transom, slow at first, then faster.

“Mom, something’s wrong with the bilge,” I said, trying to sound calm. The pump was running, but it wasn’t keeping up. The deck felt soft under my boots—spongy where I’d patched it earlier.

Her voice tightened. “Can you fix it?”

“I—I don’t know.” My hands fumbled for tools, but the flow was too strong. “Grab the ditch bags,” I told her. “Now.”

The water climbed fast, sloshing around our ankles, then our knees. “We’re sinking?” she cried.

“Get the life raft ready!” I yelled, fumbling for the radio. Static hissed. I tried again—nothing. The boat lurched hard to one side. “Hold on!”

She was reeling in the last line, hands trembling. The next second, the deck tilted violently. I didn’t even have time to shout before the bow went under.

The plunge was instant. The ocean swallowed us whole. The cold hit like a wall of knives, knocking the air from my lungs. I surfaced, coughing, eyes stinging from salt. The boat was gone—just debris and the hiss of air escaping from somewhere below.

“Mom!” I shouted.

A flash of orange—a life raft inflating nearby. I kicked hard toward it, dragging one of the ditch bags behind me. Climbing in was agony; my limbs felt like lead. I turned, scanning the water. “Mom? Where are you?”

No answer. Just the empty roll of the sea.

“Mom!” I screamed until my throat went raw. I blew the whistle—three short blasts, over and over. Nothing but wind and water.

Had she gone under? Hit her head? The thought twisted my stomach. I leaned over the side, peering into the black water, but it was hopeless—the current was already carrying debris away.

Hours passed. The sun rose, bright and merciless. I rationed what little we had: a few packets of water, a couple of energy bars, and a hand pump for desalination. My lips split from salt, my hands blistered from gripping the raft ropes. Every few minutes I scanned the horizon. Once, I saw a ship—a distant speck—but my flares fizzled uselessly against the light.

Guilt gnawed at me. Why hadn’t I listened to her? Why had I pushed so far out? I could still hear her voice: “Are you sure about going out so far tonight?”

By the second night, the ocean felt alive. Things moved out there—splashes in the dark, faint shapes that disappeared when I looked straight at them. I clutched the knife from the emergency kit, whispering prayers I barely remembered. Sleep came in fragments, broken by dreams of her calling from beneath the water.

Days blurred. My skin cracked, my mind drifted. I talked to her voice in the wind, half-believing she was still close. Then came the storm—sheets of rain, the raft spinning like a leaf. I screamed for help, for forgiveness, for anything. Lightning split the horizon, showing only endless water.

On the eighth day, I saw it—a massive cargo ship. I waved the emergency flag, my arm trembling so hard I nearly dropped it. Someone shouted from the deck. A life ring hit the water. I swam toward it, muscles burning. Hands grabbed mine, pulling me aboard.

Wrapped in a blanket, I sat shivering as a crewman handed me water. “Your mother?” he asked gently.

I shook my head. Tears came without warning. “She’s gone.”

They called the Coast Guard, but I already knew. The sea had claimed her.

Even now, back on solid ground, I wake up hearing the water rushing in, the sound of her voice fading beneath the waves. The ocean keeps its secrets. And that night—it kept her.





# ""The Red Water"":

I decided to head out to the small lake behind my old family property that evening after work. The week at the warehouse had been brutal—long hours, sore shoulders, the kind of exhaustion that gnaws at your patience. Fishing was the one thing that always helped me reset. The lake was hidden deep behind the tree line, down a narrow dirt trail that wound through the pines. No signs, no trails on any map—just the way I liked it. I’d grown up casting lines there with my dad, but these days I usually went alone. My wife stayed home with the kids, and I promised I’d be back before ten.

I grabbed my rod, a small tackle box, and a flashlight, then drove the pickup to the edge of the woods. The sun had already dipped low, painting the horizon with streaks of orange and fading violet. The walk in took maybe fifteen minutes. The earth was soft from last night’s rain, and every step released the smell of damp pine and moss. Crickets screamed from the brush, and a few frogs croaked from somewhere out by the water.

When I reached the lake, it looked exactly as I remembered—still and black, ringed by trees so thick they swallowed the last bit of daylight. The air was cool, almost too still. I set up on a flat rock I’d used since I was a kid and baited my hook with a fat worm. The cast landed with a soft plunk that sent ripples across the glassy surface. For a while, it was peaceful. A fish tugged once or twice, but nothing serious. I was fine with that; it wasn’t about the catch tonight.

Then I noticed movement on the far side of the lake. At first, I figured it was a deer drinking, or maybe a raccoon scrounging by the shore. But as my eyes adjusted, I realized it was a person. A man. He stood knee-deep in the shallows, hunched over something metallic. After a few seconds, I saw it clearly—a large metal drum. He tipped it forward, pouring out a thick stream of liquid that hit the water with a low, gurgling sound.

The color caught the last of the light—dark, almost black, with a reddish tint.

Oil? Paint?

Something worse?

The smell carried faintly across the lake, sharp and metallic. I cupped my hands around my mouth and shouted, “Hey! What are you doing over there?”

The figure froze mid-motion. Slowly, he turned his head toward me. I couldn’t see his face, but I felt his stare, heavy and cold. After a beat, he straightened up, grabbed the drum, and trudged out of the water into the trees without a word.

My pulse quickened. Why run if it was nothing?

I stood there a minute longer, scanning the opposite shore, but the dusk had thickened into full dark. My fishing line bobbed once, then went still. I reeled in fast, packed my gear, and slung the rod over my shoulder.

Halfway back to the truck, I heard a branch snap off to my left. I stopped. The beam from my flashlight swept across tangled underbrush and dripping leaves. Nothing moved.

“Anyone there?” My voice sounded too loud in the quiet.

No answer. Just the chirring of crickets and my own breathing. I started walking faster. Then another crack—behind me this time. I spun around, light cutting through the darkness. For a split second, I thought I saw movement—something slipping behind a tree. My stomach twisted. I jogged the rest of the way, keys already in hand.

By the time I slammed the truck door shut, my hands were trembling. I locked the doors, headlights cutting a white tunnel through the forest road. I didn’t stop until I was back on the paved highway.

At home, my wife was cleaning up after dinner. I told her what I’d seen—kept my voice light, tried to sound casual. “Probably some idiot dumping waste,” I said. “I’ll call the environmental people tomorrow.”

She frowned, setting her dish towel down. “That’s not normal, though. You sure it wasn’t something else?”

“Yeah,” I said, though the image of that red liquid still burned in my head. “It’s fine. I’m fine.”

We ate late. The kids were already asleep upstairs. Around midnight, I was lying awake, replaying the scene over and over—the way he’d turned, the stillness in him, the red that wasn’t quite red. The thought hit me like a shiver: what if it wasn’t paint?

Then came a knock at the door.

Three slow, deliberate thuds.

My wife stirred beside me. “Who could that be this late?” she whispered.

I grabbed my phone—no missed calls—and slipped into jeans. Another knock, this time softer, from the side window near the kitchen.

I crept downstairs, bathed in the weak glow of the porch light. I peered through the curtain. Nothing. Then a voice, low and calm, floated through the glass.

“Excuse me. I think you saw me at the lake earlier. I’d just like to explain myself.”

My blood went cold.

How the hell did he know where I lived?

“Who are you?” I called out. “How did you find me?”

No answer. Then: “Sir, if you could just open the door, I can explain everything. It won’t take long.”

My wife appeared halfway down the stairs, pale and wide-eyed. “Don’t,” she mouthed.

“Leave now, or I’m calling the police,” I said, louder.

A pause. Then footsteps crunching on gravel, fading toward the road.

I called it in. The dispatcher said they’d send a patrol to check. We waited upstairs, lights on, every creak in the house making my heart jump. The officers arrived, did a quick sweep, said they found nothing. “Probably some prank,” one of them said. “Lock up tight.”

I tried to believe that. I really did.

But around two a.m., glass shattered downstairs.

My wife screamed. I bolted upright, grabbed the bat from under the bed. “Stay here,” I told her. “Call 911.”

I crept down, feet bare against the cold floor. The kitchen window was smashed, the curtain fluttering in the wind. Footsteps creaked on the stairs—slow, steady.

He was coming up.

When the door to the hall swung open, I saw him clearly for the first time. Short, solid build. Beard. Glasses. Black flannel shirt. The same man from the lake. His right hand held a knife that caught the faint hall light.

“You shouldn’t have yelled at me,” he said quietly. “Now I have to make sure you don’t tell anyone.”

I tightened my grip on the bat. “Get out,” I growled.

“It’s too late for that.”

From upstairs, my wife’s voice cracked through the air. “Police are coming!”

He hesitated, head tilting slightly, listening. Sirens wailed faintly in the distance.

Then he lunged.

I swung hard. The bat connected with his arm with a sickening crack. He dropped the knife but rammed into me, both of us crashing into the wall. We struggled—grunts, broken glass, picture frames hitting the floor. I kneed him hard, shoved him back toward the window.

He stumbled, snarled, “This isn’t over,” then vaulted through the broken frame, slicing his hand open on the glass. The sound of his footsteps faded into the dark.

The police arrived minutes later. They found blood on the sill, a trail leading into the woods. I told them everything—about the lake, the drum, the red liquid.

The next day, they found fresh tire tracks near the far shore. No drum. No containers. But in the mud, a partial boot print matched one from my kitchen floor. The blood sample came back two days later: Robert Kline, local butcher, prior assault charges, lived two towns over.

When they caught him hiding in a shed, he claimed he’d only been dumping animal waste. But the knife from my kitchen floor told another story—it carried traces of both human and animal blood, old and new. The investigation widened: missing pets, unclaimed remains, an unsolved hiker disappearance years ago near the same lake.

He took a plea deal—fifteen years. I testified at the hearing. When I asked him why he came after me, he just smiled and said, “You saw too much.”

We sold the family land soon after. I don’t fish alone anymore, not at night.

Sometimes, when the wind’s just right, I still think I hear that low gurgle of liquid hitting water. And I wonder—was he really working alone?

The lake’s still there, hidden and quiet. But every secret eventually floats back to the surface.





# ""The Last Cast"":

We both worked desk jobs in the city, staring at screens for hours until our eyes burned and our shoulders ached. It felt like life was just passing under the hum of fluorescent lights. So when Chris suggested biking across parts of the country—stopping at rivers to fish along the way—it sounded perfect. Open roads, quiet water, and no deadlines. I hadn’t felt that kind of excitement in years.

In June 1977, we set out from Portland with two bikes, a tent, and a couple of rods strapped to our frames. For days we pedaled through Oregon’s backroads—past wheat fields shimmering in the wind, pine-covered hills, and empty rest stops that smelled of dust and rain. By the time we reached a small state park tucked along a winding river, our legs were shot, but the sight of the water revived us. The river was clear and fast, curling around boulders with deep pools where trout might rest.

We locked our bikes to a cedar and unpacked near the bank. Chris, always the optimist, pointed his rod at the water. “They say this river’s full of fish,” he said. “Tonight, we’re eating fresh.”

I laughed, threading my line with a fly. “Let’s make it quick before it gets dark.”

The first hour was pure calm. The air smelled of wet moss and cedar. Fireflies hovered over the shallows. Chris caught a small trout—silver, slick, fighting with everything it had. He grinned like a kid, held it up for me to see, then released it.

But as dusk deepened, something shifted. The woods went unnaturally still. Somewhere behind us, a twig snapped. Then another. I turned, shining my flashlight toward the trees. Just branches, shadows, and the faint rustle of leaves.

“Probably a deer,” I muttered.

Chris hesitated. “Or someone else fishing. Hello out there?”

Silence.

We shrugged it off and kept casting, though neither of us said much after that. I couldn’t shake the feeling of being watched. It wasn’t just nerves—something was out there. The kind of quiet that makes your heartbeat sound too loud.

When the bites stopped coming, we packed up and crawled into the tent. Chris stretched out on his sleeping bag. “Good call on this spot,” he said, zipping the flap shut. “Peaceful. No crowds.”

“Yeah,” I said. “Too peaceful.”

He laughed softly, and soon we were talking about routes, about the next stretch south. But our voices trailed off, and sleep crept in.

That’s when the night split open.

An engine roared to life somewhere nearby—loud, guttural, and angry. Gravel spun under tires. The sound grew fast, closer, until headlights washed over the thin fabric of our tent.

“What the hell—?” Chris sat up, but before he could move, the truck lunged forward.

The impact crushed us flat. The world became noise—metal and canvas ripping, bones snapping. My chest caved, my breath vanished. I screamed, or thought I did, but it was drowned out by the engine’s roar. The truck reversed, tires spitting dirt, then slammed into us again.

When it stopped, there was only the ticking of the engine cooling. Then a door creaked open. Footsteps approached—slow, deliberate.

Through torn fabric, I saw him: a man silhouetted by starlight. Broad shoulders, cap low on his head. In his hand, something glinted—a long-handled axe, edge catching the faintest shine.

“Please,” Chris gasped beside me. “Please don’t—”

The man didn’t speak. He raised the axe and brought it down. Once. Twice. The sound was thick and final, like a log splitting. Chris thrashed, screamed. The man struck again, each swing deliberate, brutal.

“Stop!” I shouted, dragging myself up, reaching for him. Pain tore through my ribs. The axe turned toward me. He swung—caught my arm. I felt the bone crack, white-hot pain flooding my vision.

I rolled, gasping, the next swing grazing my side. My hand hit mud and glass. I kicked weakly, screaming for help that wouldn’t come.

He stood over me, breathing hard. For a moment, I thought he was done. Then he wiped the blade on his jeans, turned, and walked back to his truck. The door slammed. The engine started. He drove off slow, as if satisfied.

Silence fell. The smell of gasoline and blood hung thick in the air.

“Chris?” I whispered. “Hey… come on.”

No answer. I touched his shoulder. Still warm. No movement.

Something inside me cracked—not just ribs, but something deeper. I crawled from the wreckage, dragging myself toward the faint shimmer of the road. My limbs didn’t feel real anymore—just pain and dirt and survival. Thorns tore my hands, my face. The park seemed endless.

Then, at last, the hiss of tires. Headlights swelled. I stumbled into the beam, waving weakly.

A car screeched to a stop. A woman’s voice cried out, “Oh my God!”

“Attacked…” I croaked. “My friend’s still back there…”

The driver, a man, ran toward the campsite with her. Minutes blurred. They came back carrying Chris, pale and soaked in blood. “He’s alive,” the man said. “Barely.”

Sirens followed—the kind you hear in dreams. Paramedics shouting, lights flashing. I remember hands on me, a mask, a needle. Then darkness.

When I woke in the hospital, days had passed. My arm was in a cast, ribs bound, tubes running from my chest. Chris was in the next room. They said he survived, but with brain damage—lost an eye, partial memory. He barely spoke.

Police came with notebooks and questions. I told them what I saw: the truck, the shape of the man, the sound of his voice—though I couldn’t make out words. They found the tire tracks, the torn tent, the blood—but no weapon, no prints, no suspect.

Years later, I went back. I couldn’t help it. The town hadn’t changed much—same diner, same gas station. In the police archives, one name kept surfacing: a local ranch hand with a violent streak. Assault charges, dropped each time. When I saw him once, crossing Main Street, I froze. His face—it was the one I remembered from the shadows. Cold. Unbothered.

The statute of limitations had long expired. Nothing anyone could do.

Chris and I drifted apart not long after. Some wounds heal wrong, some never do. I still wake up some nights hearing that engine revving in the dark, headlights bleeding through canvas.

I haven’t fished since. The river feels cursed now—like it remembers everything."
1on3dg3,SurferCloud_Node,SurferCloud Global Server Network: 17 Locations Worldwide,SurferCloudServer,2025-11-03T10:45:05,1,0,https://www.reddit.com/r/SurferCloud_Node/comments/1on3dg3/surfercloud_global_server_network_17_locations/,"# SurferCloud Global Server Network: 17 Locations Worldwide

When speed, stability, and global reach matter, **server location makes all the difference**.  
That’s why SurferCloud offers a **truly global cloud network**, spanning **17 major cities across Asia, Europe, the Americas, and Africa** — giving you the freedom to deploy your cloud instance exactly where you need it.

# 🌐 Our Global Server Locations

**Asia-Pacific**  
🇭🇰 Hong Kong · 🇸🇬 Singapore · 🇨🇳 Taipei · 🇯🇵 Tokyo · 🇹🇭 Bangkok · 🇰🇷 Seoul · 🇮🇩 Jakarta · 🇻🇳 Ho Chi Minh City · 🇵🇭 Manila · 🇮🇳 Mumbai

**Middle East & Africa**  
🇦🇪 Dubai · 🇳🇬 Lagos

**Europe**  
🇩🇪 Frankfurt · 🇬🇧 London

**Americas**  
🇺🇸 Los Angeles · 🇺🇸 Washington · 🇧🇷 São Paulo



# ⚡ Why Global Nodes Matter

A worldwide network means more than just coverage — it means **performance, reliability, and compliance**.  
With SurferCloud’s distributed infrastructure, you can:

* 🌎 **Reduce latency** for users anywhere in the world
* 🧩 **Ensure uptime** through regional redundancy
* 🛡️ **Meet local data requirements** with region-specific hosting
* 🚀 **Scale globally** without complex migrations

Every SurferCloud node runs on **enterprise-grade hardware**, **NVMe SSD storage**, and **optimized global routing**, ensuring your apps and websites stay fast and responsive.



# 💡 Perfect for Every Use Case

* **Web Hosting:** Deploy your site in the nearest region to your visitors for instant load times.
* **Gaming Servers:** Choose Tokyo, Singapore, or Frankfurt for low-ping multiplayer hosting.
* **Forex & Trading:** Run bots and MT4/MT5 terminals from hubs like London, Dubai, or Hong Kong.
* **Remote Work & Automation:** Use Windows or Linux VPS in your preferred region — simple, fast, secure.



# 🚀 Go Global with SurferCloud

Wherever your users are, SurferCloud brings you closer to them.  
No complex setup. No unnecessary verification. Just **global cloud freedom** in seconds.

👉 Try it now:

* [UHost Cloud VPS](https://www.surfercloud.com/promos/uhost?ytag=reddit1103) — Enterprise-grade cloud servers.
* [ULightHost VPS](https://www.surfercloud.com/promos/ulighthost?ytag=reddit1103) — Lightweight VPS with unbeatable prices.



**SurferCloud — One Network, Infinite Reach.**"
1on3cww,lfg,[Online][WarCraft][3.5][DMNeeded] Adventurer Seeking Fortune and Glory in Azeroth,SCARY-WIZARD,2025-11-03T10:44:16,1,0,https://www.reddit.com/r/lfg/comments/1on3cww/onlinewarcraft35dmneeded_adventurer_seeking/,"Heya, I'm looking for a Game Master to run something in the WarCraft d20 3.5 rules from White Wolf.  And, players, though I can probably find people to fill in extra spots easily.

I love the tone of the original v3.5 WarCraft books. They're real grim, real raw, and more grounded than the MMORPG ended up being. And I like that there's an option to be an Independent adventurer, and not some errand-boy for a faction leader. And that’s what I've wanted to play all along: an adventurer who wants to make the world a better place, and without all the errantry and banner-waving.

I'm not interested in adaptations or homebrew ports to other systems. While I’ve seen those, and I can dig the effort... they’re not what I’m after. I want to play in the actual d20 WarCraft rules.  Like, if availability if resources is a genuine issue and roadblock, I suppose a middle ground would be the Generic Classes from Unearthed Arcana v3.5 and in the d20 3.5 SRD, since you can cobble together Hero Classes and approximate everything else with those without having to go, ""OH GOD I NEED THIS TO QUALIFY FOR THIS PrC OR FEAT AAAAAA"", and à la carte a character together that way.  Like, hell, you could even do away with the rules for Tinkers by informing their weird gadgets with the Expert or Spellcaster.

While twenty years ago I was hoping for an epic sandbox, at this point the adventures in the backs of the supplemental books look good. I've been burned by waffly GMs and players nearly a dozen times by now, so as long as I can play in an Independent group, I'm cool.

I’m in the Pacific Time Zone, and **play-by-text is the only thing that fits my schedule as I work evenings**. Weekends are a bit more flexible, though **voice-based gameplay is still a hard ""no""**."
1on3b7o,OrlandoMagic,NBC/Peacock coast to coast,resincak,2025-11-03T10:41:31,8,7,https://www.reddit.com/r/OrlandoMagic/comments/1on3b7o/nbcpeacock_coast_to_coast/,"So Tuesday the Magic are on NBC/Peacock. NBC on east/central, which means, pacific/mountain time gets the second game on NBC, the Magic game will be on Peacock for their time zone.

Ridiculous."
1on39yl,whowouldwin,Ace Combat Protagonists & Villains vs MonsterVerse Kaiju,zak7572,2025-11-03T10:39:31,1,1,https://www.reddit.com/r/whowouldwin/comments/1on39yl/ace_combat_protagonists_villains_vs_monsterverse/,"A dream squadron consisting of the followingl aces

1. Cipher (AC0) in the F-15S/MTD
2. Pixy (AC0) in the ADFX-02 Morgan
3. Phoenix (AC2) in the ADF-01 FALKEN
4. NEMO (AC3) in the R-103 Delphinus
5. Rena (AC3) in the X-49 Night Raven
6. Mobius 1 (AC4) in the F-22A Raptor
7. Yellow 13 (AC4) in the Su-37 Terminator
8. Blaze (AC5) in the F-14D Super Tomcat
9. Gryphus 1 (ACX) in the XFA-33 Fenrir
10. Talisman (AC6) in the CFA-44 Nosferatu
11. Trigger (AC7) in the Su-57 Felon
12. Mihaly (AC7) in the X-02 Strike Wyvern
13. BONUS! Monarch (PW) in the Project Wingman Mark 1

along with AWACS support from several hundred miles away, is given the task of cleansing the Strangereal world of kaiju. Assuming the in-game ammunition counts are canon, which of these is the most powerful they could stop? 

* Male + Female MUTO
* Otachi (Pacific Rim bonus)
* Mothra
* Rodan
* King Ghidorah
* MechaGodzilla
* Godzilla"
1on39au,AnneMunition,📆 SCHEDULE : November 3-7,AnneMunition,2025-11-03T10:38:25,14,1,https://i.redd.it/yx07tn8b3zyf1.png,"Having trouble deciding what I'm going to play this week, but at least you'll know when to find me - note the different start time, too ☝️ 

This weekend I'm going to attack my audio set-up (swapping my audio interface for one that has MIDI) and am looking to do music streams once that's set up. I had thought I'd do it for this week but I'm scared to start so I keep stalling. 😅"
1on368s,pacificDrive,This game is too smart,BigBags44,2025-11-03T10:33:35,40,5,https://www.reddit.com/r/pacificDrive/comments/1on368s/this_game_is_too_smart/,"Recently been playing through pacific drive and damn, the way they describe the remnant gaining control over your protagonist really is just the game saying ""you will be addicted to upgrading your car"" and they are not wrong one bit. Ill even be sat playing any other game and think, f it, may aswell go and get a quick upgrade or two. And the panic this game ensues while trying to protect your car hauling balls to the extract beam isnt something a game has brought out of me since season 1 FN last 3 alive in the final zone. And its all in hopes of getting 1 less scratch on my baby. Good job developers, you guys know how to break that 4th wall in a very smart way."
1on35sz,AYearOfLesMiserables,"2025-11-03 Monday: 2.5.5 ; Cosette / For a Black Hunt, a Mute Pack / Which would be Impossible with Gas Lanterns (Cosette / Qui serait impossible avec l'éclairage au gaz)",Honest_Ad_2157,2025-11-03T10:32:54,2,1,https://www.reddit.com/r/AYearOfLesMiserables/comments/1on35sz/20251103_monday_255_cosette_for_a_black_hunt_a/,"**On Sunday, 2025-11-02, the USA reverted to Standard Time.  The posts will be dropping one hour later UTC from now on.**

*All quotations and characters names from 2.5.5:* [*Which would be Impossible with Gas Lanterns*](https://en.wikisource.org/wiki/Les_Mis%C3%A9rables/Volume_2/Book_Fifth/Chapter_5) */* [*Qui serait impossible avec l'éclairage au gaz*](https://www.gutenberg.org/cache/epub/17493/pg17493-images.html#Chapitre_Ve)

(Quotations from the text are always *italicized*, even when “*in quotation marks*”, to distinguish them from quotations from other sources.)

**Summary** courtesy u/Honest_Ad_2157: Javert has activated a platoon of soldiers, reinforced by two of his companions, to do a door-to-door search of Little Picpus. We don't know the whereabouts of the Commissioner of Police Javert picked up in 2.5.2. Valjean hears them coming, spies them, and estimates he has 15 minutes before they arrive at his hidden doorway. He looks at the 18-foot-high walls around him, and is certain he can parkour the hell out of them\*, but what to do about Cosette? Luckily, Paris still uses lanterns suspended between lampposts on rope for lighting, and these lanterns were not lit because of the full moon, as written. He ducks into Cul-de-sac Genrot, cuts a length of the rope from a streetlamp, and secures it to a sling he makes for Cosette out of his neckerchief. He climbs the wall and hoists her up. As he hoped, there was an outbuilding abutting the wall on the other side with a gently sloping roof. He makes his way to that and they slide to temporary safety on the other side. All without making a sound the soldiers can detect because they're being so noisy, presumably.

\* Thanks to u/palpebral in [the 2020 cohort](https://www.reddit.com/r/AYearOfLesMiserables/comments/g5ttbs/comment/fo6naed/?utm_source=share&utm_medium=web3x&utm_name=web3xcss&utm_term=1&utm_content=share_button) for this image.

**Lost in Translation**

*nœud d'hirondelle*

Donougher has a delightful note that perhaps Hugo was thinking more of the ""nœud d'alouette"", the lark's-head knot, rather than the swallow's-head.

**Characters**

*Involved in action*

* Jean Valjean, formerly number 24,601, now 9,430. Last seen prior chapter
* Cosette, Fantine's and Felix's child, former Thenardier slave. Last seen prior chapter.
* A platoon of 7-8 soldiers. First mention. Includes
   * Unnamed soldier 1.
   * Unnamed soldier 2.
   * Unnamed soldier 3.
   * Unnamed soldier 4.
   * Unnamed soldier 5.
   * Unnamed, uncertain-of-existence soldier 6.
   * Unnamed man 9. Assumed to be person on guard at intersection of Little Picpus & Rue Droit-Mur in prior chapter.
   * Unnamed man 10. Last seen 2.5.2, searching.
* Javert. A cop. Last seen 2.5.2, directing the search.

*Mentioned or introduced*

* Battemolle. Historicity unverified. An escaped prisoner and rock climber. No first name given on first mention.
* Unnamed lamplighter 1. Unnamed on first mention.
* Mme. Thenardier. Last seen 2.3.10 asking her husband if 1500 francs were all he got. Last mentioned 2.4.3.

**Prompts**

*These prompts are my take on things, you don’t have to address any of them. All prompts for prior cohorts are also in play. Anything else you’d like to raise is also up for discussion.*

>*""Say nothing. Don't interfere with me. If you cry out, if you weep, the Thenardier is lying in wait for you. She is coming to take you back.""*

>*—Ne dis rien. Laisse-moi faire. Si tu cries, si tu pleures, la Thénardier te guette. Elle vient pour te ravoir.*

>*Jean Valjean had this peculiarity, that he carried, as one might say, two beggar's pouches: in one he kept his saintly thoughts; in the other the redoubtable talents of a convict. He rummaged in the one or the other, according to circumstances.*

>*Jean Valjean avait cela de particulier qu'on pouvait dire qu'il portait deux besaces; dans l'une il avait les pensées d'un saint, dans l'autre les redoutables talents d'un forçat. Il fouillait dans l'une ou dans l'autre, selon l'occasion.*

1. \[Adapted from prior cohorts\] Here we see another lie under stress, a pattern emerging in this book. Earlier we have the point that the tool doesn't matter; its use in a particular context is what matters. Valjean uses untruth to exploit prior trauma to get Cosette to do what he wants, for his own good. Did Valjean do Cosette dirty by bringing up Mme Thenardier? Would this pass in a modern work?
2. Javert and two of the men who were searching are accounted for, but Hugo does not mention the Commissioner of Police Javert picked up in 2.5.2. Thoughts on what he's up to?

*Bonus Prompts*

How many child caregivers out there have done something similar to what Valjean does to a child in their care? How did it make you feel then? And now?

How many have had this done to them as a child by a caregiver? How did it make you feel then? And now?

**Past cohorts' discussions**

* [2019-04-22](https://www.reddit.com/r/AYearOfLesMiserables/comments/bg8p51/255_chapter_discussion_spoilers_up_to_255/)
   * u/BarroomBard, in the sole [post](https://www.reddit.com/r/AYearOfLesMiserables/comments/bg8p51/comment/emeyu2o/?utm_source=share&utm_medium=web3x&utm_name=web3xcss&utm_term=1&utm_content=share_button), echoed my own thoughts on Valjean's dirty trick.
* [2020-04-22](https://www.reddit.com/r/AYearOfLesMiserables/comments/g5ttbs/255_chapter_discussion_spoilers_up_to_255/)
   * u/Thermos_of_Byr also [expressed distaste](https://www.reddit.com/r/AYearOfLesMiserables/comments/g5ttbs/comment/fo6mfb3/?utm_source=share&utm_medium=web3x&utm_name=web3xcss&utm_term=1&utm_content=share_button) at Valjean's dirty trick.
* [2021-04-22](https://www.reddit.com/r/AYearOfLesMiserables/comments/mwj2kr/255_chapter_discussion_spoilers_up_to_255/)
   * u/burymefadetoblack was [happy](https://www.reddit.com/r/AYearOfLesMiserables/comments/mwj2kr/comment/gvomsti/?utm_source=share&utm_medium=web3x&utm_name=web3xcss&utm_term=1&utm_content=share_button) that the movie paid tribute to this scene where the stage play did not. Their point about Valjean's convict's talents influenced my prompt.
   * u/HStCroix gave [an interesting response](https://www.reddit.com/r/AYearOfLesMiserables/comments/mwj2kr/comment/gvixauj/?utm_source=share&utm_medium=web3x&utm_name=web3xcss&utm_term=1&utm_content=share_button) to a form of my first prompt and their second graf influenced my restatement of it and the second prompt into a combined form.
   * u/enabeller had [an interesting theory](https://www.reddit.com/r/AYearOfLesMiserables/comments/mwj2kr/comment/gvij159/?utm_source=share&utm_medium=web3x&utm_name=web3xcss&utm_term=1&utm_content=share_button) about the Thenardier's involvement in all this.
* No posts until 2.5.6 on 2022-04-23
* 2025-11-03

|Words read|WikiSource Hapgood|Gutenberg French|
|:-|:-|:-|
|This chapter|1,377|1,276|
|Cumulative|180,471|166,202|

**Final Line**

>Whether from terror or courage, Cosette had not breathed a sound, though her hands were a little abraded.

>Soit terreur, soit courage, Cosette n'avait pas soufflé. Elle avait les mains un peu écorchées.

**Next Post**

2.5.6: [The Beginning of an Enigma](https://en.wikisource.org/wiki/Les_Mis%C3%A9rables/Volume_2/Book_Fifth/Chapter_6) / [Commencement d'une énigme ](https://www.gutenberg.org/cache/epub/17493/pg17493-images.html#Chapitre_VIe)

* 2025-11-03 Monday 9PM US Pacific Standard Time
* 2025-11-04 Tuesday midnight US Eastern Standard Time
* 2025-11-04 Tuesday 5AM UTC."
1on35sr,yearofannakarenina,"2025-11-03 Monday: Anna Karenina, Part 7, Chapter 30",Honest_Ad_2157,2025-11-03T10:32:53,2,1,https://www.reddit.com/r/yearofannakarenina/comments/1on35sr/20251103_monday_anna_karenina_part_7_chapter_30/,"***Heads up: on Sunday morning, 2025-11-02, the USA reverted to Standard Time.  The posts  will be dropping one hour later UTC.***

**Chapter summary**

*All quotations and characters names from* [*Internet Archive Maude*](https://archive.org/details/anna-karenina-tolstoy-leo-graf-1828-1910/page/897/mode/1up).

Summary courtesy u/Honest_Ad_2157: Anna's in a mood as the carriage heads to Nizhny Novgorod railway station. Her thoughts are rapid and confused along with sense impressions of people as she meets them. She recalls what she was thinking about Yashvin, prior, of the world as a battle of all against all. She is worried about the contradiction: as she wants more and more of Vronsky, she pushes him further and further away. She cannot have him being tender her from a sense of duty; he must be in passionate love with her or it is worthless. She games out the situation again, as she did with Dolly in 6.24 (which we read on [2025-09-10](https://www.reddit.com/r/yearofannakarenina/comments/1nd4a65/20250910_wednesday_anna_karenina_part_6_chapter_24/)) She thinks of what she had with Karenin, which now repulses her. She keeps a running commentary on the people she passes, always relating them to her hatred of life and human relations. She arrives and has momentarily forgotten why she went to the the station when Peter  asks her if he should get a ticket for Obiralovka.\* She enters the station, repulsed by the people she sees, thinking of what she'll write to Vronsky in a note and imagining how he'll respond. It ends with what reads like a full-blown panic attack.

\* Bartlett has a long note on the meaning of the station name, its function as a kind of first-ring dacha stop, and the very low amount of traffic it received at the time the novel is set. See character list.

**Characters**

*Involved in action*

* Anna Arkadyevna Karenina, Stiva's sister, Vronsky's lover, Karenin's wife, Dolly's bestie. Last seen prior chapter.
* Peter, Pyotr, a Vronsky servant acting as Anna's footman. Last seen prior chapter.
* Theodore, Vronsky coachman; Fyodor, was Unnamed Vronsky coachman, last seen prior chapter.
* Unnamed, unnumbered porters at Nizhny Novgorod railway station. First mention.

*Mentioned or introduced*

* Unnamed girl 3, ""that girl"" mentioned in first line. Could be Princess Sorokina or just a girl Anna passes.
* Colonel Yashvin, Alexei's best friend in his former regiment, last seen 7.25 when he witnessed the post-argument tenseness between Anna and Vronsky. Last chipater his statement in 7.25 is quoted by Anna: *“He wants to leave me without a shirt, and I him”* She remembers it again, transformed into something else, here.
* Unnamed, unnumbered people in a caleche passing Anna. First mention.
* 4-horse team pulling caleche. First mention
* Unnamed dog in caleche. First mention.
* Unnamed man 14. Drunk worker. First mention.
* Unnamed police officer 2. Arresting/detaining drunk worker. First mention.
* Count Alexei Vronsky, Alexis, Anna’s lover and father of Li’l Anna. Last seen prior chapter through his telegram.
* Unnamed person 2. ""rosy-faced shop-assistant"" First mention.
* Unnamed hired horse 3. First mention.
* Princess Sorokina. ""*a young girl in a lilac hat*"". First seen 7.26 when she delivers documents to Vronsky, last mentioned prior chapter in Anna's thoughts.
* Katherine Alexándrovna Levina née Princess Shcherbatskaya, Kitty, Ekaterína, Katerína,Kátia,Kátenksa, Kátya, ""Kate"", last seen 7.28 receiving Anna at Dolly's. Last mentioned prior chapter in Anna's thoughts.
* Unnamed, unnumbered people in houses on hills approaching Nizhny Novgorod railway station. First mention.
* Alexei Alexandrovich Karenin, Anna’s husband. Last seen 7.22 sending the note to Stiva, refusing Anna a divorce; last mentioned 7.28 when Anna worried to herself that Dolly would think she's leaving her second husband.
* Sergéy Alexéyich Karenin, Sergei, Serézha, Kutik, Seryozha, Anna’s 9-year-old son, last seen 7.19 when Stiva visited him. Mentioned 7.28.
* Unnamed woman 13, ""A beggar woman with a baby"". First mention.
* Unnamed baby 1. First mention.
* Unnamed, unnumbered schoolboys. First mention.
* Unnamed, unnumbered residents of Volga environs. First mention.
* Unnamed man 15. a tradesman. First mention.
* [Obiralovka rail station](https://en.wikipedia.org/wiki/Zheleznodorozhnaya_railway_station), historical artifact. Renamed by a petition from local villagers, the name derives from обирать (obirat), to rob or fleece, named for reputation of the old road that went through the area.
* Dowager Countess Vronskaya, ""Countess Mama"" (mine), Last seen 5.33 at the opera (see Princess Sorokina). Last mentioned prior chapter in Anna's throughts.

Please see the [in-development character index](https://docs.google.com/spreadsheets/d/1FbGn60f8tRX_xC2d87RFjDuAR3p0lZCjEyxDDCepCSw/edit?usp=sharing), a tab in the [reading schedule document](https://docs.google.com/spreadsheets/d/1FbGn60f8tRX_xC2d87RFjDuAR3p0lZCjEyxDDCepCSw/edit?usp=sharing), which has each character’s names, first mentions, introductions, subsequent mentions, and significant relationships.

**Prompts**

>*""If, without loving me, \[Vronsky\] is kind and tender to me from a sense of duty, but what I desire is lacking —that would be a thousand times worse than anger.""*

>*Remembering Karenin, she pictured him to herself with extraordinary vividness, as if he stood before her, with his mild, dull, lifeless eyes, the blue veins of his white hands, his intonations, his cracking fingers, and remembering the feeling that had once existed between them and which had also been called love, she shuddered with revulsion.*

1. Does what she fears having with Vronsky mirror what she had with Karenin? How is it different, if not? Is she different, now?
2. Going back to the philosophical point raised in 1.7, where Levin asked about the nature of the soul in the philosophical debate over sense impressions, Anna's soul seems to be struggling to emerge here as she is inundated with sense data as she rides along. This seems an accurate, realistic account of one's ability to focus when deeply distracted and disturbed: the visual and sonic noise of the world constantly intruding. Does the 1.7 callback seem applicable? What do you think it means?

*Bonus prompt*

How did the writing in the chapter portraying deep mental distress resonate with you?

**Past cohorts' discussions**

* [2020-02-26](https://www.reddit.com/r/thehemingwaylist/comments/f9twbc/anna_karenina_part_7_chapter_30_discussion_post/)
   * a single [thread](https://www.reddit.com/r/thehemingwaylist/comments/f9twbc/comment/fiufjjz/?utm_source=share&utm_medium=web3x&utm_name=web3xcss&utm_term=1&utm_content=share_button), started by a deleted user, contrasting this with The Very Long Ride of Dolly Oblonskaya in 6.16, which we read on [2025-08-29](https://www.reddit.com/r/yearofannakarenina/comments/1n2xg9u/20250829_friday_anna_karenina_part_6_chapter_16/)
* [2021-11-28](https://www.reddit.com/r/yearofannakarenina/comments/r3rss3/anna_karenina_part_7_chapter_30/)
* [2023-11-08](https://www.reddit.com/r/yearofannakarenina/comments/17q95ei/anna_karenina_part_7_chapter_30/): Overall good prompts and discussion. Interesting penultimate prompt. I think the red bag is Anna carrying her heart on her sleeve.
* 2025-11-03

**Final Line**

>And then she thought how happy life might still be, and how tormentingly she loved and hated him and how dreadfully her heart was beating.

|Words read|Gutenberg Garnett|Internet Archive Maude|
|:-|:-|:-|
|This chapter|1,289|1,309|
|Cumulative|327,390|317,661|

**Next Post**

**Content warning** >!Self-harm portrayed in this chapter.!<

**End of Part 7**

[7.31](https://archive.org/details/anna-karenina-tolstoy-leo-graf-1828-1910/page/900/mode/1up)

* 2025-11-03 Monday 9PM US Pacific Standard Time
* 2025-11-04 Tuesday midnight US Eastern Standard Time
* 2025-11-04 Tuesday 5AM UTC"
1on35ao,fragranceswap,[WTS] LV Pacific Chill 200ML (Bottle),ScentPocket,2025-11-03T10:32:08,0,2,https://www.reddit.com/r/fragranceswap/comments/1on35ao/wts_lv_pacific_chill_200ml_bottle/,"Bottle is empty (no pres or cap) 
0/200ML

$110 shipped 

https://imgur.com/a/ndMwbff "
1on2zqk,Israelkeyes,Hello from sunny Southeast AK - I'm going to be streaming the interrogations and wanted to let the sub know,BarryMcCaulkener,2025-11-03T10:23:30,3,0,https://www.reddit.com/r/Israelkeyes/comments/1on2zqk/hello_from_sunny_southeast_ak_im_going_to_be/,"I recently re-read American Predator and for the last couple months I have been obsessed with the case. I'm an Alaskan paralegal with ten plus years in criminal law and five more working for the Attorney General up here, so I have some seasoning in relevant fields and I've also been getting into youtube over the last year or so.

I've decided that I should stream a series where I dive into the available interrogation footage and the first stream is set up for 11/3 at 6pm Pacific / 10pm EST. The plan is to get through the first session of interrogation footage, but we'll see how it goes as I plan to pause to discuss and to take notes / fill out a simple case file denoting parties mentioned. Here's a link to the scheduled stream if anyone is interested scheduling a notification: [https://www.youtube.com/live/k5vv5lMlo-g?si=f1Qe7y1UTNVFAX0V](https://www.youtube.com/live/k5vv5lMlo-g?si=f1Qe7y1UTNVFAX0V)

I'm very much interested in having folks who are deep into the weeds of the case adding their insight and expertise watching with me in the streams if there's interest. One of the things that appeals to me about this case is its breadth of relevant subject matter expertise and how Keyes is sui generis among serial killers. Thanks much!"
1on2ylg,NHLHUT,It is my first year.,Frequent_Vacation_85,2025-11-03T10:21:41,0,2,https://i.redd.it/1zlnper93zyf1.jpeg,Please anyone feel free to point out any improvements I can make. It’s my first year and I’m making the best to try and understand everything. 
1on2xeh,Parrotlet,Trying to figure are they are pair or two girls?,Wild-child-808,2025-11-03T10:19:51,41,7,https://www.reddit.com/gallery/1on2xeh,"So my friend have a pair of pacific parrotlets and he saying that they are pair, but I did a little research and find out that they are most likely two girls! Bc none of them have a blue markings, but like he said blue one humping yellow one sometimes :))) Can you please help me to figure it out? Thanks so much!"
1on2xcj,NHLHUT,Maybe Make Malkin?,crashout2191,2025-11-03T10:19:45,0,2,https://i.redd.it/vp5emt0y2zyf1.jpeg,Can’t decide who to pick up or build 
1on2x4s,vancouvercycling,Mtb/gravel-road buddies,Distinct_Cloud_357,2025-11-03T10:19:23,6,1,https://www.reddit.com/r/vancouvercycling/comments/1on2x4s/mtbgravelroad_buddies/,"Hi all, just wondering if anyone is interested on going mountain biking or gravel-road biking this fall/winter as long as the weather allows it. I ride all year round mostly mountain biking. I went this week to fromme for mtb and some gravel at pacific spirit park and it was pretty good. I am an intermediate level in mtb but open to join to any level of riding. Cheers!"
1on2oll,ArcRaiders,Day Time: Great Solo Exp; Night Time: Only Goblins,SamwiseMN,2025-11-03T10:06:04,0,6,https://www.reddit.com/r/ArcRaiders/comments/1on2oll/day_time_great_solo_exp_night_time_only_goblins/,"Just noting the contrast in day and night time play here (pacific time US). Day time is a friendly experience and most people ask questions and shoot second. Night time - totally different - shoot first and figure it out later. Interesting contrast, not bad at all"
1on2c7o,religion,Weekly discussion: What religion fits me?,jetboyterp,2025-11-03T09:47:17,1,0,https://www.reddit.com/r/religion/comments/1on2c7o/weekly_discussion_what_religion_fits_me/,"Are you looking for suggestions of what religion suits your beliefs? Or maybe you're curious about joining a religion with certain qualities, but don't know if it exists? Once a week, we provide an opportunity here for you to ask other users what religion fits you.

A new thread is posted weekly, Mondays at 3:00am Pacific Time (UTC-8)."
1on2bfd,SwordAndSupperGame,⭐ ⭐ ⭐ 181 Good Vibes and Pacific Snapper on the Mountain Pass,t6550ab,2025-11-03T09:46:08,1,0,https://www.reddit.com/r/SwordAndSupperGame/comments/1on2bfd/181_good_vibes_and_pacific_snapper_on_the/,This post contains content not supported on old Reddit. [Click here to view the full post](https://sh.reddit.com/r/SwordAndSupperGame/comments/1on2bfd)
1on2b9x,Metra,Potential LakeLink Hybrid Line,Grand-Coffee-229,2025-11-03T09:45:56,6,2,https://www.reddit.com/gallery/1on2b9x,"Hey y’all there. This is the new Potential new Passenger Hybrid train called the LakeLink. The LakeLink would be running between Elgin and Aurora, IL. The Stations on this line would have Elgin, National Street, South Elgin, Wayne, Norton Creek, West Chicago, Woodland Hills, Batavia, North Aurora, and Aurora. There will be connections to Metra BNSF Railway at Aurora, Metra Milwaukee District West Line at National Street and Elgin, and Metra Union Pacific West Line at West Chicago. The LakeLink would also be called the Fox River Valley Connector as part of the new Hybrid Line. The LakeLink would use Stadler Flirt trains to run on this line. It’s a faster route to get between Elgin and Aurora. We would very much like this to happen soon."
1on29xf,indiegameswap,"[H] NA/USA Fanatical Movember + Humble Choice October + Other Steam Keys [W] Remnant II, Tomb Raider I-III Steam Keys Only, lists, offers, wish list",Dismal-Network2250,2025-11-03T09:43:53,1,3,https://www.reddit.com/r/indiegameswap/comments/1on29xf/h_nausa_fanatical_movember_humble_choice_october/,"[https://www.reddit.com/r/IGSRep/comments/1mr57d9/dismalnetwork2250s\_igs\_rep\_page/](https://www.reddit.com/r/IGSRep/comments/1mr57d9/dismalnetwork2250s_igs_rep_page/)

^(\* = probably redeeming myself but backlog is huge so listed for trade)

^(! = in library, much more likely to trade)

# Have

# Humble Choice October 2025

* [Atomic Heart](https://store.steampowered.com/app/668580/Atomic_Heart/) \*
* [Caravan SandWitch](https://store.steampowered.com/app/1582650/Caravan_SandWitch/) !
* [Cryptmaster](https://store.steampowered.com/app/1885110/Cryptmaster/)
* [Hotel Renovator](https://store.steampowered.com/app/1214470/Hotel_Renovator/)
* [Shogun Showdown](https://store.steampowered.com/app/2084000/Shogun_Showdown/)
* [Story of Seasons: Pioneers of Olive Town](https://store.steampowered.com/app/1392960/STORY_OF_SEASONS_Pioneers_of_Olive_Town/) !
* [System Shock](https://store.steampowered.com/app/482400/System_Shock/) !
* [V Rising](https://store.steampowered.com/app/1604030/V_Rising/)

# Fanatical Movember Game 'Stache Charity Bundle (2025)

* [Agent Intercept](https://store.steampowered.com/app/1502710/Agent_Intercept/)
* [American Truck Simulator](https://store.steampowered.com/app/270880/American_Truck_Simulator/)
* [Chivalry 2](https://store.steampowered.com/app/1824220/Chivalry_2/)
* [THE CORRIDOR](https://store.steampowered.com/app/1347030/THE_CORRIDOR/)
* [DUSK](https://store.steampowered.com/app/519860/DUSK/) !
* [Hello Neighbor 2](https://store.steampowered.com/app/1321680/Hello_Neighbor_2/)
* [Instruments of Destruction](https://store.steampowered.com/app/1428100/Instruments_of_Destruction/)
* [Men of War II](https://store.steampowered.com/app/1128860/Men_of_War_II/)
* [Mon Bazou](https://store.steampowered.com/app/1520370/Mon_Bazou/) \*
* [Pathfinder: Wrath of the Righteous Enhanced Edition](https://store.steampowered.com/app/1184370/Pathfinder_Wrath_of_the_Righteous__Enhanced_Edition/)
* [Prodigal](https://store.steampowered.com/app/1393820/Prodigal/)
* [Warhammer 40,000: Battlesector](https://store.steampowered.com/app/1295500/Warhammer_40000_Battlesector/)

# Fanatical

* [911 Operator](https://store.steampowered.com/app/503560/911_Operator/) !
* [Airport CEO](https://store.steampowered.com/app/673610/Airport_CEO/)
* [Aura of Worlds](https://store.steampowered.com/app/841600/Aura_of_Worlds/)
* [Balrum](https://store.steampowered.com/app/424250/Balrum/)
* [The Black Grimoire: Cursebreaker](https://store.steampowered.com/app/1189290/The_Black_Grimoire_Cursebreaker/) !
* [Bomber Crew Deluxe Edition](https://store.steampowered.com/app/537800/Bomber_Crew/)
* [Castle Doombad Classic](https://store.steampowered.com/app/2888470/Castle_Doombad_Classic/)
* [Cook, Serve, Delicious!](https://store.steampowered.com/app/247020/Cook_Serve_Delicious/)
* [Cook Serve Forever](https://store.steampowered.com/app/1928090/Cook_Serve_Forever/)
* [DunHero](https://store.steampowered.com/app/2270210/DunHero/)
* [The end is nahual: If I may say so](https://store.steampowered.com/app/2161110/The_end_is_nahual_If_I_may_say_so/)
* [Fallout 3: Game of the Year Edition](https://store.steampowered.com/app/22370/Fallout_3_Game_of_the_Year_Edition/) \*
* [Fallout New Vegas Ultimate](https://store.steampowered.com/app/22380/Fallout_New_Vegas/) \*
* [Golden Light](https://store.steampowered.com/app/1245430/Golden_Light/)
* [Lootbox Lyfe](https://store.steampowered.com/app/1033780/Lootbox_Lyfe/)
* [Mars Power Industries Deluxe](https://store.steampowered.com/app/977230/Mars_Power_Industries_Deluxe/)
* [Once Upon a Jester](https://store.steampowered.com/app/1668190/Once_Upon_a_Jester/)
* [Polylithic](https://store.steampowered.com/app/1839060/Polylithic/)
* [Quadroids](https://store.steampowered.com/app/2419690/Quadroids/)
* [Rain World](https://store.steampowered.com/app/312520/Rain_World/) !
* [Rocket Rats](https://store.steampowered.com/app/3069810/Rocket_Rats/) !
* [Rusty Lake: Roots](https://store.steampowered.com/app/532110/Rusty_Lake_Roots/) \*
* [Sclash](https://store.steampowered.com/app/1284130/Sclash/) \*
* [Siegebreaker](https://store.steampowered.com/app/2146430/Siegebreaker/)
* [shapez](https://store.steampowered.com/app/1318690/shapez/)
* [Space Crew: Legendary Edition](https://store.steampowered.com/app/1176710/Space_Crew_Legendary_Edition/)
* [Sticky Business](https://store.steampowered.com/app/2303350/Sticky_Business/)
* [Teslagrad 2](https://store.steampowered.com/app/1698220/Teslagrad_2/)
* [Teslagrad Remastered](https://store.steampowered.com/app/2168150/Teslagrad_Remastered/)
* [This War of Mine](https://store.steampowered.com/app/282070/This_War_of_Mine/)
* [Wanted Shadows](https://store.steampowered.com/app/2491670/Wanted_Shadows/)
* [You Suck at Parking® - Complete Edition](https://store.steampowered.com/app/837880/You_Suck_at_Parking__Complete_Edition/)

# GOG

* [Fallout New Vegas Ultimate](https://store.steampowered.com/app/22380/Fallout_New_Vegas/) !

# Gamesplanet

* [The Next BIG Thing](https://store.steampowered.com/app/58570/The_Next_BIG_Thing/)

# Green Man Gaming

* [Moonscars](https://store.steampowered.com/app/1374970/Moonscars/) \*
* [Old World](https://store.steampowered.com/app/597180/Old_World/)
* [RoboCop: Rogue City](https://store.steampowered.com/app/1681430/RoboCop_Rogue_City/) !

# Humble Choice August 2025

* [Tiny Terry's Turbo Trip](https://store.steampowered.com/app/2238040/Tiny_Terrys_Turbo_Trip/) !
* [Warpips](https://store.steampowered.com/app/1291010/Warpips/) !

# Wish List

* ancestors the humankind odyssey
* assemble with care
* atlas fallen reign of sand
* blasphemous
* cloudpunk
* code vein
* deaths gambit afterlife ashes of vados
* forager
* ghost song
* the hungry fly
* into the necrovale
* little nightmares secrets of the maw expansion pass
* manifold garden
* monster sanctuary
* ori and the blind forest definitive edition
* ori and the will of the wisps
* pacific drive
* pizza possum
* potion craft alchemist simulator
* ris
* k of rain returns
* severed steel
* spyro reignited trilogy
* superliminal
* thymesia
* tomb raider I-III remastered starring lara croft
* voidigo
* yuppie psycho"
1on29li,EEW,"🌏 Kuril Islands: 地震 - Землетрясение - Earthquake (5.3 Mb, at 03:55 UTC)",BrainstormBot,2025-11-03T09:43:24,1,0,https://www.reddit.com/r/EEW/comments/1on29li/kuril_islands_地震_землетрясение_earthquake_53_mb/,"> 🌏 地震! Землетрясение! Earthquake! **5.3 Mb,** registered by NEIC, 2025-11-03 03:55:04 UTC (daytime) on land, *North Pacific* (49.75, 155.77) likely felt 180 km away (www.seismicportal.eu)

^2025-11-03T04:13:23Z"
1on29le,Earthquakes,"🌏 Kuril Islands: 地震 - Землетрясение - Earthquake (5.3 Mb, at 03:55 UTC)",BrainstormBot,2025-11-03T09:43:24,1,0,https://www.reddit.com/r/Earthquakes/comments/1on29le/kuril_islands_地震_землетрясение_earthquake_53_mb/,"> 🌏 地震! Землетрясение! Earthquake! **5.3 Mb,** registered by NEIC, 2025-11-03 03:55:04 UTC (daytime) on land, *North Pacific* (49.75, 155.77) likely felt 180 km away (www.seismicportal.eu)

^2025-11-03T04:13:23Z"
1on1u4q,USHistory,"Averell Harriman's father E.H. Harriman was a wealthy financier who helped build Union Pacific into a railroad empire. Theodore Roosevelt referred to him as one of the ""malefactors of great wealth"" and Averell's resentment over that attack led him to join the Democratic Party rather than Republican",Just_Cause89,2025-11-03T09:21:13,8,1,https://www.reddit.com/gallery/1on1u4q,
1on1jxg,ClimbingCircleJerk,Mountains literally only want one thing and it’s fucking disgusting,wacbravo,2025-11-03T09:06:55,111,11,https://i.redd.it/r1kqqt7ypyyf1.jpeg,
1on1jvj,birding,Owl ID,SinisterDetection,2025-11-03T09:06:50,13,4,https://i.redd.it/sk44lzmxpyyf1.jpeg,Pacific Northwest slightly bigger than a robin
1on1icb,InvestmentsTrading,Had Missed this News; which happened on OCT 31; US-India Defence Agreement on sidelines of ASEAN Summit!,Time-Alternative-964,2025-11-03T09:04:42,3,2,https://i.redd.it/r2ybn227pyyf1.png,Major Defence deals happened; Technology Transfer for Jet Engines; America Procuring Indian Defence Products; Manufacturing & Repair in India.
1on1i7n,ArmaReforger,Any good pacific coast groups to play with?,AwkwardDrummer7629,2025-11-03T09:04:31,2,5,https://www.reddit.com/r/ArmaReforger/comments/1on1i7n/any_good_pacific_coast_groups_to_play_with/,"Hi there. I’m a relatively casual player, but I would like to have more teamwork and planning in my games. I’m also really tired of platoon chat being dominated by a few people hurling slurs at each other and swearing the whole game. I’m hoping to find a group to play with that’s largely focused on fun and is compatible with Alaskan time. Any suggestions?"
1on1hyg,AnaheimDucks,The Ducks are officially first in the Pacific,crash_test,2025-11-03T09:04:08,439,40,https://i.imgur.com/IeLViWP.png,
1on1hc9,Sharesies_nz,Feedback on investment,Live_Sort5110,2025-11-03T09:03:16,5,12,https://www.reddit.com/gallery/1on1hc9,"New to Sharesies, looking for some feedback. Goal is to make higher returns- willing to take moderate risk 
"
1on1h9i,AnaheimDucks,Hell Yeah!,Addicted2Ducks,2025-11-03T09:03:10,151,11,https://i.redd.it/lqb1uxv9pyyf1.jpeg,
1on1gpn,WorldConqueror4,What will the next army group be?,CookieEaterTheGreat,2025-11-03T09:02:22,3,4,https://www.reddit.com/r/WorldConqueror4/comments/1on1gpn/what_will_the_next_army_group_be/,I think I remember seeing a post which showed a pacific army group but I'm not sure
1on1e3f,lfg,"[Other] Looking for 2x players for new custom game campaign [Online] Saturdays, 5pm Pacific Standard time.",Severe_Reflection298,2025-11-03T08:58:36,1,0,https://www.reddit.com/r/lfg/comments/1on1e3f/other_looking_for_2x_players_for_new_custom_game/,"Looking for 2x players for a custom fantasy table top role-playing system using Foundry for maps and discord for voice and video (video is my way of 'playing around a table'). The game will be every Saturday at 5pm pacific time zone, lasting for about 3-4 hours. The system was created around 20+ years ago by me, my wife, and some friends, and has been played/modified since. There is a full rulebook that can be shared.

 

Game concepts: It is about the characters and the hard choices being an adventurer brings. You start off as (human equivalent) to 18-21 years old (different races start at different ages) and wanting to be an adventurer. You have 5 priorities in your life ranked from A (highest) to E (lowest). These priorities are Magic, Race, Resources, Skills, and Stats. For example, if your resource priority is 'A', you start with 1,350 gold, a medium warhorse, 3 magic items, and a nobles title if desired (your rich). If your resource priority is 'E', you get 200 gold (your poor). The choices of priories mostly stays with you for the rest of your characters life and affects/limits choices after character creation. Unlike most other systems, stats and skills are independent of each other. for example, your 'intelligence' or 'wisdom' does not affect how well you can track, your skill rating is the only determining factor for how well you can track.

 

The system is not as concerned about balance like most RPG's and does not work well with power gamers who want to min/max everything. All items/magic items have a price and if you can pay the price, you can buy the item (or play a character who can make magic items). The system is good for those who want to tell a story with characters who have strengths and flaws and want to explore a world of magic and fun as a young adventurer. "
1on1dlj,analyticsengineering,Fabric Data Days -- With Free Exam Vouchers for Microsoft Fabric Analytics Engineering Exam,FabricPam,2025-11-03T08:57:53,2,0,https://www.reddit.com/r/analyticsengineering/comments/1on1dlj/fabric_data_days_with_free_exam_vouchers_for/,"Hi! Pam from the Microsoft Team. Quick note to let you all know that **Fabric Data Days starts November 4th.**

We've got live sessions on all things analytics and data engineering, exam vouchers and more.

We'll have sessions on cert prep, study groups, skills challenges and so much more!

We'll be offering 100% vouchers for exams **DP-600 (Fabric Analytics Engineer)** and DP-700 (Fabric Data Engineer) for people who are ready to take and pass the exam before December 31st!

You can register to get updates when everything starts --> [https://aka.ms/fabricdatadays](https://aka.ms/fabricdatadays)

You can also check out the live schedule of sessions here --> [https://aka.ms/fabricdatadays/schedule](https://aka.ms/fabricdatadays/schedule)

You can request exam vouchers starting on Nov 4 at 9am Pacific."
1on1chc,FashionTeenIndia,Wore this to a formal event (tap the pic to see the full outfit),Accomplished_baddiee,2025-11-03T08:56:16,2,3,https://i.redd.it/08qbp7l1oyyf1.jpeg,
1on1bnx,SwordAndSupperGame,In Search of Pacific Snapper,No_Assistance3575,2025-11-03T08:55:06,2,0,https://www.reddit.com/r/SwordAndSupperGame/comments/1on1bnx/in_search_of_pacific_snapper/,This post contains content not supported on old Reddit. [Click here to view the full post](https://sh.reddit.com/r/SwordAndSupperGame/comments/1on1bnx)
1on1ben,dataengineering,Fabric Data Days -- With Free Exam Vouchers for Microsoft Fabric Data Engineering Exam,FabricPam,2025-11-03T08:54:44,3,2,https://www.reddit.com/r/dataengineering/comments/1on1ben/fabric_data_days_with_free_exam_vouchers_for/,"Hi! Pam from the Microsoft Team.  Quick note to let you all know that **Fabric Data Days starts November 4th.**

We've got live sessions on data engineering, exam vouchers and more.

We'll have sessions on cert prep, study groups, skills challenges and so much more!

We'll be offering 100% vouchers for exams DP-600 (Fabric Analytics Engineer) and DP-700 (Fabric Data Engineer) for people who are ready to take and pass the exam before December 31st!

You can register to get updates when everything starts --> [https://aka.ms/fabricdatadays](https://aka.ms/fabricdatadays)

You can also check out the live schedule of sessions here --> [https://aka.ms/fabricdatadays/schedule](https://aka.ms/fabricdatadays/schedule)

You can request exam vouchers starting on Nov 4 at 9am Pacific.



"
1on1aai,nzpolitics,Those of you who say Winston Peters is a good Foreign Minister need your head checked.,Mountain_Tui_Reload,2025-11-03T08:53:07,61,26,https://i.redd.it/6yr5j87lmyyf1.png,"CONTROVERSIAL OPINION:

The reason why he loves the role is he gets to swan around the world on diplomatic missions, live in swanky hotels, charge on the govt card and do little useful.

Remember one of the first things NZ First did in power is to cancel NZ's global breakthrough to restrict deep sea trawling, earning condemnation from our Pacific island partners (who let's be honest, we're the big bully for on) and even from the US & Australia.

We ignored most of our allies on Palestine so we could kowtow to the US, which  still refuses to budge on NZ getting 50% higher tariffs than Australia. We showed no spine by agreeing to MAGA Kash Patel's standalone FBI request (vs attache office which is the norm)

And Peters lost big time at the Oxford Union address where he voiced embarrassing right wing arguments against the judiciary.

I've never understood why anyone said this guy is a good foreign leader (although to be fair I only paid attention after the last election). He just has to repeat pre-prepared statements from officials for the most part, just as he did when he was Winston version 3.92 a few years ago - saying how much he cherished freedom of press - and how our fifth estate is important to NZ's well being and democracy

These days you'll catch him harassing and threatening any journalist which asks him questions about his tobacco corruption and helping Seymour and National to cut $5 million from RNZ's budget to ""teach them a lesson""

Peters isn't pro NZ from the short time I've observed politics, but NZ First is to be taken seriously - consistently gaining in polls and a populist movement mirrored on Nigel Farage/Trump that will capitalise on the mood and pulse of a nation."
1on19ct,r4r,"33 [M4F] #California- (kern county/nearby, looking for cute outdoorsy girl",RingoTheOutlawStar,2025-11-03T08:51:47,1,1,https://www.reddit.com/r/r4r/comments/1on19ct/33_m4f_california_kern_countynearby_looking_for/,"About me: I’m a reserved dude who likes the simple things in life. I love my peace and am looking for someone who does too. I can be quirky and goofy once comfortable. I’m Latino and child of immigrants. I’m a single dad. I’m aspiring in become a forester. 

My hobbies include but not limited to: outdoor activities such as fishing, camping, off roading. Reading books about nature topics or themes, some video games, TCG such as magic and Pokemon, going to concerts and watching movies. I enjoy going out to eat; my go to is ramen. I’m happy to try new things once and more if like it.

Some bands and artist I have seen before: Silversun pickups, Metric, The Lumineers, Kings of Leon, Lindsey Stirling, Morrissey, Joan Jett and plan to see more; I usually listen to folk and alternative.

I’m not the biggest on travel but I do love to visit cities up and down the Pacific Northwest and into the southwest desert area; it’s almost “hoa hoa hoa hoa” season. And would love to have someone to share it with.

Also appreciate people who message back within a reasonable time; it ain’t the 1800s if I wanted to  get a reply 5 days later I would use a carrier pigeon.

If any of this sounds flattering to you, feel free to message and let’s get to know each other."
1on18pk,SwordAndSupperGame,Pacific Snapper: Harvest and Brave Souls,Distinct_Poem5105,2025-11-03T08:50:52,1,0,https://www.reddit.com/r/SwordAndSupperGame/comments/1on18pk/pacific_snapper_harvest_and_brave_souls/,This post contains content not supported on old Reddit. [Click here to view the full post](https://sh.reddit.com/r/SwordAndSupperGame/comments/1on18pk)
1on14t7,McDonalds,Some Free (Unused) Physical Stamp Codes for the last ~2h of Bonus Plays,kayl_breinhar,2025-11-03T08:45:26,2,7,https://i.redd.it/xsxo6d74myyf1.jpeg,"As you can see, none of these are rare and none of them have been entered (at least prior to my posting them here).  I kept them in reserve until tonight in case the AMOE emails came too late (or didn't come at all) in these last few days.

First seen, first entered, first claimed.  Best of luck with the last ~90 minutes of Bonus Spins.

**EDIT**: Pretty safe to say they're all claimed by now, spoiler tag added."
1on14a4,McDonalds,A few codes 7:15 Pacific time,Ill-Butterscotch1337,2025-11-03T08:44:39,1,3,https://www.reddit.com/r/McDonalds/comments/1on14a4/a_few_codes_715_pacific_time/,"XX3V79VVWQJH
3B46LBWMQQNT
7B78DXGX6Q8H
DMGJVRW1RNKT
KKGZQMQXXNNB
QJBBRK4XR5M3
3NX8RTJ36NZR
R444XVBVG4G6

Congrats to whoever gets these first, apologies to everyone who is a bit late. "
1on13tq,plantclinic,Crazy fungus(?) in my red ruby spikemoss!,AKLeximusPrime,2025-11-03T08:44:00,1,3,https://www.reddit.com/gallery/1on13tq,"I have never seen anything like this before! It's soil is damp. (Plant likes even moisture) I did have a humidity lid over it (I have a fan in my room, so it gets dry, and this plant likes humidity!) it sits on rocks in a drain tray. The pot is completely elevated from the runoff in the tray.

I last watered it probably 4 days ago, and I was just checking the soil.

It likes shade. It's wintery now (I live in the Pacific NW), so I have some grow lights for my other plants and this one is a few feet away from the source. The lights are on 12 hrs. It is not near a window (but the lights are).

Any ideas?? I know fungus can be a good sign of healthy soil, but this one is a little freakier than what I'm used to. 🤭

I tried to reverse google image, and was unsuccessful."
1on118o,desifragdeclutter,"Rasasi It's Essential and Albait Scandal Pour Man - High Partials, Well macerated",Dependent-Counter547,2025-11-03T08:40:22,1,0,https://www.reddit.com/gallery/1on118o,"Selling Rasasi It's Essential + Albait Scandal Pour Man 

1. Albait Scandal Pour Man - Level as seen (close to 60+/75 ml) - Src Talib - Bought for Rs 1700
2. Rasasi It's Essential - Level as seen (85+/100 ml) - Src Khanna Bros - Bought for Rs 1200

Selling Price: Combo of 2 perfumes for Rs 1999 shipped.

Shipping via Shiprocket. Location: Chennai. 
"
1on0stz,AmateurPhotography,"Riley's Railhouse Chesterton, Indiana",elcaminokid50,2025-11-03T08:28:56,3,0,https://www.reddit.com/gallery/1on0stz,My 2nd visit here. Last was in August with my gf. Planning on actually staying the night at some point in the future. Really awesome place. Especially if you're a train nut 
1on0pm2,Jandek,Oops! All Jandek — update,LowProfilePodcast,2025-11-03T08:24:39,20,6,https://i.redd.it/2swkx1deiyyf1.jpeg,"After recording 11 hour-long episodes and taking a hiatus to recalibrate, I got a surprise package from Corwood Industries and it inspired me to record a season finale (aired today on KAOS 89.3 in Olympia) and begin work on a new season.

For the premiere, I’m gonna be interviewing someone who played in the band on one of these CDs, and listen to it while we talk. That’s gonna be a crossover episode with my other KAOS show Low Profile where I mostly interview esoteric artists with whom I have a longstanding interest. 

If anybody has any Jandek-collab questions for John Kiran Fernandez (of Elephant 6 Collective) feel free to drop them here. Our interview is at 11am, Pacific Standard Time.

We’ll probably spend a few minutes setting up
Tech and will probably get to questions from the information superhighway toward the end.

I’ll be posting the rest of season one on the YouTube channel soon enough. Until then.
Markly Morrison


"
1on0mxq,NZcarfix,Recall warranty claim through Ford - any experiences?,xKiwiz,2025-11-03T08:20:53,7,6,https://www.reddit.com/r/NZcarfix/comments/1on0mxq/recall_warranty_claim_through_ford_any_experiences/,"So I’ve got a 2017 Ford Ranger that has broken down due to overheating and caused damage to the engine. Mechanic believes it could possibly be related to the egr but won’t know until he takes the transmission off. We’re dealing with my mechanical insurance so waiting for work to be approved first before anything goes ahead. Been quoted $21k ($10k would be covered by insurance) to fix said issue but here’s the other option. It’s had a recall from ford themselves to come in and replace the EGR Cooler and in their words:

Ford Motor Company has authorised your dealer to replace the EGR Cooler free of charge (parts and labour), including any consequential engine-related damage.

Just curious if anyone has dealt with a similar issue with Ford/pacific motor group. Trying to toss up what’s better for me cost wise and want to see if anyone has dealt with anything similar. Would be  $350 cost for ford to look at it and figure out if it’s related to that or not but they said that it would be covered but I don’t believe that totally. Otherwise it goes back to my mechanic and i fork out the $11k. Not ideal lol "
1on0lyy,whatsthatbook,90s YA Murder Mystery with Time Travel,greedoshootssecond,2025-11-03T08:19:33,4,1,https://www.reddit.com/r/whatsthatbook/comments/1on0lyy/90s_ya_murder_mystery_with_time_travel/,"I had this book in the early 90s, but I'm not sure when it was written. I think the cover might have had a picture of a cliff with water or something like that on it. May have been set in Seattle or Pacific Northwest. My copy was signed by the author, who I believe was a woman, so signed copies were available for purchase at regular book stores (not a signing event). 

I want to say that the female protagonist had a name like Sookie or something like that (or maybe that was another character's name). She either goes back in time or otherwise has a way of seeing the past, and she is trying to stop her (mother's?) murder or at least catch the killer. Killer turns out to be a male good friend / trusted person in her life. 

I loved this book and want to get it for my niece who is into murder mysteries, but I can't remember enough to pin down the title. "
1on0knf,neoliberal,Justice Department tells Congress Trump doesn’t need its approval for military strikes on alleged drug boats,r1input,2025-11-03T08:17:45,31,1,https://www.cnn.com/2025/11/02/politics/justice-department-tells-congress-trump-doesnt-need-its-approval-for-military-strikes-on-alleged-drug-boats,"A senior Justice Department official has told Congress that the Trump administration can continue lethal military strikes on alleged drug traffickers without congressional approval and that the administration is not bound by a decades-old war powers law, two congressional sources familiar with the matter told CNN.

The head of the Department of Justice’s powerful Office of Legal Counsel (OLC), T. Elliot Gaiser, told select Senate and House lawmakers on Thursday that the US strikes on alleged drug boats in the Caribbean Sea and Pacific Ocean did not trigger the law’s requirements because they don’t meet the definition of hostilities and did not require a declaration of war from Congress, said the sources, who spoke on the condition of anonymity because of the sensitivity of the matter.

Gaiser was drawing on a classified legal opinion produced by his office that justifies the strikes by equating drug cartels with terrorists and focuses on the death caused by the drugs brought to American shores, the sources said. Gaiser emphasized the fact that the US military wasn’t being attacked in response to the strikes as part his argument that America was not at war, the sources said.

The US military has carried out at least 15 known strikes against alleged drug-smuggling vessels since early September, killing a total of 64 people, according to a CNN tally. The latest known strike occurred on Saturday in the Caribbean, killing three people.

Some legal experts have said the military strikes could violate US and international law. Democratic lawmakers, and at least one Republican, have criticized the administration for not being more forthcoming with details on the legal justification for the strikes.

The Trump administration notified Congress in early September that it had struck an alleged drug vessel. Under the 1973 War Powers Resolution, that notification started a 60-day clock, after which the administration has to either cease the use of military force, get an extension on the clock or a war authorization from Congress, according to legal scholars.

But Gaiser told lawmakers that the administration does not need to seek an extension of that 60-day clock, which expires on Monday, because the law doesn’t apply in this case, the sources said.

CNN first reported on the existence of the OLC opinion, which legal experts said appears to justify an open-ended war against a secret list of cartels and suspected drug traffickers. The opinion appears designed to give the president power to designate drug traffickers as enemy combatants and have them summarily killed without legal review, those experts said. Historically, those involved in drug trafficking were considered criminals with due process rights, with the Coast Guard interdicting drug-trafficking vessels and arresting smugglers.

CNN has requested comment from the White House and the Justice Department on the congressional briefings and the administration’s legal rationale for striking the alleged drug boats.

The Washington Post first reported on Gaiser’s briefing of lawmakers.

President Donald Trump issued an executive order on the first day of his second term designating certain drug cartels as foreign terrorist organizations, giving the US military greater leeway to attack them. The administration’s strikes on alleged drug boats have coincided with increased pressure on the regime of Venezuelan autocrat Nicolás Maduro.

Trump is considering plans to target cocaine facilities and drug trafficking routes inside Venezuela, though he has not yet made a decision on whether to move forward with them, CNN reported last month."
1on0gfe,ColdWarPowers,[REDEPLOYMENT] New Forces for the War,grandlakerocks,2025-11-03T08:11:56,7,0,https://www.reddit.com/r/ColdWarPowers/comments/1on0gfe/redeployment_new_forces_for_the_war/,"**May Retro Deployments With Mod Approval:**

* USS *Leyte* (CV-32) & escorts to be deployed to Korea.
* USS Boxer (CV-21) to transport aircraft to Korea.
* USS Valley Forge (CV-45) & escorts to be deployed to Korea.
* USS Philippine Sea (CV-47) & escorts to be deployed to Korea.
* USS Juneau (CL-119) to be sent to Korea.
* USS Saint Paul (CA-73) to be sent to Korea.
* USS Worcester (CL-144) to be sent to Korea.
* 1st Marine Division and its air/naval complement are to be deployed to Korea.
* 22nd and 92nd Bombardment Groups moved to the Pacific. 

**July 1950**

**Army:**

* After time preparing in the US for deployment, the 2nd Infantry Division & 82nd Airborne Division are to be transported to Korea.
* The 9th Infantry Division, 10th Infantry Division, & 4th Infantry Division from the USAR are to be mobilized over the coming months.

**Navy:**

* Just a ton of ships, like so so fucking many ships
   * Important ones include:
      * USS New Jersey (BB-62)
      * USS Princeton (CV-37)
* USS Missouri (BB-63) transferred to Korea along with supporting ships.
* USS Bataan (CVL-29) to be moved to the Pacific fleet

**Air Force:**

* Air National Guard units are being activated and/or their equipment is being prepared for shipment to Korea."
1on0c2j,modeltrains,Have a couple questions on lionels parts store,Kind-Nectarine8934,2025-11-03T08:05:58,4,1,https://i.redd.it/2xdw7hk3eyyf1.jpeg,"So I'm doing something involving a fef boiler shell but every single one is out of stock. I see this slot on it because a year ago I was buying parts for a different project about a year ago, and while scrolling around, most frames,boiler, smoke box fronts and tender parts are always out of stock. Want to know why they keep selling out and will they ever get restocked or a  place where I can get parts."
1on08q6,Santiago,Gimnasios en Santiago con las 3B,Present-Button182,2025-11-03T08:01:29,3,4,https://www.reddit.com/r/Santiago/comments/1on08q6/gimnasios_en_santiago_con_las_3b/,"Holaa, estoy buscando gimnasios que sean baratos y que tengan buenas maquinas, en Santiago.
He visto que los pacific gym (upgrade gym) tienen planes muy accesibles pero he escuchado que las sedes no son muy buenas y siempre se llenan. Energy club, tiene un precio un mas accesible, pero algunas sedes estan en lugares bastante peligrosos y tampoco sé como son.
Tambien he escuchado de cadenas de gyms como sportlife, mindfit pero su coste mensual es demasiado alto.
Y los smart fit, pese a que tienen buenas maquinas  ahora estan maa caros.

Si saben de algun gym no tan popular que sea bueno, o si me pudieran contar sus experiencias en los gyms que menciones, se los agradeceria muchisimo."
1on07ue,vintageaudio,My budget setup as a student,SafeAbility9235,2025-11-03T08:00:19,35,5,https://i.redd.it/54wtz4l1eyyf1.jpeg,
1on03sf,pacificDrive,One hell of a game,Ejen_Of_Blades,2025-11-03T07:54:50,46,5,https://i.redd.it/mtv4gj73dyyf1.jpeg,
1omzuz3,ShashwatAstrology555,"Today's Panchang "" 3 November 2025 "" Monday "" "" Vishveshwar Vrat """,Mediocre-File5064,2025-11-03T07:43:04,10,0,https://i.redd.it/t6tcygttayyf1.png,"Namaste Shashwat Jyotish 555 family    
I Astro Shashwat Sharma warmly welcome you  
  
1. Todays Panchang Kartik Shukla Paksha Monday Tithi Trayodashi till 02 05 AM November 04 then Chaturdashi Nakshatra Uttara Bhadrapada till 03 05 PM then Revati Yoga Harshana till 07 40 PM then Vajra Karana Kaulava till 03 40 PM then Taitila till 02 05 AM November 04 then Gara  
  
2. Todays focus Vishweshwar Vrat Som Pradosh Vrat Panchaka Gand Mool Ravi Yoga Adal Yoga Vidal Yoga  
  
3. Vishweshwar Vrat significance worship of Lord Shiva as Vishweshwara of Kashi In Kartik Shiva puja gives pitri peace relief from ailments debt relief auspicious Mars and stable prosperity It dispels mental unrest fear and indecision  
  
4. Vishweshwar Vrat simple home method after bath sit facing East or North offer sacred water or Gangajal abhisheka perform Panchamrit abhisheka milk curd honey ghee water then a pure water rinse offer 3 or 5 or 11 bilva leaves chanting Om Namah Shivaya on each recite Kashi Vishwanathashtakam or Lingashtakam offer roti rice jaggery and mixed dry fruits conclude with aarti and forgiveness prayer  
  
5. Som Pradosh Vrat fruit Pradosh is the one and a half ghadi around sunset a special window of Shiva grace Monday Pradosh calms the mind pacifies Chandra dosha protects children and health reduces debts and obstacles  
  
6. Som Pradosh puja sequence in Pradosh period bathe the Shivalinga with water and milk you may scent raw milk with a drop of saffron or attar offer bilva akshata dhatura white flowers chant Mahamrityunjaya 108 Panchakshari Om Namah Shivaya 108 recite Shiva Chalisa or Rudrashtakam conclude with aarti and Shanti path  
  
7. Ravi Yoga 03 05 PM to 06 35 AM November 04 obstacle removing window best for new resolves starts purchases investments charity and japa prepare for Pradosh puja in this window  
  
8. Vidal Yoga 06 34 AM to 03 05 PM may bring indecision and mental fatigue keep first payments big contracts and job shifts after this window if unavoidable do 108 chants of Om Gam Ganapataye Namah before starting  
  
9. Adal Yoga 03 05 PM to 06 35 AM November 04 plans may change repeatedly write your task list start after Ganesh japa to reduce confusion  
  
10. Panchaka all day avoid starting major roof works buying bed and mattress long southbound travel and commencement of funeral rites if unavoidable do Gayatri 108 one Hanuman Chalisa and feed crows with roti and jaggery as pacification  
  
11. Gand Mool from 03 05 PM due to Revati For newborns perform Gand Mool Shanti on the 27th day or when the birth nakshatra returns For homes do 108 Ganesh japa light a black sesame oil lamp once for Ketu pacification and chant Mahamrityunjaya 51 times  
  
12. Disha shool East for Eastbound travel have curd with sugar keep a Tulsi leaf in the mouth and depart after 11 chants of Om Ghrini Suryaya Namah  
  
13. Todays nakshatra traits Uttara Bhadrapada till 03 05 PM deity Ahirbudhnya lord Saturn excellent for deep study resolve long term planning foundations and public welfare avoid anger and inertia Revati thereafter deity Pushan lord Mercury supports travel accounting arts music healing and compassion watch expenses and emotional overflow  
  
14. Todays yoga effects Harshana till 07 40 PM aids cheer harmony and team coordination Vajra after that can trigger friction and disputes keep speech measured and decide on facts  
  
15. Karana use Kaulava till 03 40 PM good for meetings travel and communications Taitila till 02 05 AM good for installations agreements purchases and technical setup Gara after that best for stable decisions documentation archiving and filing  
  
16. Vishweshwar Vrat sankalpa I observe Vishweshwar Vrat today on Kartik Shukla Trayodashi to please Lord Kashi Vishwanath and become worthy of merit through abhisheka puja japa and charity  
  
17. Mantra japa today in Uttara Bhadrapada Om Ahirbudhnyaya Namah 108 and Om Sham Shanaischaraya Namah 27 in Revati Om Pushne Namah 108 and Om Bum Budhaya Namah 108 for Monday Om Namah Shivaya 108 and Om Chandraya Namah 108 for Trayodashi Om Namo Bhagavate Rudraya 108 and Mahamrityunjaya 108 for Kartik month Om Damodaraya Namah 108 or Om Namo Bhagavate Vasudevaya 108  
  
18. Sandhya puja sequence light lamps at doorway and Tulsi do Ganesh dhyana 11 chants perform Shiva abhisheka offer bilva chant Panchakshari 108 and Mahamrityunjaya 108 recite Rudrashtakam or Shiva Chalisa do a brief Vishnu Sahasranama dhyana or 8 verses of Damodarashtakam in Pradosh perform aarti and Shanti path  
  
19. Simple home remedies do Shiva abhisheka with water mixed with black sesame offer one cardamom and sugar to Shiva then share as prasad at business place make a clean heap of rice draw a Swastika with roli and turmeric place one coin and utter Shreem 11 times offer arghya to the Sun with water mixed with jaggery roli and akshata rotate a camphor lamp with one clove around the home for purification  
  
20. For health and peace take a little kheer of white rice as per diet or for fasters take light phalahar with a few Tulsi leaves eat slowly with Shiva nama japa  
  
21. Work start guidance take major decisions investments contracts and first payments in Ravi Yoga avoid new commitments in the combined period of Rahukal Vidal and Adal do Pradosh puja surely  
  
22. Suggested stotras Kashi Vishwanathashtakam Lingashtakam Shiva Mahimna Stotram 5 or 11 verses Shiva Tandava Stotram 3 verses as per devotion  
  
23. Obstacle pacification morning 108 chants of Om Gam Ganapataye Namah then apply tilak before starting tasks if a dispute is likely during Vajra yoga keep calm use few words and a steady tone  
  
24. Special Shabar mantra for Shiva grace and quick obstacle removal    
Mantra Guru Gorakhnath ki duhai Bholenath Vishweshwar sahai    
Durbuddhi door karayen sankat kshan mein bachayen    
Om Namah Shivaya Hreem Phat Swaha    
Method in Som Pradosh or Ravi Yoga light a ghee lamp write Om on a bilva leaf with roli place it before Shiva then chant the mantra 21 or 51 or 108 times after japa offer the same bilva leaf to the Shivalinga or Shiva image this is a simple non initiation practice doing it for seven Mondays helps pacify fear and supports success  
  
25. My humble advice keep less show and more devotion follow time discipline with Shiva worship truth gentle speech compassion and japa charity subtle doshas pacify naturally  
  
26. Please share this post with all your groups Om Sarve Bhavantu Sukhinah Sarve Santu Niramayah Sarve Bhadrani Pashyantu Ma Kashchidduhkhabhagbhavet add more members to the group  
  
27. For horoscope analysis Vedic remedies mantra therapy consecrated gemstones and substitutes yellow sapphire blue sapphire opal ruby pearl emerald hessonite cats eye consecrated rudraksha consecrated yantras business growth yantra Shukra mani home peace yantra or any personal physical or mental healing guidance feel free to contact Har Har Mahadev yours Astro Shashwat Sharma  
  
28. Join our special WhatsApp group and benefit from powerful ancient proven and rare remedies to be performed during this festive period"
1omzs6w,centralcoast,What nicknames have you heard for places in the Central Coast?,topherette,2025-11-03T07:39:25,3,8,https://www.reddit.com/r/centralcoast/comments/1omzs6w/what_nicknames_have_you_heard_for_places_in_the/,"I ask as part of a linguistic study on this topic!

Examples could include things like Mudhole/ATown, Poketown or Cow Poly (never mind for now how common they are) 

https://preview.redd.it/4a8bq1ubayyf1.png?width=1714&format=png&auto=webp&s=ce09b1629603b039933f6300650901871fe8b04a

(even nicknames for schools, parks, shopping centers etc. are of interest!"
1omzqgi,EEW,"🌏 Off East Coast Of Kamchatka: Землетрясение - Earthquake (5.2 M, at 01:49 UTC)",BrainstormBot,2025-11-03T07:37:10,1,0,https://www.reddit.com/r/EEW/comments/1omzqgi/off_east_coast_of_kamchatka_землетрясение/,"> 📈 Землетрясение **6.3 Mb,** registered by GFZ,GlobalQuake, 2025-11-03 07:10:26 UTC (gibbous moon), on water, *Off East Coast Of Kamchatka* (52.22, 159.85) likely felt 350 km away (www.seismicportal.eu)

^2025-11-03T07:29:08Z

> 🌖 Землетрясение! Earthquake! **5.9 Mgqm,** registered by GlobalQuake, 2025-11-03 07:10:27 UTC (gibbous moon), on land, *North Pacific* (52.1, 159.96) likely felt 270 km away (localhost:38002)

^2025-11-03T07:19:51Z

> 🌏 Землетрясение! Earthquake! **5.2 M,** registered by EMSC, 2025-11-03 01:49:11 UTC (daytime) on land, *North Pacific* (52.45, 159.91) likely felt 170 km away (www.seismicportal.eu)

^2025-11-03T02:07:09Z"
1omzqgf,Earthquakes,"🌏 Off East Coast Of Kamchatka: Землетрясение - Earthquake (5.2 M, at 01:49 UTC)",BrainstormBot,2025-11-03T07:37:10,1,0,https://www.reddit.com/r/Earthquakes/comments/1omzqgf/off_east_coast_of_kamchatka_землетрясение/,"> 🌖 Землетрясение! Earthquake! **5.4 Mb,** registered by EMSC, 2025-11-03 11:37:53 UTC (gibbous moon), on land, *North Pacific* (52.52, 160.25) likely felt 190 km away (www.seismicportal.eu)

^2025-11-03T11:51:16Z

> 🌖 Землетрясение! Earthquake! **5.5 M,** registered by EMSC, 2025-11-03 11:34:04 UTC (gibbous moon), on land, *North Pacific* (52.27, 160.26) likely felt 210 km away (www.seismicportal.eu)

^2025-11-03T11:48:18Z

> 🌖 Землетрясение! Earthquake! **5.0 Mb,** registered by KOERI, 2025-11-03 11:21:39 UTC (gibbous moon), on land, *North Pacific* (52.38, 159.58) likely felt 40 km away (www.koeri.boun.edu.tr)

^2025-11-03T11:44:02Z

> 🌖 Землетрясение! Earthquake! **5.0 Mb,** registered by KOERI, 2025-11-03 10:01:59 UTC (gibbous moon), on water, *Off East Coast Of Kamchatka* (52.24, 160.08) likely felt 50 km away (www.koeri.boun.edu.tr)

^2025-11-03T10:18:07Z

> 🏠 Землетрясение! Earthquake! **5.1 Mb,** registered by GFZ, 2025-11-03 08:07:38 UTC (gibbous moon), on land, *Off East Coast Of Kamchatka* (52.84, 159.04) likely felt 160 km away (in Петропавловск-Камчатский, Вилючинск, Елизово…) by 221800 people (www.seismicportal.eu)

^2025-11-03T08:52:30Z

> 🌖 Землетрясение! Earthquake! **6.3 Mgqm,** registered by GlobalQuake, 2025-11-03 08:44:42 UTC (gibbous moon), on land, *North Pacific* (51.79, 160.2) likely felt 350 km away (localhost:38002)

^2025-11-03T08:51:14Z

> 🌖 Землетрясение! Earthquake! **5.8 Mb,** registered by CI,US,usauto, 2025-11-03 07:10:24 UTC (gibbous moon), on land, *North Pacific* (52.2, 160.04), ↓23 km likely felt 300 km away (service.scedc.caltech.edu)

^2025-11-03T08:00:56Z

> 📈 Землетрясение **6.3 Mb,** registered by GFZ,GlobalQuake, 2025-11-03 07:10:26 UTC (gibbous moon), on water, *Off East Coast Of Kamchatka* (52.22, 159.85) likely felt 350 km away (www.seismicportal.eu)

^2025-11-03T07:29:08Z

> 🌖 Землетрясение! Earthquake! **5.9 Mgqm,** registered by GlobalQuake, 2025-11-03 07:10:27 UTC (gibbous moon), on land, *North Pacific* (52.1, 159.96) likely felt 270 km away (localhost:38002)

^2025-11-03T07:19:51Z

> 🌏 Землетрясение! Earthquake! **5.2 M,** registered by EMSC, 2025-11-03 01:49:11 UTC (daytime) on land, *North Pacific* (52.45, 159.91) likely felt 170 km away (www.seismicportal.eu)

^2025-11-03T02:07:09Z"
1omzp9c,SwordAndSupperGame,A Spooky Search for Pacific Snapper,Codes15,2025-11-03T07:35:41,1,0,https://www.reddit.com/r/SwordAndSupperGame/comments/1omzp9c/a_spooky_search_for_pacific_snapper/,This post contains content not supported on old Reddit. [Click here to view the full post](https://sh.reddit.com/r/SwordAndSupperGame/comments/1omzp9c)
1omzlr4,freighttrainswwa,grade crossing draw bridge #Union pacific locos Freight cars Longview jc...,Realistic-Insect-746,2025-11-03T07:31:13,1,0,https://youtube.com/watch?v=jjXmrVkNhQQ&si=kGEEw_heG3xy-Poe,
1omzgi7,NBA2k,Looking for a crew? Grandma got the Glock is the place for you!,Alive-Bit2544,2025-11-03T07:24:26,0,1,https://www.reddit.com/r/NBA2k/comments/1omzgi7/looking_for_a_crew_grandma_got_the_glock_is_the/,"Good evening!
We are a level 11 crew and there is currently only 3 of us. We plan damn near every night beginning at 7pm pacific time. We are just laid back individuals looking for like minded individuals that want to level up together. Drop your psn or 2k username and I’ll add you.  😎"
1omzeyu,Skigear,Help me dial in the perfect PNW resort quiver,Glittering-Sky2216,2025-11-03T07:22:25,1,19,https://www.reddit.com/r/Skigear/comments/1omzeyu/help_me_dial_in_the_perfect_pnw_resort_quiver/,"Hey all — I’m working on my resort quiver for the Pacific Northwest and could use some wisdom. I’m based in Seattle, skiing mostly Crystal and Alpental, with a trip to Whistler and Alta planned for this season. 

The plan so far:
- Low-tide / groomers: Blizzard Rustler 10 

- Soft chop / <1 ft fresh: Moment Countach 110

- Deep days / travel: Atomic Bent 120 or Maverick 115 CTi — still deciding which feels better for big storm cycles and trips south. I like the idea of lighter pow skis. 

I’m 5’10”, 175 lbs, int/advanced resort skier — like to ski fast, hunt for stashes, and hit side hits, not park laps. Still getting more comfortable in deep snow. 

Would you change anything here? Go narrower for the daily driver? Anyone have first-hand time on the Countach 110 or Bent 120 in heavy PNW snow?

Always love hearing what others are running this season — what’s your go-to setup for the Cascades?"
1omzdze,MBFC,Designing an MBFC Kit After Every Win/Draw: No. 3 for 2025,lc_uin16,2025-11-03T07:21:03,13,1,https://www.reddit.com/gallery/1omzdze,"**Designing a new MBFC kit after every win/draw: No. 3**

March 22, 2025  
Irvine, CA

**Monterey Bay FC** 3 | **Orange County SC** 0

**RECORD:** 2-1-0

\---

The one time I visited the west side of Santa Cruz, I was so inspired by what I saw that I came up with a pattern I'd been itching to use for *something* since 2019 🐳🌊"
1omzdya,googlemapsshenanigans,Sleep travel,juliette_3000,2025-11-03T07:21:01,0,3,https://www.reddit.com/gallery/1omzdya,"I was mapping train routes in Egypt while asleep. I seem to like google maps because this isn't the first time I've done stuff like this in my sleep. Another time I pinned an island out in the middle of the Pacific Ocean but I failed to find a route there. 
 Oddly my dream was completely different then Egypt.. i was hiking a mountain top high up with a view of everything below. 

Dunno if this fits in this subreddit I just finally caught myself doing it and wanted to share pics 🤣😴"
1omzd6y,Jaguars,"With the win tonight, Trevor now holds half the Jags win in pacific time zone",Posluszny,2025-11-03T07:20:05,75,15,https://www.reddit.com/r/Jaguars/comments/1omzd6y/with_the_win_tonight_trevor_now_holds_half_the/,"We have six wins in pacific time zone in franchise history, Trevor has three.

Beat the Raiders in 97, 04 and 19 without him.

Beat the Chargers in 22, 49ers and Raiders in 25 with him. "
1omzczd,BreakingPoints,War Powers Resolution Is Next Thing To Get Trump’d,MinuteCollar5562,2025-11-03T07:19:50,15,5,https://www.reddit.com/r/BreakingPoints/comments/1omzczd/war_powers_resolution_is_next_thing_to_get_trumpd/,"Tomorrow is the 60th day of the “strikes” against boats in the Caribbean and Pacific. The administration sent their report on the first strike on September 4th (you have to report within 48 hours). Now the administration is claiming that the strikes do not rise to meet the requirements of needing the War Powers Resolution. 

According to the Washington Post: “T. Elliot Gaiser, head of the Trump administration’s Office of Legal Counsel, said the administration did not believe the strikes met the definition of hostilities under the law and did not intend to seek an extension of the deadline nor Congress’s approval of ongoing action, according to three people familiar with the matter, who, like others interviewed for this article, spoke on the condition of anonymity because of the sensitivity of the matter.”

Their argument is that no US service members are in danger… which would mean that any launching of missiles or use of drones, could be considered something that doesn’t constitute “hostilities”.

And before anyone says “but Obama!” Yeah… and that was breaking the war powers act and we shouldn’t have fucked around in Libya, especially without congressional approval."
1omzbtb,jobhuntify,Remote Job - Medallion - Marketing Operations Manager,jobhuntify,2025-11-03T07:18:16,1,0,https://www.reddit.com/r/jobhuntify/comments/1omzbtb/remote_job_medallion_marketing_operations_manager/,"🧑‍💻 Level: manager

📌 Location: remote

🌆 City: , US

🗓 Type: fullTime

💵 Salary: 105k - 173k USD (annual)

Description: ## Marketing Operations Manager
****About Medallion****
Healthcare is going through an unprecedented transformation towards digital care. Medallion provides the critical administrative infrastructure to make that change possible. Our platform enables organizations to license their providers in new states, verify existing credentials, and get in-network with health plans. In just over three years, our platform has become an industry standard powering hundreds of healthcare companies to reduce administrative burden for tens of thousands of providers across the country. To date, Medallion has saved over 500,000 administrative hours for our customers!
As one of the fastest-growing healthcare technology companies—ranked No. 3 on Inc. Magazine’s 2024 Fastest-Growing Private Companies in the Pacific Region, No. 5 on LinkedIn's 2024 Top Startups in the US, a Glassdoor Best Place to Work in 2024 & 2025, and featured on The Today Show—Medallion is revolutionizing provider network management. Our CEO, Derek Lo, has been named one of the Top 50 Healthcare Technology CEOs of 2024 by The Healthcare Technology Report. Backed by $130M in funding from world-class investors like Sequoia Capital, Google Ventures, Optum Ventures, Salesforce Ventures, Acrew Capital, Washington Harbour, and NFDG, we’re on a mission to transform healthcare at scale.
__We prioritize candidate safety. Please be aware that official communication will only come from @medallion.co email addresses.__
****About the role****
As the Marketing Operations Manager, you will play a critical role in helping the Marketing team scale new programs, experiment effectively, and deepen our engagements with both prospects and customers. You’ll own the orchestration and execution of tech-enabled campaigns that allow the team to launch faster, nurture leads more intelligently, and partner on growth-oriented activities. With the MarTech stack — including platforms like HubSpot, Qualified, HockeyStack, and others — as your domain, you’ll ensure the systems are optimized, integrated, and aligned with the broader marketing and sales strategy.
This is a highly collaborative, cross-functional role ideal for a systems-minded, data-driven marketing operator who thrives in fast-paced environments. You’ll work closely with leaders across Marketing, Revenue Operations, and Sales to ensure seamless execution of campaigns, automation, and lead management processes that fuel pipeline growth. The ideal candidate is both strategic and hands-on, equally comfortable designing scalable workflows in HubSpot (and other tools) as they are partnering with stakeholders to align marketing operations with business goals.
This role reports to the Head of Demand Generation, with a base compensation range of $105,000–$173,000. In addition to base salary, Medallion offers equity and a comprehensive benefits package. Final compensation will be determined based on a variety of factors including experience, skills, and location.
****What you'll do****
****Management & optimization of key tools (Hubspot, Qualified, HockeyStack, et al.)****
  * Oversee the management, integration, and optimization of key GTM platforms (HubSpot, Qualified, HockeyStack, and additional tools as adopted).
  * Own the setup, configuration, and ongoing optimization of HubSpot to ensure seamless lead management, marketing automation, and campaign execution. Ensure HubSpot is fully integrated into the GTM strategy, aligning workflows with broader marketing and sales objectives.
  * Drive consistent processes and data flow across the GTM stack, ensuring integrations between platforms are properly configured and optimized. Evaluate and implement best practices to maximize performance across all tools, supporting revenue operations, campaign measurement, and pipeline acceleration.


****Campaign execution & automation****
  * In partnership with Demand Gen team and leveraging our full MarTech stack, build, execute, and optimize marketing campaigns (email, web, and other digital channels) to drive engagement and lead conversions.
  * In partnership with the Customer success team, build, execute, and optimize customer marketing programs to expand upsell and cross-sell 
  * Develop and refine automated workflows, drip campaigns, and lead nurturing sequences to accelerate leads through the funnel.


****Lead scoring, segmentation & data governance/hygiene****
  * Regularly partner with Marketing leads to measure and maintain lead scoring models to help sales prioritize high-value prospects.
  * Implement and refine audience segmentation strategies to improve targeting and engagement.
  * Establish and enforce SOPs for data cleanliness, accuracy, and compliance with regulatory requirements (e.g., opt-in/out, privacy laws).


****Email marketing & engagement****
  * Oversee the creation, deployment, and optimization of email campaigns, ensuring high deliverability, open rates, CTRs, and conversions.
  * Implement A/B testing, personalization, and segmentation strategies to maximize email effectiveness.


****Qualifications****
  * 5+ years of experience in marketing operations preferably within Enterprise B2B SaaS or Health Tech environments, with a track-record of optimizing systems and campaigns at high growth companies.
  * Are highly proficient in marketing automation platforms and integrated MarTech tools, with strong preference for candidates experienced in HubSpot.
  * Are comfortable working collaboratively to bridge strategy and execution to design scalable workflows and uphold data governance across the GTM stack
  * Have strong analytical instincts: you draw insights from data, measure campaign and system performance, maintain clean and governed data, and drive improvements of efficiency, lead quality, and funnel velocity.
  * Bring exceptional communication skills and are comfortable talking both technically (e.g., integrations, data flows, system configuration) and strategically (e.g., how these efforts yield value for the rest of the sale org and marketing team, how MarTech maturity enables program testing, campaign scaling, and growth with precision).


Apply now
Marketing
Remote (United States)
Share on:
Apply now
Terms of servicePrivacyCookiesPowered by Rippling


Visit https://jobhuntify.com for more remote jobs."
1omz6fm,SwordAndSupperGame,Pacific Snapper and Longing,mark_hadfield,2025-11-03T07:11:11,1,0,https://www.reddit.com/r/SwordAndSupperGame/comments/1omz6fm/pacific_snapper_and_longing/,This post contains content not supported on old Reddit. [Click here to view the full post](https://sh.reddit.com/r/SwordAndSupperGame/comments/1omz6fm)
1omz50r,u_JLGoodwin1990,A compilation of re-done stories,JLGoodwin1990,2025-11-03T07:09:20,3,0,https://www.reddit.com/r/u_JLGoodwin1990/comments/1omz50r/a_compilation_of_redone_stories/,"Hello, all!

I'll make this short and sweet. I'm trying to gear back up to writing again. While I'm trying to psyche myself up to work again, I've been doing a little work the last month or so. I've been quietly working on some of my older stories, going back over them and polishing them. Some, where they were already good as is, have simply been gone over with a fine tooth comb, changing some things to improve the pacing, grammar, or dialogue, or remove meta aspects from the narrative that were required in order to post them elsewhere.

Others, I have completely redone sections of: In the case of one story, I have completely rewritten the back half of the ending to make it more cohesive, and a purely fictional story with a definitive beginning, middle and end. Something that it's original posting location wasn't able to allow.

I will likely keep doing this with older stories of mine, to improve them as time goes on. Because of that, I'm creating this post to compile them all for you, so you can check them out if you wish.

Thank you, all!

My Wife and I went to Las Vegas for our Honeymoon: https://www.reddit.com/r/creepcast/s/tbraalyf3F

I took a drive late one night. What happened will haunt me for the rest of my life: https://www.reddit.com/r/creepcast/s/tDboTO8Iaf

In 1970, the state of Oregon blew up a beached whale. They lied about the reason why: https://www.reddit.com/r/creepcast/s/c7iPaS9zyh

I don't shower with my door ajar anymore: https://www.reddit.com/r/creepcast/s/ec7OdizfrK

There's an Old Gas Station in the forests of the Pacific Northwest. If you ever see it, keep driving: https://www.reddit.com/r/creepcast/s/1S3mGI7Vxa

Just a Nightmare: https://www.reddit.com/r/creepcast/s/9JCkHyY35u

Some Abandoned Towns Shouldn't be Explored: https://www.reddit.com/r/creepcast/s/57RIspWRyp

Final Entries from a doomed Algerian expedition: https://www.reddit.com/r/creepcast/s/GR27dRTbui

Six People disappeared from Nantucket Island in 1980. Something took them: https://www.reddit.com/r/creepcast/s/7W9ahHHZzd

The Hunger on Sycamore Street: https://www.reddit.com/r/creepcast/s/gzF2BUE3y7

The Buoy: https://www.reddit.com/r/creepcast/s/pLJ4O0IKK5

I found a journal washed ashore at the beach. What I read will give me nightmares the rest of my life: https://www.reddit.com/r/creepcast/s/MdYPclgcu3
"
1omz3cs,NoMansSkyBuddies,Buddies Tour Day - Nov 4th,ctfrenchy,2025-11-03T07:07:06,14,1,https://v.redd.it/4s03uxcu3yyf1,Quick edit. BUDDIES TOUR DAY every Sunday 5pm GMT (10am Pacific 1pm East Coast)
1omyv0e,fragranceswap,"[WTS] Last week of LOWEST Prices! New: Dior Private, Tauer, Ombre Nomade, PDM, & Ex Nihilo. LV, Chanel, Nasomatto, Nishane, Xerjoff, MFK, Kilian, ADParma, Armani, MFK, Orto Parisi, Frederic Malle, Clive Christian, Penhaligon's, Guerlain, Diptyque, Byredo + More (Decant)",Ajent707,2025-11-03T06:55:53,3,9,https://www.reddit.com/r/fragranceswap/comments/1omyv0e/wts_last_week_of_lowest_prices_new_dior_private/,"* Orders <$79 Shipping $6
* Orders >$79 Shipping $2
* PayPal/Venmo F&F/G&S (+3.3% Fee)|Zelle|First Born
* **SHIP OUT ETA: MONDAY**

[Decant Pics](https://imgur.com/a/dsTqaKc)
2ml/5ml/5ml Pressurized /10ml/30ml
+$4/each 5ml Pressurized
* Hand Crimped and it’s a PITA, hence the price

Reply “Chat” then DM me

✨**Newly Added**

🥀**RARE**

*If not enough juice to fill your order you can:
1. Get the juice and I refund you the difference OR
2. Get no juice and get refunded for that scent*

*Mobile: Scroll Right to See Prices*

|[AARON TERENCE HUGHES](https://imgur.com/a/BYoHQk4)|2ml|5ml|10ml|30ml|
|:-|:-|:-|:-|:-|
|Hard Candy|$12|$24|$38|—|
|Hard Candy Elixir|$13|$26|$42|—|
|Supersonic|$18|$36|$58|—|

|[ACQUA DI PARMA](https://imgur.com/a/adp-oiWBvrN)|2ml|5ml|10ml|30ml|
|:-|:-|:-|:-|:-|
|Colonia|$3|$6|$10|$24|
|Fico Di Amalfi La Riserva|$9|$18|$29|$72|

|[ADAMO PARFUMS](https://imgur.com/a/WZWIk3p)|2ml|5ml|10ml|30ml|
|:-|:-|:-|:-|:-|
|Clifton|$9|$18|$29|$82|
|Eden|$11|$22|$35|$100|
|Juanillo|$8|$16|$26|$66|
|Uluwatu|$9|$18|$29|$82|

|[AMOUAGE](https://imgur.com/a/amouage-jfWWxzF)|2ml|5ml|10ml|30ml|
|:-|:-|:-|:-|:-|
|Interlude|$6|$12|$19|~~$48~~|
|❌Jubilation XXV|—|—|—|—|
|Reflection Man|$8|$16|$26|~~$64~~|

|[ARGOS](https://imgur.com/a/argos-fKVd3ta)|2ml|5ml|10ml|30ml|
|:-|:-|:-|:-|:-|
|Sacred Flame|$8|$16|$26|$64|

|[ATELIER COLOGNE](https://imgur.com/a/lfQa5VI)|2ml|5ml|10ml|30ml|
|:-|:-|:-|:-|:-|
|Clémentine California|$4|$8|$13|$32|
|Orange Sanguine|$4|$8|$13|$32|
|Pacific Lime|$4|$8|$13|$32|
|Pomélo Paradis|$4|$8|$13|$32|

|[AZZARO](https://imgur.com/a/azzaro-oymqVmH)|2ml|5ml|10ml|30ml|
|:-|:-|:-|:-|:-|
|Most Wanted Intense EDP for Men|$3|$6|$10|$24|
|Wanted by Night for Men EDP|$3|$6|$10|~<$24~~|

|[BDK PARFUMS](https://imgur.com/a/bdk-zsn383p)|2ml|5ml|10ml|30ml|
|:-|:-|:-|:-|:-|
|Gris Charnel Extrait de Parfum|$7|$14|$22|~~$60~~|
|Rouge Smoking|$5|$10|$16|$42|

|[❌OOS BEAUFORT LONDON❌](https://imgur.com/a/kD5hBdC)|2ml|5ml|10ml|30ml|
|:-|:-|:-|:-|:-|
|Fathom V|OOS|OOS|OOS|OOS|

|[BOND NO. 9](https://imgur.com/a/bond-vg554P0)|2ml|5ml|10ml|30ml|
|:-|:-|:-|:-|:-|
|Lafayette Street|$8|$16|$30|$80|

|[BURBERRY](https://imgur.com/a/burberry-TeNfGtP)|2ml|5ml|10ml|30ml|
|:-|:-|:-|:-|:-|
|Goddess|$5|$10|$16|~~$40~~|

|[BVLGARI](https://imgur.com/a/bvlgari-Z30NbPm)|2ml|5ml|10ml|30ml|
|:-|:-|:-|:-|:-|
|Man in Black EDP|$4|$8|$13|$32|

|[BYREDO](https://imgur.com/a/byredo-OYSYhIg)|2ml|5ml|10ml|30ml|
|:-|:-|:-|:-|:-|
|Bal D'Afrique|$8|$16|$28|$64|
|Bal D’Afrique Absolu|$12|$30|—|—|
|Blanche|$6|$12|$20|$50|
|Gypsy Water|$8|$16|$28|—|
|Lil Fleur|$5|$10|$16|$38|
|Mojave Ghost|$8|$16|$28|—|
|Mojave Ghost Absolu|$12|$24|$38|—|
|Rose of No Man’s Land|$6|$12|$20|$50|

|[CAROLINA HERRERA](https://imgur.com/a/ch-rMZBqCC)|2ml|5ml|10ml|30ml|
|:-|:-|:-|:-|:-|
|212 For Men EDT|$2|$4|$6|$16|
|Bad Boy Cobalt Parfum Electrique|$4|$8|$13|$32|
|GoodGirl Blush for Women|$5|$10|$16|—|

|[CHANEL](https://imgur.com/a/cha-AyqzoVs)|2ml|5ml|10ml|30ml|
|:-|:-|:-|:-|:-|
|Allure Homme Sport Eau Extreme|$6|$12|$19|$48|
|Allure Homme Edition Blanche|$6|$12|$19|—|
|Allure Sport Superleggera|$8|$16|$26|—|
|Antaeus Pour Homme|$8|$16|$26|—|
|Bleu de Chanel EDP|$6|$12|~~$19~~|~~$48~~|
|Bleu de Chanel L’Exclusif|$10|~~$20~~|~~$32~~|~~$88~~|
|Mademoisselle|$6|$12|$19|$50|
|Platinum Egoiste|$6|$12|$19|—|
|Sycomore|$10|$20|$32|$80|

|[CITY RHYTHM](https://imgur.com/a/96tFP3L)|2ml|5ml|10ml|30ml|
|:-|:-|:-|:-|:-|
|Martha’s Vineyard|$7|$14|$22|~~$58~~|

|[CLANDESTINE LABORATORIES](https://imgur.com/a/clandestine-laboratories-cQtW9R1)|2ml|5ml|10ml|30ml|
|:-|:-|:-|:-|:-|
|Racer-X|$11|$22|$35|$88|

|[CLIVE CHRISTIAN](https://imgur.com/a/clive-christian-oThlGZ5)|2ml|5ml|10ml|30ml|
|:-|:-|:-|:-|:-|
|❌Blonde Amber|~~$18~~|~~$36~~|—|—|

|[CREED](https://imgur.com/a/crrrrreeeeeeeed-rXHwgio)|2ml|5ml|10ml|30ml|
|:-|:-|:-|:-|:-|
|Absolu Aventus (2025)|$10|$22|$45|—|
|Absolu Aventus Triple Aged|$18|$36|$58|—|
|Acqua Fiorentina|$6|$13|$24|$65|
|Aventus|$6|$13|$24|$65|
|Aventus Cologne|$8|$18|$30|$84|
|Bois Du Portugal|$6|$13|$24|$65|
|Delphinus|$9|$18|$29|$72|
|Green Irish Tweed|$6|$13|$24|~~$65~~|
|Millesime Imperial|$6|$13|~~$24~~|~~$65~~|
|Royal Oud|$6|$13|$24|$65|
|Silver Mountain Water|$6|$13|$24|$65|
|Viking EDP|$6|$13|$24|~~$65~~|
|Virgin Island Water|$6|$13|$24|$65|

|[DIOR](https://imgur.com/a/dior-KFUKeqy)|2ml|5ml|10ml|30ml|
|:-|:-|:-|:-|:-|
|✨Ambre Nuit|$10|$20|$35|—|
|Dior Homme Intense EDP|$4|$8|$13|~~$32~~|
|Fahrenheit Parfum|$6|$12|$19|—|
|✨Gris Dior| $10|$20|$35|—|
|Hypnotic Poison|$5|$10|$16|~~$40~~|
|Miss Dior EDP|$5|$9|$14|$36|
|Miss Dior Absolutely Blooming|$4|$8|$13|$32|
|Sauvage Elixir|$7|$14|$22|—|
|✨Tobacolor| $10|$20|$35|—|
|✨Vanilla Diorama| $10|$20|$35|—|

|[DIPTYQUE](https://imgur.com/a/DJFWpou)|2ml|5ml|10ml|30ml|
|:-|:-|:-|:-|:-|
|Do Son|$7|$14|$26|—|
|Fleur de Peau|$10|$20|$32|—|
|L'Eau Papier|$6|$12|~~$19~~|—|
|Orpheon|$10|$20|$32|—|
|Tam Dao EDP|$10|$20|$32|—|

|[DOLCE & GABBANA](https://imgur.com/a/d-g-6OsDNSM)|2ml|5ml|10ml|30ml|
|:-|:-|:-|:-|:-|
|Devotion for Women EDP|$2|$4|$7|$18|
|Light Blue Eau Intense for Men|$2|$4|$6|~~$16~~|
|Light Blue Eau Intense for Women|$2|$4|$6|~~$16~~|
|Light Blue Capri in Love EDP|$4|$8|$13|—|
|Light Blue Capri in Love Men|$4|$8|$13|—|
|🔋Light Blue Summer Vibes Men|$2|$4|$6|$16|
|✨Light Blue Summer Vibes Women|$2|$4|$6|$16|
|The One EDP|$3|$6|$10|$24|
|The One EDT|$2|$4|$6|$16|

|[DUA](https://imgur.com/a/dua-XJxu8FX)|2ml|5ml|10ml|30ml|
|:-|:-|:-|:-|:-|
|Apollo (FM The Moon Dupe)|$5|$10|—|—|
|Boomski pour Homme (MFK Amyris Homme Dupe)|$4|$8|—|—|
|Caribbean Waters (Creed VIW Dupe)|$3|$6|—|—|
|Casino Royale Nights (MFK BR 540 Extrait Dupe)|$3|$6|—|—|
|Poseidon's Elixir 2.0 (Creed Fruitier Aventus)|$3|$6|—|—|
|Poseidon's Elixir 2.0 13ZZ (Creed Aventus 13ZZ01 Dupe)|$4|$8|—|—|

|[EIGHT AND BOB](https://imgur.com/a/4FW6fGD)|2ml|5ml|10ml|30ml|
|:-|:-|:-|:-|:-|
|Le Geste D’Edmond|$10|$20|$35|—|

|[ELDO: ETAT LIBRE D’ORANGE](https://imgur.com/a/CIezLIC)|2ml|5ml|10ml|30ml|
|:-|:-|:-|:-|:-|
|You or Someone Like You|$5|$9|$14|—|

|[ESSENTIAL PARFUMS](https://imgur.com/a/kzYIUn4)|2ml|5ml|10ml|30ml|
|:-|:-|:-|:-|:-|
|Bois Imperial|$4|$8|$13|—|

|[EX NIHILO](https://imgur.com/a/pX0pUNJ)|2ml|5ml|10ml|30ml|
|:-|:-|:-|:-|:-|
|Blue Talisman EDP|$10|$20|$36|—|
|✨Blue Talisman Extrait|$16|$32|$58|—|
|✨Fleur Narcotique EDP|$10|$20|$36|—|

|[FLAVIA](https://imgur.com/a/flavia-39P0alX)|2ml|5ml|10ml|30ml|
|:-|:-|:-|:-|:-|
|Riviera Neroli EDP (TF Neroli Portofino Dupe)|$1|$2|$3|$9|

|[FRAGRANCE ONE](https://imgur.com/a/f1-C9OY4jn)|2ml|5ml|10ml|30ml|
|:-|:-|:-|:-|:-|
|Black Tie|$4|$8|$13|$32|

|[FRANCESCA BIANCHI](https://imgur.com/a/k5c2qP4)|2ml|5ml|10ml|30ml|
|:-|:-|:-|:-|:-|
|Etruscan Water|$8|$16|—|—|

|[FREDERIC MALLE](https://imgur.com/a/KPQVSDS)|2ml|5ml|10ml|30ml|
|:-|:-|:-|:-|:-|
|Portrait of a Lady|$9|$18|$29|$72|

|[GIARDINI DI TOSCANA](https://imgur.com/a/giardini-di-toscana-sVClWHt)|2ml|5ml|10ml|30ml|
|:-|:-|:-|:-|:-|
|Bianco Latte|$6|$12|$19|$48|

|[GIORGIO ARMANI](https://imgur.com/a/giorgio-armani-ZrDpq6X)|2ml|5ml|10ml|30ml|
|:-|:-|:-|:-|:-|
|Acqua di Gio for Men|$2|$4|$6|$16|
|Acqua di Gio Profondo|$4|$8|$13|$32|
|Acqua di Gio Profumo|$6|$12|$19|~~$48~~|

|[GISADA](https://imgur.com/a/gisada-i4Oix92)|2ml|5ml|10ml|30ml|
|:-|:-|:-|:-|:-|
|Ambassador for Men|$3|$6|$10|$24|

|[GIVENCHY](https://imgur.com/a/givenchy-5xVroen)|2ml|5ml|10ml|30ml|
|:-|:-|:-|:-|:-|
|Gentlemen Eau de Parfum|$3|$6|$10|$24|
|Givenchy Pi EDT|$2|$4|$6|$16|

|[GOLDFIELD & BANKS](https://imgur.com/a/goldfield-banks-8hZoyAD)|2ml|5ml|10ml|30ml|
|:-|:-|:-|:-|:-|
|Bohemian Lime|$5|$10|$16|—|
|Ingenious Ginger|$5|$10|—|—|
|Pacific Rock Moss|$5|$10|$16|$40|
|Silky Woods Elixir|$5|$10|$16|—|
|Sunset Hour|$5|$10|$16|~~$40~~|
|Tales of Amber|$13|$26|$42|$104|

|[GUERLAIN](https://imgur.com/a/guerlain-o1C05gS)|2ml|5ml|10ml|30ml|
|:-|:-|:-|:-|:-|
|Angelique Noire|$10|$20|$32|$84|
|Aqua Allegoria Forte Rosa Rossa|$2|$4|$6|$14|
|Habit Rouge Parfum|$5|$10|$16|$40|
|L'Homme Ideal EDP|$4|$8|$13|~~$32~~|
|L'Homme Ideal EDT|$3|$6|$10|$24|
|Mon Guerlain Intense|$4|$8|$13|~~$32~~|

|[HERMES](https://imgur.com/a/hermes-VdDgL7y)|2ml|5ml|10ml|30ml|
|:-|:-|:-|:-|:-|
|Terre D'Hermes EDT|$3|$6|$10|$24|
|Terre D'Hermes Parfum|$4|$8|$13|~~$32~~|
|Terre D’Hermes Eau Givree|$3|$6|$10|$24|

|[HOUSE OF BO](https://imgur.com/a/house-of-bo-l1PHe7D)|2ml|5ml|10ml|30ml|
|:-|:-|:-|:-|:-|
|Espiritu|$14|$28|$45|—|

|[HOUBIGANT](https://imgur.com/a/48CVUR6)|2ml|5ml|10ml|30ml|
|:-|:-|:-|:-|:-|
|Ambre des Abysses|$9|$18|$29|—|

|[HUGO BOSS](https://imgur.com/a/hugo-L8RNLvY)|2ml|5ml|10ml|30ml|
|:-|:-|:-|:-|:-|
|Boss Bottled Absolu|$5|$10|$16|$38|

|[INITIO](https://imgur.com/a/initio-xYUbXfQ)|2ml|5ml|10ml|30ml|
|:-|:-|:-|:-|:-|
|Musk Therapy|$9|$18|$32|$85|
|Side Effect|$7|$14|$23|$64|

|[JEAN PAUL GAULTIER](https://imgur.com/a/jean-paul-gaultier-zlanXXi)|2ml|5ml|10ml|30ml|
|:-|:-|:-|:-|:-|
|Le Beau Paradise Garden|$4|$8|$13|$32|
|Le Beau Flower Edition|$6|$12|$19|$54|
|Le Beau Le Parfum|$4|$8|$13|~~$32~~|
|Le Male Le Parfum|$4|$8|$13|~~$32~~|
|Le Male Elixir|$5|$10|$16|—|

|[JO MALONE](https://imgur.com/a/jo-malone-Ds5ko1H)|2ml|5ml|10ml|30ml|
|:-|:-|:-|:-|:-|
|Blackberry & Bay|$5|$10|$16|$44|
|English Pear and Fressia|$4|$8|$13|$32|
|Myrrh and Tonka|$5|$10|$16|$44|
|Wood Sage and Sea Salt|$5|$10|$16|~~$44~~|

|[JOVOY](https://imgur.com/a/enf2GcI)|2ml|5ml|10ml|30ml|
|:-|:-|:-|:-|:-|
|Fire at Will|$7|$14|$22|$56|
|Private Label|$6|$13|$21|$54|
|Psychedelique|$6|$13|$21|$54|
|Remember Me|$6|$13|$21|$54|

|[KILIAN](https://imgur.com/a/kilian-A8DqPdx)|2ml|5ml|10ml|30ml|
|:-|:-|:-|:-|:-|
|Angels' Share|$10|$20|$34|$95|
|Angels’ Share On the Rocks|$16|$30|$49|—|
|✨Angels’ Share Paradis|$16|$30|$49|—|
|Black Phantom|$12|$24|—|—|
|Fievre Verte|$12|$24|$38|—|
|GoodGirl Gone Bad Extreme|$14|$28|$48|—|
|Old Fashioned|$13|$26|$42|—|

|[LE LABO](https://imgur.com/a/lQ9wGoQ)|2ml|5ml|10ml|30ml|
|:-|:-|:-|:-|:-|
|Thé Noir 29|$10|$20|$32|—|

|[LIQUIDES IMAGINAIRES](https://imgur.com/a/liquides-imaginaires-yLjrLxP)|2ml|5ml|10ml|30ml|
|:-|:-|:-|:-|:-|
|Blanche Bete|$5|$10|$18|$46|

|[LOUIS VUITTON](https://imgur.com/a/lv-zux3cFn)|2ml|5ml|10ml|30ml|
|:-|:-|:-|:-|:-|
|❌Imagination|~~$8~~|~~$16~~|~~$29~~|~~$77~~|
|L’Immensite|$8|$16|$29|~~$77~~|
|✨Ombre Nomade|$10|$20|$37|—|
|Pacific Chill|$8|$16|$29|—|
|Sun Song (2025)|$8|$16|$29|$77|
|Symphony|$16|$32|$60|—|

|[LOUMARI](https://imgur.com/a/dfiynq9)|2ml|5ml|10ml|30ml|
|:-|:-|:-|:-|:-|
|Porthole|$12|$24|$38|—|

|[MAISON MARGIELA](https://imgur.com/a/maison-margiela-spjsYHn)|2ml|5ml|10ml|30ml|
|:-|:-|:-|:-|:-|
|By the Fireplace EDT|$3|$6|$10|~~$28~~|
|Jazz Club|$3|$6|$10|~~$28~~|

|[MANCERA](https://imgur.com/a/mancera-gmCSe7A)|2ml|5ml|10ml|30ml|
|:-|:-|:-|:-|:-|
|French Riviera|$3|$6|$10|$28|
|Red Tobacco|$3|$6|$10|$24|
|Roses Vanille|$3|$6|$10|$24|

|[MEMO PARIS](https://imgur.com/a/6uuUumt)|2ml|5ml|10ml|30ml|
|:-|:-|:-|:-|:-|
|African Leather|$6|$12|$19|—|

|[MFK (MAISON FRANCIS KURKDJIAN](https://imgur.com/a/mfk-ZwLNTWf)|2ml|5ml|10ml|30ml|
|:-|:-|:-|:-|:-|
|APOM|$12|$24|$38|—|
|Baccarat Rouge 540 EDP|$10|$20|$32|$80|
|✨Baccarat Rouge 540 Extrait|$14|$28|$46|$120|
|Gentle Fluidity Silver|$10|$20|—|—|
|Grand Soir|$8|$16|$26|$70|
|Oud Satin Mood|$8|$16|$26|$70|

|[MIND GAMES](https://imgur.com/a/mind-games-5c0f2z9)|2ml|5ml|10ml|30ml|
|:-|:-|:-|:-|:-|
|Blockade|$10|$20|$32|$82|

|[MONT BLANC](https://imgur.com/a/montblanc-TrWJcw6)|2ml|5ml|10ml|30ml|
|:-|:-|:-|:-|:-|
|Explorer for Men|$2|$4|$6|$14|
|Legend Spirit EDT|$2|$4|$6|$14|

|[NASOMATTO](https://imgur.com/a/BYoHQk4)|2ml|5ml|10ml|30ml|
|:-|:-|:-|:-|:-|
|Absinth|$12|$24|—|—|
|Baraonda|$12|$24|—|—|
|Black Afgano|$12|$24|—|—|
|Blamage|$12|$24|—|—|
|Duro|$12|$24|—|—|
|Pardon|$12|$24|—|—|
|Sadonaso|$12|$24|—|—|

|[NISHANE](https://imgur.com/a/nishane-tTpPufI)|2ml|5ml|10ml|30ml|
|:-|:-|:-|:-|:-|
|Ani|$7|$14|$22|$56|
|Ani X|$8|$16|$26|$64|
|B-612|$8|$16|$26|—|
|✨Fan Your Flames|$7|$14|$22|—|
|Hacivat|$7|$14|$22|$56|
|Hundred Silent Ways|$7|$14|$22|$56|
|Hundred Silent Ways X|$8|$16|$26|$64|
|Wulong Cha|$7|$14|$22|$56|
|Wulong Cha X|$8|$16|$26|$64|

|[ORTO PARISI](https://imgur.com/a/exXpimU)|2ml|5ml|10ml|30ml|
|:-|:-|:-|:-|:-|
|Megamare|$11|$22|$35|—|

|[PACO ROBANNE](https://imgur.com/a/paco-ZxUVIrx)|2ml|5ml|10ml|30ml|
|:-|:-|:-|:-|:-|
|Invictus Platinum|$6|$12|—|—|
|Invictus Victory Elixir Parfum Intense|$4|$8|$13|$32|
|Pure XS for Women EDP|$3|$6|$10|—|

|[PARFUMS DE MARLY](https://imgur.com/a/parfums-de-marly-467rX7N)|2ml|5ml|10ml|30ml|
|:-|:-|:-|:-|:-|
|Althair|$7|$14|$22|$56|
|Delina|$11|$22|$35|—|
|✨Herod|$9|$17|$28|—|
|Layton|$5|$10|$16|—|
|✨Oajan|$9|$17|$28|—|

|[PENHALIGON’S](https://imgur.com/a/penhaligon-s-G0abW1E)|2ml|5ml|10ml|30ml|
|:-|:-|:-|:-|:-|
|Changing Constance|$13|$26|$42|—|
|Halfeti|$13|$26|$42|—|
|Mr. Sam|$13|$26|$42|—|
|The Bewitching Yasmine|$13|$26|$42|—|

|[PLUME IMPRESSIONS](https://imgur.com/a/T91ol4u)|2ml|5ml|10ml|30ml|
|:-|:-|:-|:-|:-|
|Royal Bourbon|$6|$12|$19|$48|

|[PRADA](https://imgur.com/a/prada-Eou2wYF)|2ml|5ml|10ml|30ml|
|:-|:-|:-|:-|:-|
|L'Homme for Men|$3|$6|$11|$28|
|L’Homme L’eau|$4|$8|$13|$32|
|Luna Rossa Black|$4|$8|$13|~~$32~~|
|Luna Rossa Carbon|$3|$6|$11|—|
|✨Luna Rossa Ocean EDP|$3|$6|$11|$28|
|✨Luna Rossa Ocean Parfum|$4|$8|$13|—|

|[PROFUMUM ROMA](https://imgur.com/a/jP9IJuv)|2ml|5ml|10ml|30ml|
|:-|:-|:-|:-|:-|
|Arso|$10|$20|$32|—|
|Dincanto|$11|$22|$35|—|
|Gioiosa|$11|$22|$35|—|

|[RDZ](https://imgur.com/a/rdz-tBvmVgt)|2ml|5ml|10ml|30ml|
|:-|:-|:-|:-|:-|
|P Fkn R|$9|$18|$29|$72|

|[ROJA PARFUMS](https://imgur.com/a/roja-20kFlZV)|2ml|5ml|10ml|30ml|
|:-|:-|:-|:-|:-|
|Isola Blu|$15|$30|$54|—|
|Oceania|$7|$14|$22|—|

|[ROOM 1015](https://imgur.com/a/fFo0Q7V)|2ml|5ml|10ml|30ml|
|:-|:-|:-|:-|:-|
|Love-O-Matic|$6|$12|$19|—|

|[SCENTS OF WOOD](https://imgur.com/a/scent-of-wood-07TFhd3)|2ml|5ml|10ml|30ml|
|:-|:-|:-|:-|:-|
|Pine in the Sun|$10|$20|$32|—|
|Plum in Cognac|$9|$18|$29|—|
|Plum in Cognac 2024 Vintage|$11|$22|—|—|
|Santal Umeshu|$10|$20|—|—|

|[SERGE LUTENS](https://imgur.com/a/serge-lutens-PA6Ajbh)|2ml|5ml|10ml|30ml|
|:-|:-|:-|:-|:-|
|Chergui|$4|$8|~~$13~~|~~$32~~|

|[SHL (STEPHANE HUMBERT LUCAS)](https://imgur.com/a/shl-7JYBOqk)|2ml|5ml|10ml|30ml|
|:-|:-|:-|:-|:-|
|God of Fire|$8|$18|—|—|

|[SIMONE ANDREOLI](https://imgur.com/a/PYOOr5P)|2ml|5ml|10ml|30ml|
|:-|:-|:-|:-|:-|
|Leisure in Paradise|$6|$12|$20|—|
|Malibu Party in the Bay|$6|$12|$20|—|
|Sunsplosion|$6|$12|$20|—|

|[SOSPIRO](https://imgur.com/a/9EgZcu2)|2ml|5ml|10ml|30ml|
|:-|:-|:-|:-|:-|
|✨Il Padrino|$7|$14|$25|—|
|Vibrato (France)|$7|$14|$25|—|

|[TAUER](https://imgur.com/a/tauer-W9MG9Vr)|2ml|5ml|10ml|30ml|
|:-|:-|:-|:-|:-|
|✨Au Couer du Desert|$13|$26|—|—|
|L'air Du Desert Marocain EDT|$13|$26|$42|—|

|[TOM FORD](https://imgur.com/a/tom-ford-eBTH0sK)|2ml|5ml|10ml|30ml|
|:-|:-|:-|:-|:-|
|Costa Azzurra|$6|$12|$19|$48|
|Noir Extreme EDP|$4|$8|~~$13~~|~~$35~~|
|Noir Extreme Parfum|$6|$12|$20|—|

|[TREADING WATER PERFUME](https://imgur.com/a/N4E7gsr)|2ml|5ml|10ml|30ml|
|:-|:-|:-|:-|:-|
|🥀Cape Disappointment|$10|—|—|—|

|[VALENTINO](https://imgur.com/a/valentino-jsJ7MT5)|2ml|5ml|10ml|30ml|
|:-|:-|:-|:-|:-|
|Uomo Born in Roma|$3|$6|$10|$24|

|[VERSACE](https://imgur.com/a/versace-rOZAu65)|2ml|5ml|10ml|30ml|
|:-|:-|:-|:-|:-|
|Eros Energy|$3|$6|$11|$30|
|Eros Flame|$2|$4|$6|$16|

|[VIKTOR&ROLF](https://imgur.com/a/viktor-rolf-fni4rDQ)|2ml|5ml|10ml|30ml|
|:-|:-|:-|:-|:-|
|Flowerbomb Nectar Intense|$4|$8|$13|~~$32~~|

|[XERJOFF](https://imgur.com/a/xerjoff-0tAFqH7)|2ml|5ml|10ml|30ml|
|:-|:-|:-|:-|:-|
|Alexandria II Oud Stars|$11|$22|$35|—|
|Dama Bianca|$7|$14|$22|$56|
|Duran Duran Black Moonlight|$17|$34|$54|—|
|Erba Pura|$7|$14|$22|—|
|Lira Casamorati|$7|$14|$22|$56|
|Naxos|$7|$14|$22|—|
|Macerated Naxos|$7|$14|—|—|
|Nio|$11|$22|—|—|
|Tony Iommi Monkey Special|$12|$24|$38|—|
|Torino 21|$9|$18|$29|—|
|Torino 22|$9|$18|$29|—|
|Torino 23|$9|$18|$29|—|
|Torino 24|$10|$20|$34|—|
|Uden|$12|$24|$38|—|

|[YSL](https://imgur.com/a/ysl-FrAWh0C)|2ml|5ml|10ml|30ml|
|:-|:-|:-|:-|:-|
|Cuir|$8|$16|$28|$66|
|La Nuit de L'Homme EDT|$3|$6|~~$10~~|~~$24~~|
|🥀Opium Orchidée de Chine|$16|$32|$51|—|

*Seller is not affiliated nor a representative of any brands on this list (or off this list).*

# Post-Credits Coming Soon:

* EX NIHILO: Fleur Narcotique EDP
* DIOR: Gris Dior, Tobacolor, & Ambre Nuit
* LV: Ombre Nomade
* PDM: Herod & Oajan
* TAUER: Au Couer du Desert

# 🌹Rosy Decants 🌹

Searching For List:

* EX NIHILO: Speed Legends, The Hedonist, & Fleur Narcotique
* DIOR: Feve Delicieuse & Bois D’Argent"
1omyu8y,trains,"In 1870, what would've been the fastest rail route for passengers between New York and San Francisco?",Redditwhydouexists,2025-11-03T06:54:53,42,10,https://www.reddit.com/r/trains/comments/1omyu8y/in_1870_what_wouldve_been_the_fastest_rail_route/,"of course I know part of it was the Transcontinental Railroad (Union Pacific and Central Pacific) between Omaha and Oakland (with the final stretch being a ferry I believe), but what about between New York and Omaha?

https://preview.redd.it/vb6efcg62yyf1.png?width=3607&format=png&auto=webp&s=a0f01f630c241667a15e80372b1bac21d6d4ac02

"
1omyt7z,DefenceProfessionals,UN Criticizes US Airstrikes on Drug Boats in Caribbean Region,Suspicious_Bug4112,2025-11-03T06:53:33,1,0,https://www.reddit.com/r/DefenceProfessionals/comments/1omyt7z/un_criticizes_us_airstrikes_on_drug_boats_in/,"**Date:** 02-Nov-25

The United Nations High Commissioner for Human Rights, Volker Türk, has condemned recent US military strikes on alleged drug boats in the Caribbean and eastern Pacific, labeling them as ""unacceptable"" and urging an immediate halt. The operations, which have reportedly resulted in at least 61 fatalit... 
For More ->https://news.defenceprofessionals.in/geopolitics/un-criticizes-us-airstrikes-on-drug-boats-in-caribbean-region/"
1omyt0z,DefenceProfessionals,"Rajnath Singh advocates for a coercion-free, inclusive Indo-Pacific region.",Suspicious_Bug4112,2025-11-03T06:53:17,1,0,https://www.reddit.com/r/DefenceProfessionals/comments/1omyt0z/rajnath_singh_advocates_for_a_coercionfree/,"**Date:** 02-Nov-25

During the ASEAN Defence Ministers' Meeting Plus in Kuala Lumpur, India's Defence Minister Rajnath Singh underscored the importance of a free and inclusive Indo-Pacific, free from coercion, particularly against the backdrop of China's assertive military actions. He advocated for collective security ... 
For More ->https://news.defenceprofessionals.in/geopolitics/rajnath-singh-advocates-for-a-coercion-free-inclusive-indo-pacific-region/"
1omyrxi,nba,"GAME THREAD: Miami Heat (3-2) @ Los Angeles Lakers (4-2) - (November 02, 2025)",3rdEyeDeuteranopia,2025-11-03T06:51:49,24,445,https://www.reddit.com/r/nba/comments/1omyrxi/game_thread_miami_heat_32_los_angeles_lakers_42/,"##General Information
    **TIME**     |**MEDIA**                            |**Team Subreddits**        |
    :------------|:------------------------------------|:-------------------|
    09:30 PM Eastern |**Game Preview**: [NBA.com](https://www.nba.com/game/mia-vs-lal-0022500155/preview) | /r/heat        |
    08:30 PM Central |**Game Charts**: [NBA.com](https://www.nba.com/game/mia-vs-lal-0022500155/game-charts) | /r/lakers         |
    07:30 PM Mountain|**Play By Play**: [NBA.com](https://www.nba.com/game/mia-vs-lal-0022500155/play-by-play)|               |
    06:30 PM Pacific |**Box Score**: [NBA.com](https://www.nba.com/game/mia-vs-lal-0022500155/boxscore) |                 |"
1omyp27,nba,"GAME THREAD: San Antonio Spurs (5-0) @ Phoenix Suns (2-4) - (November 02, 2025)",3rdEyeDeuteranopia,2025-11-03T06:48:09,30,515,https://www.reddit.com/r/nba/comments/1omyp27/game_thread_san_antonio_spurs_50_phoenix_suns_24/,"##General Information
    **TIME**     |**MEDIA**                            |**Team Subreddits**        |
    :------------|:------------------------------------|:-------------------|
    08:00 PM Eastern |**Game Preview**: [NBA.com](https://www.nba.com/game/sas-vs-phx-0022500154/preview) | /r/nbaspurs        |
    07:00 PM Central |**Game Charts**: [NBA.com](https://www.nba.com/game/sas-vs-phx-0022500154/game-charts) | /r/suns           |
    06:00 PM Mountain|**Play By Play**: [NBA.com](https://www.nba.com/game/sas-vs-phx-0022500154/play-by-play)|               |
    0500 PM Pacific |**Box Score**: [NBA.com](https://www.nba.com/game/sas-vs-phx-0022500154/boxscore) |                 |"
1omynp9,WhatTrumpHasDone,Justice Department tells Congress Trump doesn’t need its approval for military strikes on alleged drug boats | CNN Politics,John3262005,2025-11-03T06:46:30,9,0,https://www.cnn.com/2025/11/02/politics/justice-department-tells-congress-trump-doesnt-need-its-approval-for-military-strikes-on-alleged-drug-boats,"A senior Justice Department official has told Congress that the Trump administration can continue lethal military strikes on alleged drug traffickers without congressional approval and that the administration is not bound by a decades-old war powers law, two congressional sources familiar with the matter told CNN.

The head of the Department of Justice’s powerful Office of Legal Counsel (OLC), T. Elliot Gaiser, told select Senate and House lawmakers on Thursday that the US strikes on alleged drug boats in the Caribbean Sea and Pacific Ocean did not trigger the law’s requirements because they don’t meet the definition of hostilities and did not require a declaration of war from Congress, said the sources, who spoke on the condition of anonymity because of the sensitivity of the matter.

Gaiser was drawing on a classified legal opinion produced by his office that justifies the strikes by equating drug cartels with terrorists and focuses on the death caused by the drugs brought to American shores, the sources said. Gaiser emphasized the fact that the US military wasn’t being attacked in response to the strikes as part his argument that America was not at war, the sources said.

The Trump administration notified Congress in early September that it had struck an alleged drug vessel. Under the 1973 War Powers Resolution, that notification started a 60-day clock, after which the administration has to either cease the use of military force, get an extension on the clock or a war authorization from Congress, according to legal scholars.

But Gaiser told lawmakers that the administration does not need to seek an extension of that 60-day clock, which expires on Monday, because the law doesn’t apply in this case, the sources said.

CNN first reported on the existence of the OLC opinion, which legal experts said appears to justify an open-ended war against a secret list of cartels and suspected drug traffickers. The opinion appears designed to give the president power to designate drug traffickers as enemy combatants and have them summarily killed without legal review, those experts said. Historically, those involved in drug trafficking were considered criminals with due process rights, with the Coast Guard interdicting drug-trafficking vessels and arresting smugglers.

The Washington Post first reported on Gaiser’s briefing of lawmakers."
1omyma6,TheFireRisesMod,...did US Naval Command just made a War Crime???,ParkingBenefit8989,2025-11-03T06:44:37,38,6,https://www.reddit.com/r/TheFireRisesMod/comments/1omyma6/did_us_naval_command_just_made_a_war_crime/,"https://preview.redd.it/y9zdg70f0yyf1.jpg?width=1920&format=pjpg&auto=webp&s=90e22f961f8ecea187181e744003fe9a911f2acc

Hawaians in Crimea, just in TFR"
1omylx7,LosAngelesPreserved,"Hallowe'en in the fire zones, where so many landmarks were lost",esotouric_tours,2025-11-03T06:44:09,1,0,https://www.reddit.com/r/LosAngelesPreserved/comments/1omylx7/halloween_in_the_fire_zones_where_so_many/,"https://preview.redd.it/0hz8ow2e0yyf1.jpg?width=1920&format=pjpg&auto=webp&s=cff501b75a78e5f9e5c4078581817a08d0512433

Hallowe'en is when the veil is thin, and for folks in Altadena and Pacific Palisades, the ghosts of their sweet, destroyed towns are rattling chains worth heeding. If L.A.'s ""leaders"" won't accept responsibility, then what?

[https://www.instagram.com/p/DQkbpv1knMe/](https://www.instagram.com/p/DQkbpv1knMe/)

[https://www.instagram.com/p/DQiKzR5D2zD/](https://www.instagram.com/p/DQiKzR5D2zD/?img_index=1)"
1omyjqt,China_irl,美国正在委内瑞拉附近筹备军事集结,100CuriousObserver,2025-11-03T06:41:20,26,46,https://www.reddit.com/gallery/1omyjqt,"[https://www.reuters.com/graphics/USA-CARIBBEAN/MILITARY-BUILDUP/egpbbnzyrpq/](https://www.reuters.com/graphics/USA-CARIBBEAN/MILITARY-BUILDUP/egpbbnzyrpq/)

AI总结：

* 美国正于加勒比海地区大规模加强军事部署，其中包括对一个冷战时期废弃的海军基地进行重建、改善基础设施。
* 该基地位于 Roosevelt Roads Naval Station（波多黎各 Ceiba 地区），之前被海军在 2004 年关闭。重建工作包括清理、重新铺设跑道滑行道等。
* 与此同时，美国在波多黎各和 U.S. Virgin Islands （美国维尔京群岛）等地的民用机场也在扩建，以增强海空联合作战和快速应变能力。
* 新闻指出，这种部署远超传统反毒战、海上巡逻规模，军事分析人士认为其更可能是为可能对委内瑞拉境内或沿海地区展开持续行动做准备，而不仅仅是打击海上走私。
* 美国官方宣称，此次部署目的是“检测、监视并打击”威胁美国本土安全的非法行为与组织。
* 委内瑞拉方面对此强烈反应。政府官员指控美国借“反毒”之名进行“船舰外交”（gunboat diplomacy），实则威胁国家主权。"
1omyims,KoreaNewsfeed,Crowds Flock to Silla Gold Crown Exhibition in Gyeongju,Muted-Aioli9206,2025-11-03T06:39:52,1,0,https://www.chosun.com/english/national-en/2025/11/03/B5Z7DC242BBPJPIWFXZD2EEVPY/,"Around 9 a.m. on the 2nd at the Gyeongju National Museum in Gyeongju, North Gyeongsang Province. Though the museum opened in an hour, a line of visitors waiting for the “Silla Gold Crowns, Power and Prestige” special exhibition stretched approximately 50 meters. Park Haebin, 47 years old, from Daegu, said, “I arrived around 8 a.m., but there were already over 10 people waiting,” adding, “I’ve been waiting for the opening date since it’s a historic exhibition held at a summit venue.” Lee Mo, 65 years old, from Goyang, Gyeonggi Province, said, “I came to see the actual Silla gold crown that President Lee Jae-myung gifted to U.S. President Donald Trump.”

This special exhibition was organized ahead of the APEC (Asia-Pacific Economic Cooperation) summit in Gyeongju. While the exhibition began on the 28th of last month, this was the first day it opened to the general public.

All six Silla gold crowns unearthed to date were gathered in one place for the first time. Visitors could also see the actual crown from Cheonmachong Tomb, the replica of which President Lee gifted to President Trump during their summit on the 29th of last month.

On the 29th last month, President Lee Jae-myung and U.S. President Trump view the actual Cheonmachong gold crown displayed at a Gyeongju museum. /White House

On the 29th, President Lee Jae-myung presents a 'Cheonmachong gold crown model' to U.S. President Donald Trump and shakes hands at Gyeongju National Museum in North Gyeongsang Province. /Yonhap

The museum allowed 200 visitors in every 30 minutes starting at 9:50 a.m. The waiting line grew longer, extending outside the museum by around noon. A source from the museum said, “Over 5,000 people formed a line approximately 200 meters long.” The museum distributed numbered tickets to 2,000 people in line. The remaining 3,000 had to leave without viewing the exhibition. The source explained, “The exhibition hall is only 330 square meters (approximately 100 pyeong), so we had to limit the number of visitors,” adding, “This is the first time we’ve distributed numbered tickets.” Those who missed the special exhibition consoled themselves by viewing the Cheonnyeonmiso Hall in the museum’s front yard, where the Korea-U.S. and Korea-China summits were held. The special exhibition runs until the 14th of next month.

At the Media Day for the special exhibition 'Silla Gold Crown, Power and Prestige' held at the Silla History Hall of Gyeongju National Museum in Gyeongju, North Gyeongsang Province, on the morning of October 27, attendees look around the displayed Silla-era gold crowns. /Photo by Kim Dong-hwan

The Gyeongju Hwangnam Bread, which President Lee gifted to Chinese President Xi Jinping, was also popular. On the day, the main branch of Hwangnam Bread had a waiting time of up to two hours in the afternoon.

  
"
1omyikx,fragranceswap,[WTS] / [WTT] daylights SAVINGS 6.7oz $100 (Bottle),lpareddit01,2025-11-03T06:39:47,1,5,https://www.reddit.com/r/fragranceswap/comments/1omyikx/wts_wtt_daylights_savings_67oz_100_bottle/,"Niche, Designers & Dupe Houses

**Selling:**

|Item|Fill Level|Price|
|:-|:-|:-|
|Creed Millesime Imperial 100mL (tester w/o cap)|90%+|$140|
|LV Symphony|10 mL decants (3 of them)|$63 each|
|Lattafa Khamrah Dukhan 3.4oz|95%+ (sprayed \~10 times since picture)|$32|
|Polo Blue Parfum 4.2oz|\~85%|$50|
|PdM Godolphin 75mL|\~25%|$30|
|50mL Infinite Chill (clone of Pacific Chill) by Liberty Perfumes|\~90%|$25|
|DUA Workout Elixir 30mL|\~50%|$10|

Take All (except Symphony decant) for $260.

**ISO only listed:**

* AdG EDP (Polo Blue Parfum could be a good trade)
* Clive Christian No 1 Masculine
* Anelo by Pernoire (Decant or bottle)
* Xerjoff Renaissance (Creed MI and/or Symphony could be a good trade)

PayPal G&S only. CONUS. Shipping ~~$8~~ $7. I'll eat shipping for orders over $75. Bundle discount of 5%.

Willing to involve cash for trades.

Images: [https://imgur.com/a/updateddaylightssavings-44VDidy](https://imgur.com/a/updateddaylightssavings-44VDidy)

If enough interest, I might do 5 mL Decants of Symphony, feel free to dm!

Thank you and have a nice night!"
1omygx8,conspiracywhatever,Taking On China in the Pacific: Target Corruption or Don’t Bother - RealClearDefense,zsmithworks,2025-11-03T06:37:37,1,0,https://news.google.com/rss/articles/CBMivAFBVV95cUxQQXg0cGV2SHlyTmZNR1JCbVY0cUxybkFKX3ljTHNtMkRjRjVKa2hta1hJb0R4MVQ4azMyNnpuOEFfdVllXzBDMEV0TGtsWVJLenIzVnJNZVFrdTJINjNvekhXSWFNUDhyV1pHNWhOU05pbEhGMHZPdF9ENnctWXJfbUwyZzVLNHZYTGMybmtiUnNDcTdLRFV6enQ2Nm9fWUJuZnN6TDdSZXdId25VbUt1YW1jQ1RWdndaSTM2Ug?oc=5&hl=en-US&gl=US&ceid=US:en,
1omye0c,xbox360,"Some deleted Xbox 360 games are marked with ""coming soon"".",FinalAd5468,2025-11-03T06:33:48,140,30,https://www.reddit.com/gallery/1omye0c,"Alguns jogos como Batman Arkham Origins e Left 4 Dead 1 e 2 estão marcados como ""em breve"""
1omyddr,u_anonymousfinancial,WeRide $WRD,anonymousfinancial,2025-11-03T06:32:57,1,0,https://www.reddit.com/gallery/1omyddr,"Full disclosure, as of Sunday, November 2nd, 2025, I have 1K shares at an $11.87 cost average. Screenshot provided above.

This is not a significant position for me. And I don't have an expected timeline on returns. This is simply a buy and hold play.

The above stated, below are a few brief points on why I'm interested in the company. 👇

1) Asia-Pacific (APAC) exposure

2) They're a leader in the autonomous driving technology sector. And they are the only technology company in the world with products holding autonomous driving permits in seven countries 👇

https://ir.weride.ai/

3) Investors include Grab ($GRAB) and Nvidia ($NVDA) 👇

https://ir.weride.ai/news-releases/news-release-details/weride-secures-strategic-equity-investment-grab-partners-deploy

https://whalewisdom.com/stock/wrd

4) Dr. Tony Han, Founder, Chairman of the Board and CEO of the Company, voluntarily committed to a three-year lock-up, effective as of October 28, 2025, of the company's shares controlled by him. 👇

https://ir.weride.ai/news-releases/news-release-details/weride-announces-ceos-voluntary-lock-reinforce-long-term

5) The company is part of the Nasdaq Golden Dragon China Index (Nasdaq: HXC). Meaning Investment funds tracking the index will automatically allocate WeRide shares in their portfolios. 👇

https://ir.weride.ai/news-releases/news-release-details/weride-included-nasdaq-golden-dragon-china-index

https://indexes.nasdaqomx.com/Index/Weighting/HXC

************************************
Recycled statement below 👇 

♻️ I'd like to mention that I'm an everyday person on the street.

I'm not FINRA certified 🚫, I don't have access to the Bloomberg Terminal 👨‍💻, and didn't study finance in uni. I just manage my own hard earned money.

Indeed, I don't claim to know the markets enough to predict any direction it'll go, let alone a single stock. I'm merely a participant.

I can not offer financial advice, and don't want anyone to misconstrue any past or future post related to the market, stocks, etc, as such.

Please get the facts, Do Your Own Research (DYOR), and your own Due Diligence (DD).

For fun and as an experiment, I'm sharing some trades so users can see how well or poorly a fellow retail investor does.

In my post I include links to the sources so users can read and verify the information for themselves.

Thanks for your time, and all the best with your trades and investments. ♻️"
1omycks,Mountaineering,How do you get better at going down on mountains?,komnenos,2025-11-03T06:31:55,21,47,https://www.reddit.com/r/Mountaineering/comments/1omycks/how_do_you_get_better_at_going_down_on_mountains/,"I'd say I'm moderately fit, have hiked a few dozen day hike level mountains, climbed a few peaks in the Pacific Northwest and eleven peaks over 3000 meters here in Taiwan.

Going up is not an issue, and when glissading is an option going down I'll do just fine.  However whether it's at the start or finish I struggle immensely going DOWN unless it's a pristine staircase or switchbacks (which most of the time are not an option).  Two days ago I went up a 3300 meter peak, I did just fine and dandy on the way up but once we had to go down my pace slowed to a miserable crawl.  I have a lot of trouble not falling and was slipping and sliding left and right.  

I love hiking and mountaineering but I'm really tired of how much I struggle going down (again, it doesn't matter if it's at the start or end of the hike), how can I get better?"
1omyayo,fragranceswap,[WTS] LV frags 3.4oz (Bottle),mickeyblackeyes,2025-11-03T06:29:58,7,18,https://www.reddit.com/r/fragranceswap/comments/1omyayo/wts_lv_frags_34oz_bottle/,"Pacific Chill 100ml (complete presentation) 80%
$270

Afternoon Swim 100ml (bottle only) 60%
$220 ***SOLD***

On the beach 100ml (with cardboard tube) 40%
$180

Sur la route 100ml (bottle only) 50%
$200

https://imgur.com/a/qUYJlSP

If you take all i can give you a discount
Let me know if i'm off on the pricing because i haven't checked in over a year. Prices are shipped CONUS"
1omy9xl,GameTrade,"[H] Humble Horror Bundle + Alan Wake Franchise + many more Steam games [W] Pacific Drive, High on Life, Wishlist Only",NinthDragon,2025-11-03T06:28:37,1,2,https://www.reddit.com/r/GameTrade/comments/1omy9xl/h_humble_horror_bundle_alan_wake_franchise_many/,"Looking to trade for games on my wishlist only. Can trade multiple keys depending on the game you're offering as long as the trade is fair.

All keys can be activated in NA.

**Have:**

* Buckshot Roulette
* Who's Lila?
* Threshold (may keep)
* Order 13
* NO-SKIN (may keep)
* Kiosk
* Adios
* The Boba Teashop
* Daemonologie
* Massacre at the Mirage
* Terror at Oakheart
* Control Ultimate Edition (may keep)
* Alan Wake Collector's Edition
* Rain World
* Max Payne 2: The Fall of Max Payne
* This War of Mine
* Airport CEO
* Death Rally
* Cook, Serve, Delicious!
* shapez
* Sticky Business
* You Will Die Here Tonight (GOG)
* Fallout 3 GOTY (GOG)
* Fallout New Vegas (GOG)
* XCOM 2 (GOG)
* Hellslave (GOG)

**Wishlist:**

* Pacific Drive
* Resident Evil Village
* Resident Evil 7 Biohazard
* Black Mesa
* Ghost Recon Wildlands
* Anno 1800
* V Rising
* [Mount & Blade: Warband](https://lestrades.com/game/1325/)
* Quantum Break
* High on Life
* Rep page: [https://www.reddit.com/r/IGSRep/comments/1o5hwlw/ninthdragons\_igs\_rep\_page/](https://www.reddit.com/r/IGSRep/comments/1o5hwlw/ninthdragons_igs_rep_page/)"
1omy8uj,NHLHUT,Updated my team today…unsure if I should upgrade my defense with little time left in the season.,Its_SBD,2025-11-03T06:27:18,0,9,https://i.redd.it/f8brd0zgxxyf1.jpeg,Sitting on about 900k ish
1omy5cq,DigitalCodeSELL,(Selling) 4K & HD Codes,blackmamba9324,2025-11-03T06:22:50,7,38,https://www.reddit.com/r/DigitalCodeSELL/comments/1omy5cq/selling_4k_hd_codes/,"Please comment first.

Codes are split where applicable. Please redeem only the portion you pay for.

Zelle, Cash App, PayPal F&F.

* 12 Strong - 4K MA - $5.75
* 13 Hours: The Secret Soldiers of Benghazi - 4K iTunes / Vudu - $5
* 1776 - 4K MA - $6.25
* 1992 (2024) - 4K Vudu - $5.25
* 2 Guns - 4K MA / Vudu - $6
* 2001: A Space Odyssey - 4K MA - $6
* 2012 (2009) - 4K MA - $6
* 21 Bridges - 4K Vudu - $5
* 21 Jump Street - 4K MA - $6
* 3 From Hell - 4K Vudu - $5
* 3 From Hell (Unrated) - 4K Vudu - $5.5
* 300 - 4K MA - $6
* The 355 - 4K MA - $6
* The 40-Year-Old Virgin (Unrated) - 4K MA - $6
* 47 Meters Down: Uncaged - 4K Vudu - $5
* 48 Hrs. - 4K Vudu - $6
* Another 48 Hrs. - 4K Vudu - $5.75
* The 4:30 Movie (2024) - 4K Vudu - $5.25
* 65 (2023) - 4K MA - $6
* 9 (2009) - 4K MA - $6
* The Abandon (2022) - 4K Vudu - $5
* Abigail - 4K MA - $6
* Abominable - 4K MA - $5.5
* About Last Night (2014) - 4K MA - $6
* About My Father - 4K Vudu - $6
* The Accountant - 4K MA - $6
* Adaptation - 4K MA - $6
* The Addams Family (1991) (More Mamushka! Extended Edition) - 4K Vudu - $5.75
* The Adventures of Baron Munchausen - 4K MA - $6
* Aeon Flux - 4K Vudu - $5.5
* After Earth - 4K MA - $6
* After Hours - 4K MA - $6
* The Age of Innocence - 4K MA - $6
* Agent Game - 4K Vudu - $4.5
* Air Force One - 4K MA - $6.25
* Aladdin (2019) - 4K MA / Vudu - $5
* Alice, Darling - 4K Vudu - $5.5
* Alien (1979) - 4K MA - $6
* Aliens (19986) - 4K MA - $6
* Alien: Romulus - 4K MA - $8
* Alita: Battle Angel - 4K MA / Vudu - $5.5
* All My Life - 4K MA - $5.75
* All Star Superman - 4K MA - $5.75
* All The Money In The World - 4K MA - $6
* Allied - 4K iTunes / Vudu - $5
* Almost Famous (Bootleg Cut) - 4K Vudu - $5.75
* Aloha - 4K MA - $6
* Alpha - 4K MA - $6
* Amadeus (Theatrical) - 4K MA - $6
* Amber Alert (2024) - 4K Vudu - $5
* Ambulance - 4K MA - $5.75
* American Carnage - 4K Vudu - $5.5
* American Gigolo - 4K Vudu - $5.5
* American Graffiti - 4K MA - $6
* American Hustle - 4K MA - $6
* American Made - 4K MA - $5.75
* American Psycho - 4K Vudu - $5.75
* American Psycho (Unrated) - 4K Vudu - $5
* American Sniper - 4K MA - $6
* The American Society of Magical Negroes - 4K MA - $5.75
* Amores Perros - 4K Vudu - $5.5
* Anatomy of a Murder - 4K MA - $6
* Angel Has Fallen - 4K iTunes / Vudu - $5
* Angel Heart - 4K Vudu - $5.5
* Angel Of Mine - 4K Vudu - $5.5
* Angels & Demons - 4K MA - $6
* Anna (2019) - 4K Vudu - $5.25
* Annabelle - 4K MA - $6
* Annabelle: Creation - 4K MA - $6.5
* Annabelle Comes Home - 4K MA - $6
* Annihilation - 4K iTunes / Vudu - $5.5
* Apocalypse Now (Final Cut) - 4K Vudu - $6
* Apollo 11 (2019) - 4K MA - $6
* Apollo 13 - 4K MA - $6
* April Fool's Day (1986) - 4K Vudu - $5.75
* Aquaman - 4K MA - $6
* Aquaman and the Lost Kingdom - 4K MA - $6
* Arctic - 4K MA - $6
* Are You There, God? It's Me, Margaret - 4K Vudu - $6
* Argo (2012) - 4K MA - $6.25
* Arrival - 4K iTunes / Vudu - $5
* The Art of Self-Defense - 4K MA - $6.25
* As Good As It Gets - 4K MA - $6
* Assassin's Creed - 4K iTunes - $4
* Assassination Nation - 4K MA - $6
* Asteroid City - 4K MA - $6
* Atomic Blonde - 4K MA - $4.5
* Awakenings (1990) (Robert De Niro, Robin Williams) - 4K MA - $6.25
* Baby Mama - 4K MA - $6
* Babylon (2022) - 4K Vudu - $5.75
* Babylon 5: The Road Home - 4K MA - $5.75
* Back to Black - 4K MA - $5.5
* Backdraft - 4K MA - $5.75
* Bad Boys For Life - 4K MA - $5.5
* The Bad Guys (Animated) - 4K MA - $6
* The Bad Guys 2 (Animated) - 4K MA - $11
* The Banana Splits Movie - 4K MA - $6
* The Banshees of Inisherin - 4K MA - $6.5
* Barb & Star Go to Vista Del Mar - 4K Vudu - $5
* Barbarella - 4K Vudu - $5.75
* Barbarian (2022) - 4K MA - $6
* Barbie (2023) - 4K MA - $6
* Basic Instinct (Unrated Director's Cut) - 4K Vudu - $5.5
* Batman (1989) - 4K MA - $6
* Batman Returns (1992) - 4K MA - $6
* Batman Forever (1995) - 4K MA - $6
* Batman & Robin (1997) - 4K MA - $6
* Batman Begins - 4K MA - $6.5
* The Dark Knight - 4K MA - $6.5
* Batman and Harley Quinn - 4K MA - $5.75
* Batman Ninja - 4K MA - $5.75
* Batman v Superman: Dawn of Justice (Ultimate Edition) - 4K MA - $6.25
* Batman vs. Teenage Mutant Ninja Turtles - 4K MA - $5.75
* Batman Year One Commemorative Edition - 4K MA - $5.75
* Batman: Assault on Arkham - 4K MA - $5.75
* Batman: Death in the Family - 4K MA - $5.75
* Batman: Hush - 4K MA - $5.75
* Batman: Soul of the Dragon - 4K MA - $5.75
* Batman: The Killing Joke - 4K MA - $5.75
* Batman: The Long Halloween Deluxe Edition - 4K MA - $6.5
* Battleship - 4K MA - $5
* Baywatch - 4K iTunes / Vudu - $5
* Beast (2022) - 4K MA - $6
* Beauty and the Beast (2017) - 4K MA / Vudu - $6
* Beetlejuice - 4K MA - $6
* Beetlejuice Beetlejuice - 4K MA - $6
* Belfast - 4K MA - $5.75
* Belly - 4K Vudu - $5
* Ben is Back - 4K Vudu - $6
* Bennett's War - 4K MA - $6
* Better Off Dead - 4K Vudu - $5.75
* Big Fish - 4K MA - $6
* Big George Foreman - 4K MA - $6
* The Big Lebowski - 4K MA - $5.75
* The Big Short - 4K Vudu - $6
* The Bikeriders - 4K MA - $6
* Billy Lynn's Long Halftime Walk - 4K MA - $6
* The Birds - 4K MA / Vudu - $5.25
* Birds of Prey - 4K MA - $6
* Black Christmas (2019) - 4K MA - $5.75
* Black Mass - 4K MA - $6
* The Black Phone - 4K MA - $5.75
* Blacklight - 4K MA - $5.75
* Blade - 4K MA - $6.25
* Blade Runner (Final Cut) - 4K MA - $6.25
* Blair Witch (2016) - 4K Vudu - $5.25
* Blinded By The Light (2019) - 4K MA - $6
* Blindspotting (2018) - 4K Vudu - $5
* The Blob (1988) - 4K MA - $6
* Blockers - 4K MA - $6
* Bloodshot - 4K MA - $6
* Blue Bayou - 4K MA - $5.5
* The Blues Brothers (Unrated) - 4K MA - $6
* Blumhouse's Truth Or Dare (Unrated) - 4K MA - $5.75
* Body Double - 4K MA - $6
* Bombshell (2019) - 4K Vudu - $5.75
* Book Club: The Next Chapter - 4K MA - $5.75
* Born on the Fourth of July - 4K MA - $6
* Bosco - 4K MA - $6
* The Boss (Unrated) - 4K MA - $6
* The Boss Baby: Family Business (Animated) - 4K MA - $6
* Bound (1996) - 4K Vudu - $6
* Boy Kills World - 4K Vudu - $5.25
* Braveheart - 4K iTunes / Vudu - $5.75
* Breaking In - 4K MA - $5.75
* Breaking In (Unrated) - 4K MA - $5.75
* Breathe - 4K MA - $6
* Brian and Charles - 4K MA - $5.75
* The Bridge On the River Kwai - 4K MA - $6
* Bringing Out the Dead (1999, Nicolas Cage) - 4K Vudu - $5.5
* Bullet Train - 4K MA - $5.5
* Bumblebee - 4K Vudu - $5
* But I'm A Cheerleader (Director's Cut) - 4K Vudu - $5.75
* The Cabin in the Woods - 4K iTunes / Vudu - $5
* Call Jane - 4K Vudu - $5.5
* Candyman (2021) - 4K MA - $6
* Captain Marvel - 4K MA / Vudu - $5.5
* Captain Phillips - 4K MA - $6
* Captive State - 4K MA - $5.75
* The Card Counter - 4K MA - $5.75
* Carlito's Way - 4K MA - $6
* Cars 3 - 4K MA / Vudu - $6
* Cats (2019) - 4K MA - $5.75
* Central Intelligence (Unrated) - 4K MA - $6
* Champions - 4K MA - $6.25
* Changing Lanes - 4K Vudu - $5
* Chaos Walking - 4K Vudu - $5.25
* Chappaquiddick - 4K Vudu - $5.5
* Chappie - 4K MA - $6
* Charlie Wilson's War - 4K MA - $6
* Charlie's Angels (2019) - 4K MA - $6
* Chinatown (1974) - 4K Vudu - $5.75
* Christine - 4K MA - $6
* Cinderella Man - 4K MA - $6
* Cinema Paradiso - 4K Vudu - $5.75
* Citizen Kane - 4K MA - $6
* The City of Lost Children - 4K Vudu - $6
* Civil War - 4K Vudu - $5
* Clerks III - 4K Vudu - $5.5
* Cliffhanger - 4K MA - $6
* Clifford: The Big Red Dog - 4K Vudu - $5.75
* The Climb (2019) - 4K Vudu - $5.75
* A Clockwork Orange - 4K MA - $6
* Cloverfield - 4K iTunes / Vudu - $5.5
* 10 Cloverfield Lane - 4K iTunes / Vudu - $5.5
* Clue (1985) - 4K Vudu - $5.5
* Cobweb - 4K Vudu - $5
* Cocaine Bear - 4K MA - $6
* Cold Pursuit - 4K Vudu - $5.25
* Collateral - 4K Vudu - $6
* Collateral - 4K iTunes / Vudu - $6
* Collateral Beauty (2016) - 4K MA - $6
* The Colony (2021) - 4K Vudu - $5
* The Color Purple (1985) - 4K MA / Vudu - $6.5
* Coming To America - 4K Vudu - $5.25
* The Commuter - 4K Vudu - $5
* Conan the Barbarian (2011) - 4K Vudu - $5
* Concussion - 4K MA - $6
* The Conjuring - 4K MA - $5.5
* Constantine - 4K MA - $5.75
* Constantine: The House of Mystery - 4K MA - $5.75
* Contagion - 4K MA - $6
* Contraband - 4K MA - $6
* The Conversation (1974) - 4K Vudu - $5.5
* Copshop - 4K MA - $5.75
* Corpse Bride - 4K MA - $6
* Cotton Club Encore (1984) (Extended Cut) - 4K Vudu - $5
* Countdown (2019) - 4K Vudu - $5
* The Courier (2021) - 4K Vudu - $5.25
* The Craft: Legacy - 4K MA - $5.75
* Crank - 4K Vudu - $5.5
* Crawl - 4K Vudu - $6
* Creepshow - 4K MA - $6
* Critters Attack! - 4K MA - $5.5
* The Croods - 4K MA - $6
* The Croods: A New Age - 4K MA - $6
* Crouching Tiger, Hidden Dragon - 4K MA - $6
* The Crow (1994) - 4K Vudu - $6
* The Curse of La Llorona - 4K MA - $6
* The Curse of the Necklace - 4K MA - $5.5
* Cutthroat Island (1995) - 4K Vudu - $5.75
* Daddy's Home - 4K Vudu - $5
* Daddy's Home 2 - 4K Vudu - $5
* Damaged (2024) - 4K Vudu - $5.25
* The Dark Tower - 4K MA - $6
* Dark Waters - 4K MA - $5.75
* Dark Web: Cicada 3301 - 4K Vudu - $5.75
* Darkest Hour - 4K MA - $6
* Daybreakers - 4K Vudu - $5.75
* The Dead Don't Die - 4K MA - $6
* Deadpool - 4K iTunes (ports to MA) - $3.5
* Dear Evan Hansen - 4K MA - $5.75
* The Death of Superman - 4K MA - $5.75
* Death Race (Unrated) - 4K MA - $6
* Death Wish (1974) - 4K Vudu - $5.75
* Deepwater Horizon - 4K Vudu - $5
* Deliver Us From Evil (2014, Eric Bana, Olivia Munn) - 4K MA - $6
* Dementia 13 (The Director's Cut) - 4K Vudu - $5.75
* Den of Thieves (Director's Cut) - 4K Vudu - $5.25
* The Departed - 4K MA - $5.5
* Desperation Road - 4K Vudu - $5.75
* Despicable Me - 4K MA - $5.5
* Despicable Me 2 - 4K MA - $5.5
* Despicable Me 3 - 4K MA - $5.5
* Devil in a Blue Dress - 4K MA - $6
* Die In A Gunfight - 4K Vudu - $5
* Dirty Dancing - 4K Vudu - $5
* Dirty Harry (Clint Eastwood) - 4K MA - $6
* District 9 - 4K MA - $6
* Do the Right Thing - 4K MA - $5.5
* Doctor Sleep - 4K MA - $5.75
* Doctor Sleep (Director's Cut) - 4K MA - $6
* A Dog's Journey - 4K MA - $5.5
* Dolittle - 4K MA - $5.25
* Don't Look Now (1973) - 4K Vudu - $5.5
* The Doorman - 4K Vudu - $5
* Dora And The Lost City Of Gold - 4K Vudu - $5.75
* Double Jeopardy - 4K Vudu - $5.5
* Downton Abbey (2019) - 4K MA - $5.75
* Downton Abbey: A New Era - 4K MA - $5.75
* Dr. Seuss' How The Grinch Stole Christmas - 4K MA - $6
* Dr. Seuss' The Grinch (2018) - 4K MA - $6
* Dr. Strangelove or: How I Learned to Stop Worrying and Love the Bomb - 4K MA - $6
* Dracula (1931) - 4K MA - $5
* Dracula Untold - 4K MA / Vudu - $5.75
* Dragged Across Concrete - 4K Vudu - $4.5
* Dragonslayer - 4K iTunes / Vudu - $5.25
* Dreamland (2019, Margot Robbie) - 4K Vudu - $5.75
* Dredd - 4K iTunes / Vudu - $4
* Drive (2011) - 4K MA - $6
* Drive-Away Dolls - 4K MA - $5.75
* Duel (1971) - 4K MA - $5.75
* Dune (2021) - 4K MA - $6
* Dune: Part Two - 4K MA - $6
* Dungeons & Dragons: Honor Among Thieves - 4K Vudu - $6
* Dunkirk - 4K MA - $6
* E.T. The Extra-Terrestrial - 4K MA - $6
* East of Eden - 4K MA - $5.75
* Easter Sunday - 4K MA - $5.5
* Edge of Tomorrow - 4K MA - $6
* El Chicano - 4K MA - $5.75
* Elizabeth (1998) - 4K MA - $6.25
* Elizabethtown - 4K Vudu - $5.5
* Elvis (2022) - 4K MA - $6
* Elysium - 4K MA - $6
* Emma - 4K MA - $6
* The Emoji Movie - 4K MA - $6
* The End We Start From (2023) - 4K Vudu - $5.5
* Ender's Game - 4K Vudu - $4
* Enter the Dragon - 4K MA - $5.5
* Entourage: The Movie - 4K MA - $6
* The Equalizer - 4K MA - $6
* The Equalizer 2 - 4K MA - $6
* The Equalizer 3 - 4K MA - $6
* Erin Brockovich - 4K MA - $6
* Escape From Alcatraz - 4K Vudu - $5.75
* John Carpenter's Escape From LA - 4K Vudu - $5
* Evan Almighty - 4K MA - $6.25
* Event Horizon - 4K Vudu - $5.75
* Everest - 4K MA / Vudu - $5.75
* Every Body (2023) - 4K MA - $6
* Everything Everywhere All at Once - 4K Vudu - $6
* The Evil Dead (1981) - 4K MA - $6.5
* Evil Dead 2 - 4K Vudu - $5.5
* Evil Dead Rise - 4K MA - $5.75
* The Exorcist (Extended Director’s Cut) - 4K MA - $6
* The Exorcist: Believer - 4K MA - $5.75
* F Marry Kill (2024) - 4K Vudu - $5
* The Fabelmans - 4K MA - $5.75
* Face/Off - 4K Vudu - $6
* The Fall Guy - 4K MA - $6
* Fallen (2022) - 4K Vudu - $5
* The Fallout - 4K MA - $6
* Fast & Furious 6 (Theatrical Edition) - 4K MA - $5.5
* Fast & Furious 6 (Extended Edition) - 4K iTunes / HD Vudu (ports to MA) - $4
* Furious 7 (Theatrical Edition) - 4K MA - $5.5
* Furious 7 (Extended Edition) - 4K MA - $5.75
* The Fate of the Furious (Theatrical) - 4K MA / iTunes - $5
* F9: The Fast Saga (Theatrical + Director's Cut) - 4K MA - $6
* Fast X - 4K MA - $6
* Fast & Furious Presents: Hobbs & Shaw - 4K MA - $6
* Fast Color - 4K Vudu - $5.25
* Fat City - 4K MA - $6
* Fatal Attraction - 4K Vudu - $5.5
* Fatale (2020) - 4K Vudu - $5.25
* Father Of The Bride (2022) - 4K MA - $6
* Father Stu - 4K MA - $6
* The Father - 4K Vudu - $5.75
* Fatherhood - 4K MA - $6
* The Fault In Our Star - 4K iTunes - $3.75
* Fear of Rain - 4K Vudu - $5.25
* Ferris Bueller's Day Off - 4K Vudu - $5.5
* A Few Good Men - 4K MA - $6.25
* Field of Dreams - 4K MA - $6
* The Fifth Element - 4K MA - $6
* Fifty Shades of Grey (Theatrical) - 4K iTunes (ports to MA) - $4.5
* Fifty Shades of Grey (Unrated) - 4K MA - $5
* Fifty Shades Darker (Theatrical) - 4K iTunes (ports to MA) - $4.5
* Fifty Shades Darker (Unrated) - 4K MA - $5
* Fifty Shades Freed (Unrated) - 4K MA - $5
* Final Fantasy: The Spirits Within - 4K MA - $5
* Kingsglaive: Final Fantasy XV - 4K MA - $6
* Finding Nemo - 4K MA - $6
* Firestarter (2022) - 4K MA - $6.25
* The Firm - 4K Vudu - $5.75
* The Fisher King - 4K MA - $6
* Five Feet Apart - 4K Vudu - $5.75
* Five Nights at Freddy's - 4K MA - $6
* Flashdance - 4K Vudu - $5.25
* Flatliners (1990) - 4K MA - $6
* Focus (2015) - 4K MA - $6
* For the Love of Money - 4K Vudu - $5.5
* The Forbidden Kingdom - 4K Vudu - $5.5
* Forrest Gump - 4K Vudu - $6
* Freaky - 4K MA - $5.5
* Freaky Friday (2003) - 4K MA - $6
* Freaky Tales (2024) - 4K Vudu - $5.75
* Friday Night Lights - 4K MA / Vudu - $5.75
* Friday the 13th (Theatrical) - 4K Vudu - $5
* Friday the 13th: Part 2 - 4K Vudu - $5
* Fright Night - 4K MA - $6
* Frozen - 4K MA / Vudu - $5.75
* Frozen II - 4K MA / Vudu - $5.75
* Full Metal Jacket - 4K MA - $6
* Fury - 4K MA - $6.25
* G.I. Joe: Rise of Cobra - 4K Vudu - $5.25
* G.I. Joe: Retaliation - 4K iTunes - $4
* The Gallows - 4K MA - $5.25
* Game Night - 4K MA - $5.75
* The Garfield Movie (2024) - 4K MA - $6
* Gattaca - 4K MA - $6
* Gemini Man - 4K iTunes / Vudu - $4.75
* Genie (2023) - 4K MA - $5.75
* The Gentlemen - 4K Vudu - $5.75
* Get Him to the Greek - 4K MA - $6
* Get Out - 4K MA - $6
* Ghost - 4K Vudu - $5.75
* Ghost in the Shell (1996) - 4K iTunes / Vudu - $5
* Ghost in the Shell (2017) - 4K iTunes / Vudu - $5
* The Girl In The Spider's Web - 4K MA - $5.75
* The Girl on the Train - 4K MA - $5.75
* Glass - 4K MA - $6
* The Glass Castle - 4K Vudu - $5.5
* Glory - 4K MA - $6
* Gods of Egypt - 4K Vudu - $5.75
* Godzilla (1998) - 4K MA - $6
* Godzilla x Kong: The New Empire - 4K MA - $6
* Gone Girl - 4K MA - $6
* Good Boys - 4K MA - $5.5
* The Good Liar (2019) - 4K MA - $6
* Goodfellas - 4K MA - $6.25
* The Goonies - 4K MA - $6
* Gran Turismo - 4K MA - $6
* The Great Gatsby - 4K MA - $6.25
* The Great Wall - 4K MA / iTunes / Vudu - $5
* Greedy People - 4K Vudu - $5.25
* Green Book - 4K MA - $5.75
* The Green Mile - 4K MA - $6.25
* Greenland (2020) - 4K Vudu - $5.5
* Gremlins - 4K MA - $6
* Greta - 4K MA - $6
* Guardians of the Galaxy - 4K MA - $6
* The Guest - 4K MA - $6.25
* The Guns of Navarone - 4K MA - $6
* Habit - 4K Vudu - $5
* Hacksaw Ridge - 4K iTunes / Vudu - $5
* Half Brothers - 4K MA - $6
* Halloween: Resurrection - 4K Vudu - $5
* Halloween Kills (Extended Cut) - 4K MA - $6
* Halloween Ends - 4K MA - $6
* The Hangover - 4K MA - $6
* The Hangover Part II - 4K MA - $6
* The Hangover Part III - 4K MA - $6
* Happy Death Day - 4K MA - $6
* Happy Death Day 2U - 4K MA - $6
* Hard Luck Love Song (2020) - 4K Vudu - $5.75
* Harriet - 4K MA - $6
* Heavy Metal - 4K MA - $6
* Hell Fest - 4K Vudu - $5
* Hell or High Water - 4K Vudu - $5
* Hell or High Water - 4K iTunes - $5
* Hellboy (2004) (Director's Cut) - 4K MA - $6.25
* Hellboy II: The Golden Army - 4K MA - $6
* Hellboy (2019) - 4K iTunes / Vudu - $5
* Hellboy Animated Double Feature - 4K Vudu - $6.5
* The High Note - 4K MA - $6
* High Tension (Unrated) - 4K Vudu - $5.75
* Highlander - 4K Vudu - $5.25
* The Hitman's Bodyguard - 4K iTunes / Vudu - $5
* Hitman's Wife's Bodyguard - 4K iTunes / Vudu - $5
* The Holdovers - 4K MA - $6
* The Holiday - 4K MA - $6
* Holmes And Watson - 4K MA - $6
* Home Alone - 4K MA - $5.75
* Honk for Jesus. Save Your Soul. - 4K MA - $6
* Hook - 4K MA - $6
* Horizon: An American Saga - Chapter 1 - 4K MA / Vudu - $5.5
* Hostiles - 4K Vudu - $5.5
* Hot Fuzz - 4K MA - $6
* The House With a Clock in Its Walls - 4K MA / Vudu - $5.75
* How To Be Single - 4K MA - $6
* How to Train Your Dragon (2010) - 4K MA - $6
* How to Train Your Dragon 2 - 4K MA - $6
* How to Train Your Dragon: The Hidden World - 4K MA - $6
* Howard the Duck - 4K MA - $6
* Hugo - 4K Vudu - $5.75
* The Hulk (2003) - 4K MA - $6
* The Hunt - 4K MA - $6
* Hunter Killer - 4K Vudu - $5.5
* Hurricane Heist - 4K iTunes - $5
* The Hurt Locker - 4K Vudu - $5.75
* Hustle & Flow - 4K Vudu - $5.5
* Hustlers (2019) - 4K Vudu - $5
* I Am Legend - 4K MA - $6
* I Know What You Did Last Summer - 4K MA - $6
* I Still Know What You Did Last Summer - 4K MA - $6
* I Still See You - 4K Vudu - $5
* I Think We're Alone Now (2018) - 4K Vudu - $5.25
* IF (Imaginary Friends) - 4K Vudu - $5.75
* Imaginary (2024) - 4K Vudu - $5.5
* In & Out - 4K Vudu - $5.25
* In the Heart of the Sea - 4K MA - $6
* In The Heights - 4K MA - $6
* Inception - 4K MA - $6.25
* Incredibles 2 - 4K MA / Vudu - $6.5
* Infinite - 4K iTunes / Vudu - $5
* Inglourious Basterds - 4K MA - $6
* Initiation - 4K Vudu - $5
* Initiation (2020) - 4K Vudu - $5
* Inside (2023) - 4K MA - $6
* Instant Family - 4K Vudu - $5
* The Intern - 4K MA - $6
* Interstellar - 4K Vudu - $5.5
* Interstellar - 4K iTunes / Vudu - $5.5
* Into The Deep (2022) - 4K Vudu - $5
* Into The Storm - 4K MA - $5.75
* The Intruder - 4K MA - $6
* The Invisible Man (2020) - 4K MA / Vudu - $5.75
* Irresistible (2020) - 4K MA - $6
* Isn't It Romantic - 4K MA - $6
* It (2017) - 4K MA - $6.25
* It: Chapter Two - 4K MA - $6.25
* It Came from Outer Space (1953) - 4K MA - $5.75
* It Follows - 4K Vudu - $5.75
* The Italian Job (2003) - 4K Vudu - $5.75
* Jack Reacher - 4K Vudu - $5.25
* Jack Reacher Never Go Back - 4K iTunes / Vudu - $5.25
* Jackie Brown - 4K Vudu - $5.5
* Jarhead - 4K MA - $6.25
* Jaws - 4K MA - $5
* Jesus Revolution - 4K Vudu - $6
* Jigsaw - 4K iTunes / Vudu - $4
* John Wick 2 - 4K iTunes - $4.5
* John Wick 3: Parabellum - 4K iTunes - $4.5
* John Wick 4 - 4K iTunes / Vudu - $5.5
* Joker - 4K MA - $6
* Joker: Folie à Deux - 4K MA - $6
* Juice - 4K Vudu - $6
* Juliet, Naked - 4K Vudu - $5
* Jumanji (1995) - 4K MA - $6
* Jumanji: Welcome to the Jungle - 4K MA - $6
* Jumanji: The Next Level - 4K MA - $6
* Jungle Cruise - 4K MA / Vudu - $5.5
* Jupiter Ascending - 4K MA - $6
* The Lost World: Jurassic Park - 4K MA - $5.5
* Jurassic Park III - 4K MA - $5.5
* Jurassic World Dominion (Theatrical + Extended) - 4K MA - $6
* Just Like Heaven - 4K Vudu - $5.75
* Just Mercy - 4K MA - $6
* Justice League (2017) - 4K MA - $6.25
* Justice League Dark - 4K MA - $5.75
* Justice League vs. The Fatal Five - 4K MA - $5.75
* Justice League: Throne of Atlantis - 4K MA - $5.75
* Justice League: Warworld - 4K MA - $6
* Kajillionaire - 4K MA - $5.5
* Kandahar (2023) - 4K MA - $6
* Kick-Ass - 4K Vudu - $5.75
* Kick-Ass 2 - 4K MA - $6
* Kickboxer (1989, Van Damme) - 4K Vudu - $5.5
* The Kid Who Would Be King - 4K MA / Vudu - $6
* Kill (2024) - 4K Vudu - $5.75
* Kill Bill Volume 2 - 4K Vudu - $5.5
* Kimi - 4K MA - $6
* King Arthur: Legend of the Sword - 4K MA - $6
* King Kong (1976) - 4K Vudu - $6
* King Kong (2005) (Extended Version) - 4K MA - $5.75
* King Kong (2005) (Theatrical) - 4K MA / Vudu - $5.5
* The King of Staten Island - 4K MA - $5.75
* King Richard - 4K MA - $5.75
* Kingdom of Heaven (Director's Cut Roadshow Version) - 4K MA - $6
* The Kingdom - 4K MA - $6
* Kingsman: The Secret Service - 4K iTunes (ports to MA) - $4
* The Kitchen (2019) - 4K MA - $5.75
* Knives Out - 4K iTunes / Vudu - $5
* Knock at the Cabin - 4K MA - $5.75
* Knowing - 4K Vudu - $5
* Kramer Vs. Kramer - 4K MA - $6
* Kung Fu Panda - 4K MA - $6
* Kung Fu Panda 2 - 4K MA - $6
* Kung Fu Panda 4 - 4K MA - $6
* La La Land - 4K Vudu - $5
* Land - 4K MA - $5
* Land of the Lost - 4K MA - $6
* Lara Croft: Tomb Raider - 4K iTunes / Vudu - $5
* Lara Croft: Tomb Raider - The Cradle of Life - 4K iTunes / Vudu - $5
* Last Action Hero - 4K MA - $6
* The Last Airbender - 4K Vudu - $5.75
* Last Christmas - 4K MA - $6
* The Last Detail - 4K MA - $6
* Last Night In Soho - 4K MA - $6
* The Last Showgirl (2025) - 4K Vudu - $5.5
* The Last Vermeer - 4K MA - $5.75
* The Last Voyage of the Demeter - 4K MA - $6
* The Last Witch Hunter - 4K Vudu - $4.5
* Law Abiding Citizen - 4K Vudu - $5.75
* Lawrence of Arabia (Restored Version) - 4K MA - $6.5
* A League of Their Own (1992) - 4K MA - $6
* The Legend of Tarzan - 4K MA - $6
* The LEGO Batman Movie - 4K MA - $6
* The Lego Movie - 4K MA - $6
* The LEGO Movie 2: The Second Part - 4K MA - $6
* The LEGO Ninjago Movie - 4K MA - $6
* Leon the Professional (Theatrical & Extended Cuts) - 4K MA - $6
* Let Them All Talk - 4K MA - $6
* Lethal Weapon (Theatrical & Director's Cut) - 4K MA - $6
* Life (2017) - 4K MA - $6
* Life of Pi - 4K iTunes (ports to MA) - $5
* Lights Out - 4K MA - $6
* Lightyear - 4K MA / Vudu - $5
* The Limey - 4K Vudu - $5
* The Lincoln Lawyer - 4K Vudu - $5.75
* The Lion King (2019) - 4K MA - $5.5
* Lisa Frankenstein - 4K MA - $6
* Little (2019) - 4K MA - $6.25
* Little Fockers - 4K MA - $6
* The Little Mermaid (1989) - 4K MA / Vudu - $6
* The Little Stranger - 4K MA - $6
* Live By Night - 4K MA - $6.25
* Logan - 4K iTunes (ports to MA) - $4.5
* Logan Lucky - 4K MA - $5.5
* Lone Survivor - 4K MA - $5.5
* The Long Game - 4K MA - $6
* Long Shot - 4K Vudu - $5
* Look Who's Talking - 4K MA - $6
* Looper - 4K MA - $6
* The Lord of the Rings: The War of the Rohirrim - 4K MA - $6
* Lord of War - 4K Vudu - $5
* The Lost Boys - 4K MA - $6.25
* The Lost City - 4K Vudu - $5.75
* The Lost City - 4K iTunes - $5
* Love and Monsters - 4K Vudu - $6.25
* Lucy - 4K MA / Vudu - $5
* Léon: The Professional (Extended Cut) - 4K MA - $6
* M3GAN (Unrated + Theatrical in MA Extras) - 4K MA - $6
* M3GAN (MEGAN) 2.0 - 4K MA - $9
* Ma (2019) - 4K MA - $6
* Mad Max 2: The Road Warrior - 4K MA - $6
* Mad Max 3: Beyond Thunderdome - 4K MA - $6
* Mad Max: Fury Road - 4K MA - $6
* Furiosa: A Mad Max Saga - 4K MA - $6
* Madagascar - 4K MA - $5.75
* Malcolm X - 4K MA - $6
* Maleficent - 4K MA - $6
* Malignant - 4K MA - $5.25
* Mamma Mia! The Movie - 4K MA / Vudu - $5.75
* Mamma Mia! Here We Go Again - 4K MA / Vudu - $5.75
* The Man from U.N.C.L.E. - 4K MA - $6
* Man of Steel (2013) - 4K MA - $6.25
* The Man Who Fell to Earth (1976) - 4K Vudu - $4.5
* The Man with the Iron Fists - 4K MA - $5.75
* The Manchurian Candidate (2004) - 4K Vudu - $5.75
* The Many Saints of Newark - 4K MA - $6.25
* Marlowe - 4K MA - $5.75
* Marnie - 4K MA / Vudu - $5
* Marry Me - 4K MA - $6
* The Marsh King's Daughter - 4K Vudu - $5.75
* The Martian (Extended Cut) - 4K MA - $6
* Mary Poppins Returns - 4K MA / Vudu - $5.5
* Mary Poppins Returns - 4K MA / Vudu - $5.5
* Mary Queen of Scots - 4K MA - $6
* Mary Shelley's Frankenstein - 4K MA - $6.25
* The Mask of Zorro (1998) - 4K MA - $5.75
* The Legend of Zorro (2005) - 4K MA - $6.5
* Master and Commander: The Far Side of the World - 4K MA - $5.5
* The Matrix - 4K MA - $6
* The Matrix Revolutions - 4K MA - $6
* The Mauritanian - 4K Vudu - $6
* Me Before You - 4K MA - $6.25
* Mean Streets - 4K MA - $6
* Meatballs (Bill Murray) - 4K Vudu - $5.75
* The Meg - 4K MA - $6
* Meg 2: The Trench - 4K MA - $6
* Memory - 4K MA - $5.75
* Men in Black: International - 4K MA - $4.5
* Migration - 4K MA - $6.25
* Miller's Girl - 4K Vudu - $5.5
* Mindcage - 4K Vudu - $5.25
* Minions - 4K MA / Vudu - $6
* Minions: The Rise of Gru - 4K MA - $6
* Miss Bala (2019) - 4K MA - $6
* Mission: Impossible - 4K iTunes / Vudu - $4
* Mission: Impossible - Ghost Protocol - 4K iTunes / Vudu - $4
* Mission: Impossible - Rogue Nation - 4K iTunes / Vudu - $4
* Mission: Impossible - Fallout - 4K iTunes / Vudu - $4
* The Mist (Stephen King) - 4K Vudu - $5
* Money Monster - 4K MA - $6
* Monkey Man - 4K MA - $5.75
* Monster Hunter - 4K MA - $6
* The Monster Squad - 4K Vudu - $5.75
* Monster Trucks - 4K iTunes (ports to MA) - $3.5
* The Monuments Men - 4K MA - $6.25
* Moon (2009) - 4K MA - $6
* Moonfall - 4K iTunes / Vudu - $5.25
* Moonrise Kingdom - 4K MA - $6
* Moonshot - 4K MA - $6.25
* The Moon and Back (2022) - 4K Vudu - $5
* Morbius - 4K MA - $5.5
* Mortal Engines - 4K MA - $6
* Mortal Kombat (2021) - 4K MA - $6
* Motherless Brooklyn (2019) - 4K MA - $6
* The Mountain Within Me - 4K MA - $6
* Mr. Smith Goes to Washington - 4K MA - $6
* Mrs. Harris Goes to Paris - 4K MA - $6
* Mulan (2020) - 4K MA / Vudu - $6
* The Mule - 4K MA - $6.25
* The Mummy (1999) - 4K MA - $6
* The Mummy Returns - 4K MA - $6
* The Mummy: Tomb of the Dragon Emperor - 4K MA - $6
* The Mummy (2017) - 4K MA / Vudu - $5
* The Muppets Take Manhattan - 4K MA - $6
* Murder on the Orient Express (1974) - 4K Vudu - $6
* The Mustang - 4K MA - $6
* My Best Friend's Wedding - 4K MA - $5.75
* My Big Fat Greek Wedding 2 - 4K MA - $6
* My Big Fat Greek Wedding 3 - 4K MA - $6
* My Bloody Valentine - 4K Vudu - $5.75
* My Penguin Friend - 4K Vudu - $5.5
* National Lampoon's Animal House - 4K MA - $6
* National Treasure 2: Book of Secrets - 4K MA - $6
* Needle in a Timestack - 4K Vudu - $5.25
* Never Let Go (2024) - 4K Vudu - $5.5
* Never Rarely Sometimes Always - 4K MA - $5.5
* News of the World - 4K MA - $6
* The Nice Guys - 4K MA - $6
* Night School (Extended Cut) - 4K MA - $5.5
* Night Swim - 4K MA - $5.75
* The Nightmare Before Christmas - 4K MA - $5.75
* A Nightmare On Elm Street (Theatrical + Uncut) - 4K MA - $6
* No Hard Feelings - 4K MA - $6.25
* No Sudden Move (2021) - 4K MA - $6
* Nobody 2 - 4K MA - $10
* North by Northwest - 4K MA - $5.75
* The Northman - 4K MA - $6
* Nosferatu - 4K MA - $6
* Not Another Church Movie - 4K MA - $5.5
* Now You See Me - 4K Vudu - $5.75
* Now You See Me 2 - 4K Vudu - $5.75
* The Nun - 4K MA - $6.25
* The Nun II - 4K MA - $6.25
* The Nutcracker and the Four Realms - 4K MA / Vudu - $6
* Oblivion - 4K MA / iTunes / Vudu - $4.5
* Of an Age - 4K MA - $6.25
* Old (2021) - 4K MA / Vudu - $5.75
* The Old Way - 4K Vudu - $4.5
* The Omen (1976) - 4K MA - $6.25
* On the Basis of Sex - 4K MA - $6
* One False Move - 4K MA - $6
* One From The Heart: Reprise - 4K Vudu - $5
* One Year Off (2023) - 4K Vudu - $5.75
* Only The Brave - 4K MA - $6
* Onward - 4K MA / Vudu - $5
* Operation Fortune: Ruse De Guerre - 4K Vudu - $5.5
* Oppenheimer - 4K MA - $6
* Orphan First Kill - 4K Vudu - $5.75
* Out of Africa - 4K MA - $5.5
* The Outfit (2022) - 4K MA - $6
* The Outlaw Josey Wales (Clint Eastwood) - 4K MA - $6
* The Outsiders (1983) (The Complete Novel Extended Edition) - 4K MA - $6.25
* Overlord - 4K Vudu - $5.5
* Pacific Rim - 4K MA - $6
* Pacific Rim: Uprising - 4K MA - $6
* Paddington (2014) - 4K Vudu - $5.75
* Pale Rider (Clint Eastwood) - 4K MA - $6
* Pan (2015) - 4K MA - $5.75
* Pan's Labyrinth - 4K MA - $6.25
* Pandas - 4K MA - $6
* Paprika - 4K MA - $6.25
* Passengers - 4K MA - $6
* The Patriot (2000) - 4K MA - $6.25
* Patriot Games (Jack Ryan) - 4K iTunes / Vudu - $4.5
* Paul (Unrated) - 4K MA - $6.25
* Paul Blart: Mall Cop 2 - 4K MA - $6.25
* The Personal History of David Copperfield - 4K MA - $6
* Pet Sematary (1989) - 4K iTunes / Vudu - $5
* Pet Sematary (2019) - 4K Vudu - $4.5
* Phantom Thread - 4K MA - $6
* The Photograph - 4K MA - $6
* Pinocchio (2019) - 4K Vudu - $5.25
* Pitch Perfect - 4K MA / Vudu - $5.5
* Pitch Perfect (Sing-Along Edition) - 4K MA - $6.25
* Plane - 4K Vudu - $5
* Planes, Trains And Automobiles - 4K Vudu - $5.25
* Please Don't Destroy: The Treasure of Foggy Mountain - 4K MA - $5.5
* Point Break (2015) - 4K MA - $6
* Pokémon Detective Pikachu - 4K MA - $6
* Polite Society - 4K MA - $6.25
* Pollock (2000) - 4K MA - $5.75
* Poltergeist (1982) - 4K MA - $6
* The Pope's Exorcist - 4K MA - $6.25
* Popeye (1980) - 4K Vudu - $5.75
* The Possession Of Hannah Grace - 4K MA - $6
* Praise This - 4K MA - $5.75
* Predator: 4-movie Collection - 4K MA - $20
* Premium Rush - 4K MA - $6.25
* The Prestige - 4K MA - $6
* Prey for the Devil - 4K Vudu - $5
* Pride & Prejudice - 4K MA - $6
* Pride and Prejudice and Zombies - 4K MA - $6
* Primal - 4K Vudu - $4.5
* Primal Fear (1996) - 4K Vudu - $6
* Profile - 4K MA - $6
* Prometheus - 4K MA - $6
* Promising Young Woman - 4K MA - $6
* The Protégé - 4K Vudu - $5
* Psycho (1960) - 4K MA - $5.5
* Public Enemies (2009) - 4K MA - $6
* Pulp Fiction - 4K iTunes / Vudu - $5.5
* Punch-Drunk Love - 4K MA - $6
* The Punisher - 4K Vudu - $6
* Punisher: War Zone - 4K Vudu - $5.5
* The Purge - 4K iTunes (ports to MA) - $4.5
* The Purge - 4K MA - $5.5
* Pursuit - 4K Vudu - $4
* Push - 4K Vudu - $5
* Puss in Boots - 4K MA - $6.25
* Puss in Boots: The Last Wish - 4K MA - $6
* Queen & Slim - 4K MA / Vudu - $5
* The Quick and the Dead - 4K MA - $6.25
* A Quiet Place - 4K Vudu - $5.5
* A Quiet Place - 4K iTunes - $4.5
* A Quiet Place Part II - 4K Vudu - $5.5
* A Quiet Place: Day One - 4K Vudu - $6
* R.I.P.D. - 4K MA - $6
* Ralph Breaks the Internet - 4K MA / Vudu - $6
* Reagan (2024) - 4K Vudu - $6
* Real Genius - 4K MA - $6.25
* Rear Window - 4K MA / Vudu - $5
* Rebel Without a Cause - 4K MA - $5.75
* Red Eye - 4K Vudu - $5.75
* Red Heat - 4K Vudu - $4.5
* Redeeming Love - 4K MA - $6.25
* Remember the Titans - 4K MA (iTunes redeem) - $6
* Renfield - 4K MA - $6.25
* Replicas - 4K Vudu - $5
* Requiem for a Dream (Director's Cut) - 4K Vudu - $5.25
* Reservoir Dogs - 4K Vudu - $5
* Retribution (2023) - 4K Vudu - $5.5
* Revolutionary Road (2008) - 4K Vudu - $5.75
* The Ring (2002) - 4K Vudu - $5.5
* Roadrunner: A Film About Anthony Bourdain - 4K MA - $5.75
* Robin and Marian - 4K MA - $6
* Robin Hood (2010) (Unrated Director's Cut) - 4K MA - $6
* Robin Hood (2018) - 4K Vudu - $5
* Rocketman - 4K iTunes / Vudu - $4.75
* Rogue (2020) - 4K Vudu - $5
* Role Models - 4K MA - $5.75
* Roman J. Israel, Esq. - 4K MA - $6
* Rosemary's Baby - 4K Vudu - $5.5
* Rough Night - 4K MA - $5
* Rudy (Director's Cut) - 4K MA - $6.5
* Run Lola Run - 4K MA - $6
* The Running Man - 4K Vudu - $5
* Saban's Power Rangers - 4K iTunes / Vudu - $4.5
* Saboteur - 4K MA / Vudu - $5
* Safe House (2012) - 4K MA - $6
* Salt - 4K MA - $6
* Saturday Night Fever - 4K Vudu - $6
* Saving Private Ryan - 4K Vudu - $6
* Saw X - 4K Vudu - $5.5
* Saw - 4K iTunes / Vudu - $5
* Scarface - 4K MA / Vudu - $5.5
* Scary Stories to Tell in the Dark - 4K Vudu - $5
* Schindler's List - 4K MA / Vudu - $5.75
* School Daze - 4K MA - $6
* Scoob! - 4K MA - $5.75
* The Score - 4K Vudu - $6
* The Scorpion King - 4K MA - $5.75
* Scott Pilgrim vs. The World - 4K MA - $5.75
* Scrambled (2023) - 4K Vudu - $5
* Scream (1996) - 4K Vudu - $5.25
* Scream (2022) - 4K Vudu - $6
* Scream VI (2023) - 4K Vudu - $6
* Scrooged - 4K iTunes / Vudu - $5.25
* The Secret Garden (2020) - 4K Vudu - $5.5
* The Secret Life of Pets - 4K MA - $5.25
* The Secret Life of Pets 2 - 4K MA - $5.75
* See How They Run (2022) - 4K MA - $6
* Serenity - 4K MA - $6
* Serpico - 4K Vudu - $6
* Sex, Lies and Videotape - 4K MA - $6
* Shaft (1971) - 4K MA - $6
* Shaft (2019) - 4K MA - $6
* The Shallows - 4K MA - $6.25
* Shang-Chi and the Legend of the Ten Rings - 4K MA - $6
* Shaun of the Dead - 4K iTunes (ports to MA) - $5
* Shaun of the Dead - 4K MA - $5.75
* The Shawshank Redemption - 4K MA - $6.5
* Shazam! - 4K MA - $6
* She Said - 4K MA - $6
* Sherlock Holmes (2009) - 4K MA - $6.25
* Sherlock Holmes: A Game of Shadows - 4K MA - $6.25
* The Shining - 4K MA - $6.5
* Shooting Stars - 4K MA - $5.75
* Shortcomings - 4K Vudu - $6
* Shrek 2 - 4K MA - $6
* Shrek the Third - 4K MA - $5.75
* Shrek Forever After - 4K MA - $6
* Shutter Island - 4K Vudu - $6
* Sicario - 4K iTunes / Vudu - $5
* Sick - 4K MA - $6
* Silent Night (2023) - 4K Vudu - $5.5
* The Silent Twins - 4K MA - $6.25
* Silk Road (2021) - 4K Vudu - $5.5
* A Simple Favor - 4K Vudu - $5.25
* Sing - 4K MA / iTunes / Vudu - $5.5
* Sing 2 - 4K MA - $6
* Skyscraper - 4K MA - $5
* SLC Punk - 4K Vudu - $6
* Sleepy Hollow - 4K Vudu - $5.5
* Small Things Like These - 4K Vudu - $5.5
* Smile - 4K Vudu - $5.5
* Smile 2 - 4K Vudu - $5.75
* Smokey and the Bandit - 4K MA - $5.75
* Snake Eyes (1998) - 4K Vudu - $5.75
* Snatch (2000) - 4K MA - $6.75
* Snitch (2013) - 4K Vudu - $5
* Snow White and the Huntsman - 4K MA - $5
* Snowpiercer - 4K Vudu - $5.5
* The Social Network - 4K MA - $6
* Somewhere in Queens (2022) - 4K Vudu - $6
* Sonic the Hedgehog 2 - 4K Vudu - $5.75
* Source Code - 4K Vudu - $5.25
* South Park: Bigger, Longer & Uncut - Remastered - 4K Vudu - $5.5
* Space Jam - 4K MA - $6
* The Sparks Brothers - 4K MA - $6
* Spartacus - 4K MA - $6
* Spider (2003) - 4K MA - $6
* Spider-Man: Far From Home - 4K MA - $6.5
* Spider-Man: Homecoming - 4K MA - $6.5
* Spider-Man: No Way Home - 4K MA - $6.5
* Spider-Man: Into the Spider-Verse - 4K MA - $6
* Spider-Man: Across the Spider-Verse - 4K MA - $6
* The Spiderwick Chronicles - 4K Vudu - $5.75
* Spinning Gold - 4K MA - $6
* Spiral: From the Book of Saw - 4K iTunes / Vudu - $5
* Spoiler Alert - 4K MA - $5.75
* The SpongeBob Movie: Sponge on the Run - 4K Vudu - $6
* The Spy Who Dumped Me - 4K Vudu - $4.5
* A Star Is Born Encore (2018 Extended Cut) - 4K MA - $6
* Star Wars: Episode VIII - The Last Jedi - 4K MA / Vudu - $6
* Star Wars: Episode IX - The Rise of Skywalker - 4K MA / Vudu - $6
* Rogue One: A Star Wars Story - 4K MA - $6
* Starman - 4K MA - $6
* Starship Troopers - 4K MA - $6
* Starship Troopers: Traitor Of Mars - 4K MA - $6
* Staying Alive - 4K Vudu - $6
* Steve Jobs - 4K MA - $6.25
* Stillwater - 4K MA - $5.75
* The Sting - 4K MA - $5.75
* Stir of Echoes - 4K Vudu - $5.25
* Storks - 4K MA - $6
* Strays (2023) - 4K MA - $6
* Studio 666 - 4K MA - $6
* Sucker Punch (Extended Cut) - 4K MA - $6.25
* Suicide Squad (2016) - 4K MA - $6.25
* Sully - 4K MA - $6.5
* Super 8 - 4K Vudu - $5.5
* The Super Mario Bros. Movie - 4K MA - $5.75
* Super/Man: The Christopher Reeve Story (2024) - 4K MA - $5
* Superman: The Movie (1978, Christopher Reeve) - 4K MA - $6
* Superman II - 4K MA - $6
* Superman II: The Richard Donner Cut - 4K MA - $6
* Superman III - 4K MA - $6
* Superman IV: The Quest for Peace - 4K MA - $6
* Superman/Batman: Apocalypse - 4K MA - $6
* Superman/Shazam! The Return of Black Adam - 4K MA - $5.75
* Superman: Man of Tomorrow - 4K MA - $6
* Suspect Zero - 4K Vudu - $5.75
* Suspiria (2018) - 4K Vudu - $5.75
* Sweeney Todd: The Demon Barber of Fleet Street - 4K Vudu - $5
* Tag (2018) - 4K MA - $6
* Talk to Me - 4K Vudu - $5
* Tar (2022) - 4K MA - $6
* Taxi Driver - 4K MA - $6
* Ted (Unrated) - 4K MA - $6
* Ted 2 (Unrated) - 4K MA - $6
* Teenage Mutant Ninja Turtles (2014) - 4K iTunes / Vudu - $4.5
* Teenage Mutant Ninja Turtles: Out of the Shadows - 4K iTunes / Vudu - $4.5
* Teenage Mutant Ninja Turtles: Mutant Mayhem - 4K Vudu - $5.5
* The Ten Commandments - 4K iTunes / Vudu - $5.5
* The Terminator - 4K Vudu - $6
* Terminator 2: Judgment Day - 4K Vudu - $5.5
* Terminator Genisys - 4K iTunes / HD Vudu - $4.75
* Terminator: Dark Fate - 4K iTunes / Vudu - $5
* Thank You For Your Service - 4K MA - $6
* Thanksgiving - 4K MA - $6.25
* That's My Boy - 4K MA - $6
* They Live - 4K MA - $6
* The Thing (1982) - 4K MA - $5.5
* Think Like A Man - 4K MA - $6
* Think Like A Man Too - 4K MA - $6
* Thinner (Stephen King) - 4K Vudu - $5.5
* Thoroughbreds - 4K MA - $6
* Those Who Wish Me Dead - 4K MA - $6.25
* Three Days of the Condor (1975) - 4K Vudu - $5.5
* Thunderheart (1992) - 4K MA - $6
* Ticket to Paradise - 4K MA - $6
* Titanic - 4K Vudu - $5.75
* To Die For (1995) - 4K MA - $6.25
* Tom & Jerry (2021) - 4K MA - $5.75
* Tommy Boy - 4K Vudu - $5
* Top Gun - 4K iTunes / Vudu - $5.75
* Torn Hearts - 4K Vudu - $5.5
* Total Recall (1990) - 4K Vudu - $5.75
* Total Recall (2012) - 4K MA - $6
* The Tourist - 4K MA - $6
* The Town - 4K MA - $6
* Toy Story 4 - 4K MA / Vudu - $6
* Trading Places - 4K Vudu - $5.25
* Trainwreck (Unrated) - 4K MA - $6
* Transformers: Age of Extinction - 4K iTunes / Vudu - $6
* Transformers: The Last Knight - 4K iTunes / Vudu - $6
* Transporter 3 (Jason Statham) - 4K Vudu - $5.5
* Trap (2024) - 4K MA - $6
* Trick 'r Treat (2007) - 4K MA - $5.5
* Trolls - 4K MA - $6
* Trolls World Tour - 4K MA - $5.75
* Trolls Band Together - 4K MA - $5.5
* Tron - 4K MA - $7
* Tron: Legacy - 4K MA - $7
* Tropic Thunder - 4K Vudu - $6.25
* The Trouble With Harry - 4K MA / Vudu - $5
* The Truman Show - 4K Vudu - $6
* Tully - 4K MA - $5.75
* The Turkey Bowl (2019) - 4K Vudu - $5
* The Tuxedo - 4K Vudu - $6
* Twister (1996) - 4K MA - $6
* Twisters (2024) - 4K MA - $6
* Two Yellow Lines - 4K MA - $5.75
* The Ugly Truth - 4K MA - $6
* The Unbearable Weight of Massive Talent - 4K Vudu - $5
* Uncle Drew - 4K iTunes / HD Vudu - $4.5
* Unforgiven - 4K MA - $6
* Unseen - 4K Vudu - $5.5
* The Untouchables - 4K Vudu - $5.5
* Up in the Air - 4K Vudu - $5.25
* Us (2019) - 4K MA / Vudu - $6
* V for Vendetta - 4K MA - $6.5
* Valerian and the City of a Thousand Planets - 4K Vudu - $5.5
* Van Helsing - 4K MA - $6
* Van Wilder - 4K Vudu - $5.5
* Vanilla Sky - 4K Vudu - $6
* Vengeance (2022) - 4K MA - $6
* Victoria & Abdul - 4K MA - $6
* Violent Night - 4K MA - $6
* The Virtuoso (2021) - 4K Vudu - $5.5
* The Visit (2015) - 4K MA - $6
* Volver - 4K MA - $6.25
* Wanted - 4K MA - $6
* War Dogs - 4K MA - $6
* War of the Worlds (2005) - 4K Vudu - $5.5
* Warcraft - 4K MA / iTunes / Vudu - $5
* Warm Bodies - 4K iTunes / Vudu - $5
* The Watchers (2024) - 4K MA - $6
* Watchmen (The Ultimate Cut) - 4K MA - $6.5
* Waterworld - 4K MA - $6
* The Way Back (2020) (Ben Affleck) - 4K MA - $6
* Wayne's World - 4K Vudu - $5.5
* We Were Soldiers - 4K Vudu - $5.75
* The Wedding Ringer - 4K MA - $6
* Welcome to Marwen - 4K MA - $5.5
* West Side Story (2021) - 4K MA / Vudu - $5.75
* Whiplash - 4K MA - $6
* White Boy Rick - 4K MA - $6
* The Wicker Man (Final Cut) (1975) - 4K Vudu - $5.75
* Wild - 4K MA / iTunes / Vudu - $6.25
* Wild Things - 4K MA - $6.25
* Willy Wonka & The Chocolate Factory - 4K MA - $6
* Wind River (2017) - 4K Vudu - $5.5
* The Witches (2020) - 4K MA - $6
* The Witness - 4K Vudu - $5.75
* The Wolf of Wall Street - 4K iTunes / Vudu - $5.5
* The Wolfman (2010) (Unrated Director's Cut) - 4K MA - $6
* The Woman King - 4K MA - $6
* Wonder - 4K Vudu - $5.25
* Wonder Park - 4K Vudu - $5.75
* Wonder Woman (Commemorative Edition) (2009, Animated) - 4K MA - $5.75
* Wonder Woman (2017) - 4K MA - $5.75
* World War Z - 4K iTunes - $4
* World War Z - 4K Vudu - $5
* The World's End - 4K MA - $5.75
* xXx: Return of Xander Cage - 4K iTunes / Vudu - $4
* Yesterday - 4K MA - $5.5
* You Won't be Alone - 4K MA - $5.75
* You're Next - 4K Vudu - $5.5
* Young Adult - 4K Vudu - $5.5
* Zero Dark Thirty - 4K MA - $6.25
* Zodiac - 4K Vudu - $5.5
"
1omy4sj,Libraries,"A librarian's concerns about Mason Engel and ""Books Across America""",educatewithbooks,2025-11-03T06:22:07,11,18,https://www.reddit.com/gallery/1omy4sj,"At the recent American Association of School Librarians (AASL) convention this past October 2025, I met Mason Engel, who talked about his big plans to screen his film ""Books Across America"" for a target audience consisting of middle schoolers and high schoolers. 

As an educator dedicated to the wellbeing of children, I feel it’s my responsibility to share my concerns regarding inappropriate comments Mason Engel made about how he’d like to harm another human being. 

Here is a little backstory. In 2023, two years ago now, I was a Kickstarter backer as he was raising funds to finish the editing of his film. I didn't know him, but his campaign came across my feed, and I was intrigued by the premise of the film. I understand backing a project on Kickstarter is no guarantee of the project’s completion or the promise of receiving the incentives that come with your monetary contribution. The film has not been completed yet, nor has he given any updates or acknowledgment regarding the delay of the rewards, which had an estimated delivery date of March 2024. Some rewards were curated book boxes or private screenings of the film. However, this is not my concern, just some info that might be helpful for you to know. 

My concern is a Kickstarter update in January 2025 where Mason Engel gave detailed descriptions of how he'd like to hurt another human being. Why? Because he didn’t agree with the suggestions the person gave on how to edit and complete the film.

I will include screenshots with the concerning portions highlighted. I’ll also include them in the text down below…

*""Tony scribbled diligently on his notepad: “Just focus on books.”*

*It sounds perfectly reasonable, right? The film is called “Books Across America”—of course I need to focus on books. I should have been grateful to Tony for his insight. Instead, I thought I’d like it if Tony jumped off the Santa Monica Pier wearing a pair of ankle weights. I thought I’d like him to play Frogger on the 405 and lose. I thought if Tony were on fire, I would throw his stupid little notepad onto the blaze to help him burn.*

*Tony, it should be said, is a lovely guy. But I wished harm on him, because I couldn’t get those words out of my head: “Just focus on books.”*

*Then, one day, I understood why Tony’s note bothered me so much. Books are not the focus of this film; they’re the magnifying glass.*

*My loathing of Tony suddenly made sense. I was fantasizing about him sinking to the bottom of the Pacific because he was wrong. More accurately, because \*we\*were wrong. After all, I had been “focusing on books.” Every interview is about books. The footage is filled with books. The entire film revolves around books. Tony was merely suggesting that the film would be better if I focused even \*more\* on books. But he was wrong. And so was I.*

*But in this film, books are not the focus. They’re the magnifying glass. Which raises the obvious question: what are we looking at through the magnifying glass? What \*is\* the focus?*

*The focus is a guy on a road trip. The focus is a guy who wants to \*live\* a Great American Novel. The focus is a guy who’s dissatisfied with his story and is searching for a new one. The focus, in short, is me.""*

So, to sum up what Mason Engel said in his Kickstarter update, he received feedback from someone named Tony to focus the film on books. Then he imagined detailed ways of harming the person who did not agree with him. Then, he decided to do the complete opposite of the feedback and focus the film on himself, not books. 

If the film is about Mason Engel, that makes me question the educational value of the film, and I’m also concerned that Mr. Engel is not the type of person I’d want interacting with students and young library patrons. 

From speaking with Mason Engel at his booth at AASL, it sounds like he has big plans to integrate his film in schools and libraries. I thought about mentioning l’m a Kickstarter backer for his film, and thus, received his vulgar Kickstarter update. Instead, I decided to remain quiet, talk to him more, then verify what he was saying. He listed off several big names that are supporting his film: Booklist, American Library Association, Libro.fm., Scholastic, and the National Education Association. However, I know people in high positions at a few of these organizations, and they have explicitly said to me that they are unaware of any association with Mr. Engel's film, ""Books Across America.""

For any educator who has teamed up or is considering teaming up with him, they should know about this. I see it like a job interview. Every school and library he wants to present at, he’s interviewing to be a role model for those kids. And if you take a look at the 50 authors he interviews for the film, only 5 of them are YA authors. The rest are adult authors, including some steamy romance novelists that are not suitable for the children that Mason Engel wants to target as his audience.

He’s had other Kickstarter updates since January 2025, and they do not acknowledge or apologize for his unprofessional update. The updates only continue to push back his release of the film because he’s still editing. I don't want to speculate, but I find myself questioning why he's now pitching the film to schools and libraries, when initially, he had sweeping plans of premiering the film at film festivals across the world. His recent Kickstarter update (today November 2, 2025) reinforces his desire to focus on children as his target audience, which he pitched to me during the AASL convention. His update also continues to align himself with the National Education Association's Read Across America Week, even though he has no proven connection to the National Education Association (NEA). Furthermore, per his latest update, his intention for next year (2026) is to have beta screenings of the film with ""English teachers, librarians, booksellers, and private/public schools."" He says he will ""target specific educational markets as case studies we can learn from, build on, and use to prepare for a more coordinated, national release in 2027."" But what if these case studies don't go as planned? What if someone disagrees with him or gives him feedback on how to tailor the film to children? What if the children don't have the reaction to the film that he's hoping for? Is he going to wish harm on educators and children who want to help, just like Tony?

When I realized the updates on Kickstarter are only viewable to people who’ve backed the project, I felt compelled to share his comments about his lethal methods of hurting someone who does not agree with him. This post is intended for other educators so they can make a well-rounded decision about Mason Engel’s character as a role model for young students and if he and his upcoming film are appropriate for libraries, middle schools, and high schools."
1omy21j,KoreaNewsfeed,"President Lee's foreign policy outline emerges after Trump, Xi summits at APEC",Muted-Aioli9206,2025-11-03T06:18:38,2,0,https://koreajoongangdaily.joins.com/news/2025-11-02/national/diplomacy/President-Lees-foreign-policy-outline-emerges-after-Trump-Xi-summits-at-APEC/2434770,"  
President Lee Jae Myung’s back-to-back summits with U.S. President Donald Trump and Chinese President Xi Jinping on the sidelines of the Asia-Pacific Economic Cooperation (APEC) meetings in Gyeongju have revealed the contours of his emerging foreign policy — one that anchors South Korea’s security in its alliance with Washington while seeking to revive its economy through improved cooperation with Beijing.  
   
In talks between Lee and Trump on Wednesday, Seoul and Washington broke through months of deadlock to conclude a trade and investment agreement and took a striking step toward deeper military collaboration.   
   
The United States accepted South Korea’s proposal to cap annual investment at $20 billion for the next decade, dropping earlier demands for a much larger upfront payment of $350 billion. Even more dramatically, Trump approved Lee’s request for nuclear fuel for South Korean submarines to track naval activity by North Korea and China, a gesture hailed by Seoul officials as a symbolic reaffirmation of the alliance’s strength.  
   


# Related Article

* [Lee, Xi reaffirm commitment to economic cooperation at banquet with Korea Inc.](https://koreajoongangdaily.joins.com/news/2025-11-01/national/diplomacy/Lee-Xi-reaffirm-commitment-to-economic-cooperation-at-banquet-with-Korea-Inc/2434515)
* [Trump, Xi call a truce in trade war, pause tariff hikes and rare earth restrictions](https://koreajoongangdaily.joins.com/news/2025-10-30/national/diplomacy/Trump-Xi-call-a-truce-in-trade-war-pause-tariff-hikes-and-rare-earth-restrictions/2433185)
* [Trump claims deal struck with Korea will bring over $600B in investment to U.S.](https://koreajoongangdaily.joins.com/news/2025-10-30/national/diplomacy/Trump-claims-deal-struck-with-Korea-will-bring-over-600B-in-investment-to-US-/2432479)
* [White House releases fact sheet outlining 'landmark deals' finalized during Lee-Trump summit](https://koreajoongangdaily.joins.com/news/2025-10-30/business/industry/White-House-releases-fact-sheet-outlining-landmark-deals-finalized-during-LeeTrump-summit-/2432454)

   
Though the decision could complicate Seoul’s relations with Beijing, officials said it underscored deepening trust between South Korea and the United States. Seoul officials have also said the allies are preparing a joint policy paper that will codify their expanded defense and economic cooperation.  
   
At a press conference on Saturday, Lee called the United States “crucial” to resolving tensions on the Korean Peninsula, while stressing the need for his “END initiative” vis-à-vis North Korea — Exchange, Normalization and Denuclearization. He also repeated his call for Washington under Trump to act as a “peacemaker” while Seoul seeks to be a “pacemaker.”  
   
Lee is also expected to use an upcoming meeting in Seoul between South Korean Defense Minister Ahn Gyu-baek and U.S. Defense Secretary Pete Hegseth to discuss alliance modernization and reaffirm U.S. support for the transfer of wartime operational control before his term ends.  
   
If Lee’s meeting with Trump underscored the solidity of Seoul’s alliance with Washington, the South Korean president’s subsequent summit with Xi on Saturday highlighted his intent to balance that partnership with pragmatic engagement toward Beijing.    
   


Korean President Lee Jae Myung, right, and Chinese President Xi Jinping walk through the grounds of Gyeongju National Museum on Nov. 1. \[PRESIDENTIAL OFFICE\]

   
Their first bilateral summit not only marked Xi’s first visit to South Korea in 11 years, but also signaled an effort to repair ties strained since Beijing’s retaliation over Seoul’s 2017 decision to allow the deployment of a U.S. antimissile system.  
   
Lee called for “strengthened strategic communication” between Seoul and Beijing and expressed hope that China’s recent outreach to the North could “create conditions for dialogue” between the two Koreas. Xi, for his part, described South Korea and China as “inseparable partners in cooperation” and pledged to “jointly address challenges and promote regional peace.”  
   
The two sides signed seven memorandums of understanding, including a renewal of the won–yuan currency swap and a 2026–2030 economic cooperation plan. Other agreements covered innovation, startups, service trade, and joint efforts against online fraud — which Seoul described as pragmatic, “livelihood-oriented” cooperation.  
   
Still, the modest scope of the agreements reflected Seoul’s awareness of the risks of leaning too far toward either the United states or China.  
   
Hwang Ji-hwan, a professor of international relations at the University of Seoul, said the Lee administration’s emphasis on pragmatic diplomacy “shows Seoul broadening its engagement to include China while remaining firmly anchored in the U.S. alliance.”    
   
But he cautioned that “because Washington and Beijing only papered over their immediate trade dispute” during Trump and Xi’s summit on Thursday, while deferring talks on deeper issues like security and Taiwan, “any shift in their relationship will inevitably ripple through both Korea–U.S. and Korea–China ties.”  
   


U.S. President Donald Trump, left, and Chinese President Xi Jinping pose together ahead of their summit at Gimhae International Airport in Busan on Oct. 30. \[AP/YONHAP\]

   
Analysts noted that Lee and Xi sidestepped thornier issues such as Beijing’s curbs on rare earth exports, structures unilaterally built by China in the Yellow Sea and informal restrictions on Korean cultural content.    
   
China, meanwhile, used the APEC gatherings to send a message of its own. According to Chinese state news agency Xinhua, Xi said that members should “practice true multilateralism and promote fair and reasonable international governance” — widely read as a subtle rebuke of Trump’s “America First” policies.  
   
Lee’s advisers describe his approach as “security and economy with America, and livelihood-centered cooperation with China,” a reworking of the old formula that divided defense and commerce between the two powers.    
   
The shift reflects an effort to diversify economic dependence while deepening alliance structures with Washington — a balancing act that could become increasingly precarious as U.S.–China rivalry intensifies.  
   
“The summit with China went smoothly, but if U.S.–China tensions flare up again, Korea’s position will inevitably be shaken,” said Kang Jun-young, a professor of international studies at Hankuk University of Foreign Studies. “Unless progress is made on the fundamental issues — the great-power rivalry and North Korea’s nuclear problem — Seoul will continue to face difficult tests of diplomacy.”  
   
  
  
*This article was originally written in Korean and translated by a bilingual reporter with the help of generative AI tools. It was then edited by a native English-speaking editor. All AI-assisted translations are reviewed and refined by our newsroom.*  
BY YOO JEE-HYE, SARAH KIM \[lee.junhyuk@joongang.co.kr\]

"
1omxxjw,CebuPacific,Hndi din ba nag proceed cc payment sa cebu pacific now? Or sakin lng?,Dyanaralovesya,2025-11-03T06:12:57,1,2,https://www.reddit.com/r/CebuPacific/comments/1omxxjw/hndi_din_ba_nag_proceed_cc_payment_sa_cebu/,"Hindi ako mkpag proceed eh, laging declined"
1omxsf8,AutoNewspaper,[Top Stories] - Asia-Pacific markets trade mixed ahead of PMI data from China | NBC,AutoNewspaperAdmin,2025-11-03T06:06:09,1,0,https://www.cnbc.com/2025/11/03/asia-pacific-markets-trade-mixed-ahead-of-pmi-data-from-china.html,
1omxsez,AutoNewspaper,[World] - Asia-Pacific markets trade mixed ahead of PMI data from China | NBC,AutoNewspaperAdmin,2025-11-03T06:06:09,1,0,https://www.cnbc.com/2025/11/03/asia-pacific-markets-trade-mixed-ahead-of-pmi-data-from-china.html,
1omxsev,AutoNewspaper,[Asia] - Asia-Pacific markets trade mixed ahead of PMI data from China | NBC,AutoNewspaperAdmin,2025-11-03T06:06:09,1,0,https://www.cnbc.com/2025/11/03/asia-pacific-markets-trade-mixed-ahead-of-pmi-data-from-china.html,
1omxnev,comicswap,[US/NC] [H] Hardcovers & Trades [W] Paypal,mystro28372,2025-11-03T05:59:51,4,1,https://www.reddit.com/r/comicswap/comments/1omxnev/usnc_h_hardcovers_trades_w_paypal/,"**You gotta buy $50 worth of books for me to ship! Any book under $50 add-on with another book/books please! All prices listed are shipped, will pack all books securely. Can start shipping Monday/Tuesday! If you see a book you want in the pics but no price listed message me.**

**Mix/match any books from any lot!**

**CROSSPOSTED!**

**Pics** : [https://imgur.com/a/11-2-25-Eysou6w](https://imgur.com/a/11-2-25-Eysou6w)

**All hardcovers sealed unless I note it!**

The Adventures of Red Sonja Omnibus Hardcover : New $85

Deadpool Epic Collection Lot of 3 : New $70

GI Joe Compendium DM cover : New $60

Infinite Crisis + Final Crisis Lot (Final Crisis HC - Infinite Crisis tpb) : Used in good condition $100

Vampire Hunter D omnibus 1-4 : New $55

Solo Leveling 1-5 : New $55

Best of 2000 AD 1-6 : New $65

Elvira Omnibus 1-2 : Volume 1 is softcover, Volume 2 is Hardcover still sealed $100

Miles Morales Ultimate Spider-Man Ultimate Collection 1-3 tpb lot : Used in good condition $55

Halo Omnibus 1-2 + Legacy Collection tpb lot : New $80

Simpsons Treehouse of Horror Omnibus 1-2 Sealed $OLD

Pacific Rim Ultimate Omnibus Kickstarter Ediiton Sealed $90

**Street Fighter Books : (You can add these books in with special pricing listed below in category they fit if you want to match with other books for the deals listed)**

Street Fighter World Warrior Encyclopedia $30

Street Fighter vs Darkstalkers HC $45

Street Fighter Classic Hadoken Vol 1 $45

Street Fighter Legends Sakura HC $25

Street Fighter x GI Joe tpb $40

TMNT vs Street Fighter tpb $20

Street Fighter Wages of Sin HC $25

**$5 books: Add-On either for free with purchase of any book/lot!**

Chariot tpb

Die tpb

**$10 books: Buy 6 $10 books for $50**

Tmnt x Stranger Things

Dead by Daylight

God Country

Head Lopper

Kill the Minotaur

Kaptara

Nowhere Men

Mayday

Sugar

Predator vs Wolverine tpb

Zatanna Jewel of gravesend tpb

Karma tpb

Batman Arkham City

Dark Souls Willow King DM cover tpb

Ghostbusters Who ya Gonna Call tpb

Ghostbusters The New Ghostbusters tpb

Batman Adventures Mad Love HC

Superman the Men of Tomorrow tpb

Superman Adventures tpb

Thundercats Omens

Danger Girl Revolver tpb

Dying Light tpb

Barbarella Woman Untamed tpb

Sheena Queen of the Jungle Vol 1 tpb

Gargoyles Here in Manhattan tpb

Ghost Fleet tpb

3keys tpb

Hawken Genesis HC

Killer Instinct tpb

Quake Champtions tpb

Ten Thousand Black Feathers HC

Unknown Soldier Vol 3 tpb

Barbaric HC

Mafiosa tpb

Danger Doll Squad tpb

Fear Case tpb

Justice Neil Gaman tpb

Black's Myth tpb

Engineward tpb

Pumpkinhead Sins Revisited

Alice in Borderland 8

**$15 books: Buy 4 $15 books for $50**

Superman vs Lobo

Batman Spawn Dlx

Batman Catwoman Gotham War

Batman Killing Time

Justice League vs Godzilla vs Kong HC

Spider-Man Deadpool Don't call it a Team-up

These Savage Shores

Superman Up in the Sky

Injustice Year Zero

Superman Kryptonite Nevermore

Looney Tunes greatest hits Vol 1 tpb

Excellence 1-2 tpb lot

Superman Emperor Joker tpb

Batman Scooby-Doo Mysteries 1-2 tpb lot

Hardware Season One

Blood Syndicate Season One

Static Season One

Rogues HC

Danger Girl Body Shots tpb

Danger Girl Back in Black tpb

Men of Wrath HC

Officer Downe HC

Gun Honey Vol 3 Collision Course tpb

Grendel War Child tpb

Wolverine Weapon X tpb

Operation Dragon HC

Fistful of Blood tpb

Nocterra 1-2 tpb

Girl Scouts tpb

Too Dead to Die tpb

Smart Girl HC

Peepland tpb

Sheena Queen of the Jungle Bennett tpb

Sheena Queen of the Jungle De Souza tpb

Van Helsing Eve of Oblivion tpb

Leonard Cohen On A Wire HC

God of War Fallen God tpb

Sentient

Red Team tpb

Cowboy Ninja Viking tpb

TMNT Armageddon Game HC

Dungeons and Dragons Vol 2 Library collection tpb

Negaduck HC

Pride of Baghdad HC

After Death HC

Love Kills HC

**$20 books: Buy 3 $20 books/sets for $50**

Hulk Fall of the Hulks tpb

Predator 1-2 tpb

Thors & Unworthy Thor

Karma HC

Batman One Bad day lot of 4

Vision & Scarlet Witch Complete Collection

Sheriff of Babylon tpb

Victories Omnibus

Black Widow tpb

Talon tpb

Batman Tmnt Adventures tpb

Loki Agent of Asgard Complete collection

Danger Girl Renegade tpb

Danger Girl Destination Danger tpb

X-O Manowar Unconquered HC

The Realm 1-2 tpb

Miss Fury Joy Division tpb

Moon Knight Legacy Complete collection tpb

Amerikarate 1-2 tpb

Patriotika tpb

Dark Souls complete collection

Venom Dark Origin tpb

Ultra Mega tpb

Heathen Complete Series tpb

Noah HC

Spawn Cover Gallery 1-2 HC

Hulk Grand Design

Alien Black White and Blood

**$25 books: Buy 3 $25 books/sets for $65**

Danger Girl The Chase tpb

Incredible Hulk Epic Collection Curing of Dr Banner

Daredevil Epic Collection Underboss

New Avengers Epic Collection Assembled

The Scumbag 1-3 tpb lot

Naja

Legends of the Pierced Veil

Ghostbusters Answer the Call tpb

Batgirl Stephanie Brown Vol 1 tpb

Black Adam Box Set

Street Fighter vs Darkstalkers 1-2 tpb lot

Superman Last Stand of New Krypton 1-2 HC

Superman/Wonder Woman 1-2 tpb lot

Superman vs Shazam tpb

Murder Falcon HC

**$30 books** : **Buy 3 $30 books/sets for $80**

Ghost Rider Epic Collection Vengeance Reborn

Bloodshot Deluxe

Fall of X Rise of X tpb

Nightwing Compendium

Martian Manhunter 1-2 tpb

Fatale Compendium

Wonder Woman Dead Earth Year One Lot of 2

Spider-Man Epic Collection Ghosts of the Past

Fire Power

Gideon Falls

Danger Girl Trinity tpb

Thundercats Cheetara & Roar tpb lot

E.X.O. 1-2 tpb lot

Cyber Force HC

Hard Boiled tpb

Den HC

Tales of TMNT Omnibus

Nailbiter Compendium

Venom War of the Realms tpb

TMNT Adventures Vol 5 tpb

TMNT Adventures Vol 6 tpb

Wolverine Black White and Blood

Carnage Black White and Blood

Milo Manara's Pandora's Eyes HC

Art of TMNT Mutant Mayhem

Manifest Destiny HC Sealed $OLD

Swords of Sorrow tpb

Swing 1-4 tpb

Girls 1-4 tpb

30 Days of Night HC Sealed

13 Coins HC

TMNT Last Ronin Director's Cut

TMNT New Animated Adventures 1-2

**$35 books: Buy 2 $35 books/sets for $60**

Transformers Spotlight Omnibus 1-2

Dungeons & Dragons Library Collection 1-2 lot

Batman Arkham Knight 1-3 tpb lot

Harmony HC

Righteous Thirst for Vengeance dcbs cover

Bloodborne box set

Die Book 1

Skydoll

TMNT Idw Collection 16

TMNT The Last Ronin & Lost Years Covers HC

Justice 1-2 HC Neil Gaiman

Mass Effect Complete Comics

Darkstalkers Omnibus Rise of the Night Warriors

Alice in Borderland 1-3, 8 Manga

Daredevil Guardian Devil gallery edition Sealed

**$40 books: Buy 2 $40 books/sets for $70**

Borderline 1-4 tpb

WWE 1-4 tpb lot

The Darkness Anniversary Collection tpb

Donald Duck Timeless Tales HC

Darkstalkers Tribute

The Metabaron Book 2-3 HC

TMNT Amazing Adventures 1-4 tpb lot

Sunglasses After Dark HC

Aprhodite V, IX tpb lot of 4

Zaya HC

The Wall Deluxe Kickstarter

Curtain Call Deluxe Kickstarter

Injustice vs Master of the Universe tpb

Godzilla Library Collection 1-2

Injustice 1-2 Deluxe Edition

Carnage Lot of 3 trades (Scream, Extreme Carnage, Carnage Reigns)

The Wild Storm 1-4 tpb lot"
1omxmgd,mushroomID,ID help on three different mushrooms?,blcat2011,2025-11-03T05:58:37,2,5,https://www.reddit.com/gallery/1omxmgd,"Found in Pacific Northwest, Western Washington "
1omxjp7,TrainPorn,I went to Pacific central station,321_345,2025-11-03T05:55:06,71,6,https://www.reddit.com/gallery/1omxjp7,
1omxjo9,CrusaderKings,Anyone know how does this work?,SpiceyMizu,2025-11-03T05:55:04,2,2,https://i.redd.it/8lzn93mvqxyf1.png,I finally went and formed a shogunate with some buds. For some reason its says the realm needs to be at peace when I want to enforce the pacification law. Even though there isn't any war. How to fix.
1omxi57,NBCauto,[Asia] - Asia-Pacific markets trade mixed ahead of PMI data from China,AutoNewsAdmin,2025-11-03T05:53:07,1,0,https://www.cnbc.com/2025/11/03/asia-pacific-markets-trade-mixed-ahead-of-pmi-data-from-china.html,
1omxgtn,fragranceswap,"[WTS] Decant bundle LV, ATH, PDM, Nishane, Initio, Creed, Xerjoff, YSL, Mind Games, Goldfield & Banks, MFK, Roja, Ex Nihilo, BDK, Guerlain, Chanel, Argos, City Rhythm, Kilian, Frederic Malle, Room 1015, Sospiro, Bond 9., Clive Christian, Loumari, Amouage, BVLGARI, Le Labo, and designers (decant)",youme211,2025-11-03T05:51:21,2,8,https://www.reddit.com/r/fragranceswap/comments/1omxgtn/wts_decant_bundle_lv_ath_pdm_nishane_initio_creed/,"Hi,

For Sell-

I have a few bottles I am decanting out of. ***ALL DECANTS ARE 5mL bottles. I do have few 3mL bottles if anyone is interested just PM me. Must buy a minium of two decants*** ***and shipping is a flat $6 CONUS (free if total is over $80). New arrivals: Neroli Outrenoir, Crushed Balls, Bal D Afrique Absolu, Another 13, The Forward, Kingside, Queening, Another 13, & Night VIsion EDP!***

All decants come in a 5ml glass decant bottle and shipped in a padded envelope. [***5mL glass***](https://imgur.com/a/none-pressurized-PTP7MhK). Please comment before DM. . [***Bottles***](https://imgur.com/a/decant-cologne-bottles-RxePKEX)

***Amouage***

Lustre- $18

~~Outlands- $27 (1 left)~~

Reflection Man- $15

***ATH***

Hard Candy Elixir- $32

Kayos- $24

Slut- $27

Ozone- $24 (1 left)

***Argos***

Trident- $19.50

Triumph of Bachhus EDP- $15 (red juice)

***BDK***

Gris Charnel EDP- $12.50

***Bond No. 9***

Chez- $13.50

Bleecker St.- $16

Lafayette Street- $16.50

***Bvlgari***

Tygar- $18.50

***Byredo***

Bal D' Afrique Absolu- $23.50

~~Mojave Ghost Absolu- $23.50~~

***City Rhythm***

Martha's Vineyard- $13.50

Redline 2654- $13.50

***Clive Christian***

Blonde Amber- $32.50

Rock Rose- $24 (1 left)

***Creed***

Millesime Imperial- $14

Virgin Island Water- $15.50

Aventus Cologne- $15

Silver Mountain Water- $14

Absolu Aventus - $24 (75mL bottle)

Aventus- $15.50

OG Santal- $14.50

***D.S. & Durga***

Crushed Balls- $26 (5 left)

***Ex Nihilo***

The Hedonist Extrait- $24

Blue Talisman- $17.50

***Frederic Malle***

Musc Ravageur- $16

***Gisada***

Ambassador- $8.50

***Goldfield and Banks***

Bohemian Lime- $10.50

Pacific Rock Moss- $10.50

Ingenious Ginger- $11

***Guerlain***

Neroli Outrenoir- $19

Guerlain L'Homme Ideal EDP- $7

Guerlain L'Homme Ideal Extreme- $7.50

Herbes Troublantes- $19

Spiritueuse Double Vanille- $18

Tobacco Honey- $18

***Initio***

Oud For Greatness- $14

Rehab- $14

Paragon- $14

Narcotic Delight- $14

Side Effect- $14

***Kilian***

Angel's Share- $18.50

***Le Labo***

Another 13- $17.50

***Loumari***

Porthole (new bottle)- $22

***LV***

California Dream- $16

Sun Song- $28 (pre-reform)

On the Beach- $16

Elves- $16

City of Stars- $16

Symphony- $28

Imagination- $16.50

Meteore- $16

Pacific Chill- $16

L'Immensite- $16

Afternoon Swim- $16

Attrape Reves- $17

***Mind Games***

Queening- $15.50

Kingside- $21

Blockade- $16

Mentor- $19

French Defense- $16.50

The Forward- $17

***Mith***

Mystery for Him- $11.50

***MFK***

Baccarat 540 Extrait- $20.50

Amyris Homme Extrait- $22.50

Grand Soir- $15.50

Gentle Fluidity Gold (purple juice)- $14

Gentle Fluidity Silver- $15.50

Oud Satin Mood EDP- $18.50

A La Homme Rose- $17.50

***Narcotica***

Limonata- $17.50

***Nishane***

Ani X- $14.50

Hacivat- $12.50

Wulong Cha- $13.50

***PDM***

Althair- $12.50

Herod- $12.50

Oajan- $12.50

Haltane- $12.50

Sedley- $12.50

Percival- $12.50

Greenly- $12.50

***Roja Dove***

Oceania- $15.50

Burlington 1819- $15.50

Elysium PC- $11.50

***Room 1015***

Wavechild- $13.50

***Stephanie Humbert Lucas***

God of Fire- $23

***Sospiro***

Vibrato- $15.50

Contralto- $13.50

***Tom Ford***

Lost Cherry- $17.50

Tobacco Vanille- $16

***Xerjoff***

Erba Pura- $11.50

More than Words- $12.50

Reniassance- $12.50

Torino 24- $20.50

Naxos- $13.50

La Capitale- $20

40 Knots- $13

~~Richwood- $20 (1left)~~

***YSL***

~~YSL 6- $20 (1 left)~~

Babycat Raw Bourbon- $15

YSL Tuxedo- $14

YSL Myself EDP- $9.50

YSL Y Intense- $8.50

YSL Y EDP- $7.50

***Designer***

Luminous Night- $13.50

Victory Elixir- $7

D&G Pour Homme (Italy)- $3.50

Michael Maul- Citizens Jack Absolu- $7

Office for Men- $6

Mango Ice- $5.50

Le Beau Paradise Garden- $6

Chanel Bleu de Chanel EDP- $9.50

Chanel Bleu de Chanel Parfum- $10.50

Chanel Platimun Egoiste- $8.50

MontBlanc Explorer- $6.50

Montagne Harmony- $7.50

Montagne Image- $6.50

Montagne Chilly Pacific- $8

CD Sauvage Elixir- $13

Viktor & Rolf Spicebomb Nightvision EDP- $7.50

Viktor & Rolf Spicebomb Nightvision EDT- $6

~~Ralph's Club Elixir- $7~~

Polo Red Parfum- $8"
1omxg5t,NBCauto,[World] - Asia-Pacific markets trade mixed ahead of PMI data from China,AutoNewsAdmin,2025-11-03T05:50:29,1,0,https://www.cnbc.com/2025/11/03/asia-pacific-markets-trade-mixed-ahead-of-pmi-data-from-china.html,
1omxes5,NBCauto,[Top Stories] - Asia-Pacific markets trade mixed ahead of PMI data from China,AutoNewsAdmin,2025-11-03T05:48:47,1,0,https://www.cnbc.com/2025/11/03/asia-pacific-markets-trade-mixed-ahead-of-pmi-data-from-china.html,
1omxco2,Rivian,Pacific standard time,sjsharks323,2025-11-03T05:46:02,4,5,https://www.reddit.com/r/Rivian/comments/1omxco2/pacific_standard_time/,"In CA, and usually schedule to charge anytime between 08:00-16:00 daily.  But today I noticed that after 15:00, the charging stopped and was like ""will begin tomorrow at 08:00"".  I'm guessing this is because of the standard time change and there's a possible bug in the software?  It's weird though, because the clock was updated.  It said 15:00, my schedule said 16:00 stop time, and the car wasn't charging.  Anyone else have this happen today if you're in a state that switches between standard and daylight time?"
1omx6gc,IBDP_students,"History HL, notes on German & Italian expansion and WW2 in the pacific???",New-Difficulty-5750,2025-11-03T05:38:17,1,0,https://www.reddit.com/r/IBDP_students/comments/1omx6gc/history_hl_notes_on_german_italian_expansion_and/,"I have my history paper 1 and 2 tomorrow and I’m missing notes from German & Italian expansion and ww2 in the pacific, can someone help me?"
1omx35u,webtoons,dont know if this is the right place but...,Longjumping_Roll8175,2025-11-03T05:34:04,1,0,https://www.reddit.com/r/webtoons/comments/1omx35u/dont_know_if_this_is_the_right_place_but/,"https://preview.redd.it/1p9fye55mxyf1.png?width=2839&format=png&auto=webp&s=099770897a9d278de8ef0949bbc06f697f1fa36b

https://preview.redd.it/7qgudf55mxyf1.png?width=3435&format=png&auto=webp&s=c7186186acb7b16762890b018638e6952b9ff851

https://preview.redd.it/rpzc3g55mxyf1.png?width=3187&format=png&auto=webp&s=8b9a442b124a2441a19879587ba0e87b2d3fa9f5

https://preview.redd.it/9ko69365mxyf1.png?width=3205&format=png&auto=webp&s=0e99377b4629b7f3bfcb506b2ddf7a2dc9f06292

https://preview.redd.it/ud8wif55mxyf1.jpg?width=3165&format=pjpg&auto=webp&s=7c52d5ecfe51aa58a189581c2d413ba7970f4d98

https://preview.redd.it/r2vgck65mxyf1.jpg?width=3144&format=pjpg&auto=webp&s=45703e5efd3c61b6109a2348c05f8edd7988ddc2

this is a story named ""TENSIONS: WAR ON TERROR"" which probably has the most hard-to-tell plot that i've written.

the plot itself is already really hard to describe, but it is a romance-war-psychological story. i'll try my best to describe it anyway from this rushed desc:

""Introducing a 14-year old named Thomas Vintorez (wintorez, due to a lot of things), a parentless self-care orphan who doesn't remember much of his childhood, or even his parents to begin with - being obsessed as to who his father was. He lives in a wealthy country with many of these people, named the Kaplan-Franco Pacific, named after the family that rules it. Thomas also is friends with Joey Westminstre, whose parents live in another country, while his older sister attends college. Because of an event, both friends move to another city, where they enter a prestigious school named the Polotno Academy of the Arts and Sciences. After a few days, Thomas comes across a girl named Tal Miyamoto, Tal is a disowned girl whose parents saw her as mere garbage and ""exiled"" her to the country. Thomas and Tal already become slight friends after seeing each other. But thanks to some tutoring between them on a subject Tal struggles with, both of them start seeing each other as more than just friends. However, because Thomas' mental health takes a wrong turn due to his concern about an ongoing war between his country and another, and his father's unknown history, he decides to take the initiative and join the military. Unbeknownst to his girlfriend, he leaves the country and breaks her heart, leaving a message to assure her that he still loves her. Now, Thomas, along with his friend Joey, and several others, he'll have to fight in a war until its very end, and alongside, find out who his father was."""
1omwybm,remotivejobs,"[Hiring] [Remote] - 20 Full Remote jobs at tech companies - Nov 02, 2025",rdutel,2025-11-03T05:28:19,1,0,https://www.reddit.com/r/remotivejobs/comments/1omwybm/hiring_remote_20_full_remote_jobs_at_tech/,"Job Title | Company | Salary | Full Remote in... | 
:- | :- | :- | :- | 
[React Native Developer](https://remotive.com/remote-jobs/software-dev/react-native-developer-2071533) | Xgrid.co | - | Pakistan | 
[System Design Architect](https://remotive.com/remote-jobs/software-dev/system-design-architect-2071534) | Xgrid.co | - | Pakistan | 
[Technical Support Specialist](https://remotive.com/remote-jobs/customer-support/technical-support-specialist-2071548) | Whisker Labs | - | USA | 
[Account Manager](https://remotive.com/remote-jobs/sales-business/account-manager-2071625) | Talent Sam | - | South Africa | 
[Regional Account Executive](https://remotive.com/remote-jobs/sales-business/regional-account-executive-2071626) | Tablet Command | - | USA | 
[Product Manager](https://remotive.com/remote-jobs/product/product-manager-2071580) | Silvur | - | USA | 
[Data Administrator](https://remotive.com/remote-jobs/data/data-administrator-2071618) | Pacific Health Group | - | USA | 
[IT Department Head](https://remotive.com/remote-jobs/project-management/it-department-head-2071787) | Stadt Offenburg | - | Germany | 
[SAP Principal / Senior Consultant](https://remotive.com/remote-jobs/software-dev/sap-principal-senior-consultant-2071786) | Syntax Systems GmbH & Co. KG | - | Germany | 
[SCCM Expert SOTI & PowerShell](https://remotive.com/remote-jobs/all-others/sccm-expert-soti-powershell-2071785) | Cadmes | - | Germany | 
[Visure Requirements Management and ALM Consultant](https://remotive.com/remote-jobs/all-others/visure-requirements-management-and-alm-consultant-2071784) | Visure Solutions | - | Germany | 
[Cisco Specialist](https://remotive.com/remote-jobs/all-others/cisco-specialist-2071783) | DIS | - | Germany | 
[Trainee SAP Consulting](https://remotive.com/remote-jobs/all-others/trainee-sap-consulting-2071782) | Infomotion GmbH | - | Germany | 
[SAP Developer - Programming / Software Architecture / Innovation](https://remotive.com/remote-jobs/software-dev/sap-developer-programming-software-architecture-innovation-2071781) | Workwise GmbH | - | Germany | 
[Project Manager PMO UX/UI Design FinTech](https://remotive.com/remote-jobs/project-management/project-manager-pmo-ux-ui-design-fintech-2071780) | FINMAS GmbH | - | Germany | 
[SAP Developer - Full-Stack / SAPUI5 / ABAP](https://remotive.com/remote-jobs/software-dev/sap-developer-full-stack-sapui5-abap-2071779) | UTILIGENCE GmbH | - | Germany | 
[Career Start as Trainee in IT Consulting](https://remotive.com/remote-jobs/software-dev/career-start-as-trainee-in-it-consulting-2071778) | best practice consulting AG | - | Germany | 
[Mathematician / Physicist / Chemist as IT Consultant](https://remotive.com/remote-jobs/software-dev/mathematician-physicist-chemist-as-it-consultant-2071777) | best practice consulting AG | - | Germany | 
[SAP Retail Practice Lead & Chief Architect](https://remotive.com/remote-jobs/software-dev/sap-retail-practice-lead-chief-architect-2071776) | Syntax Systems GmbH & Co. KG | - | Germany | 
[SAP IS-U Developer](https://remotive.com/remote-jobs/software-dev/sap-is-u-developer-2071775) | Vesterling AG | - | Germany |"
1omwu5v,PhysicalMediaMatters,Dante's Peak (1997) is coming December 16th on 4K UHD from Kino Lorber,PhysicalMediaNews,2025-11-03T05:23:00,3,0,https://i.redd.it/fr8662fxlxyf1.jpeg,"DISC 1 (4KUHD):  
Brand New HDR/Dolby Vision Master – From a 4K Scan of the 35mm Original Camera Negative (Approved by Director Roger Donaldson)  
Audio Commentary by Director Roger Donaldson and Production Designer Dennis Washington  
Isolated Score (John Frizzell) and Effects  
**Dolby Atmos** / 5.1 Surround and Lossless 2.0 Audio DTS  
Theatrical Trailer (Newly Mastered in 2K)  
Triple-Layered UHD100 Disc  
Optional English Subtitles  
  
DISC 2 (BLU-RAY):  
Brand New HD Master – From a 4K Scan of the 35mm Original Camera Negative  
Audio Commentary by Director Roger Donaldson and Production Designer Dennis Washington  
Getting Close to the Show: The Making of Dante’s Peak (62:16)  
Theatrical Trailer  
5.1 Surround and Lossless 2.0 Audio  
Dual-Layered BD50 Disc  
Optional English Subtitles  
  
Color 108 Minutes 2.35:1 Rated PG-13

Without warning, day becomes night; air turns to fire, and solid ground melts beneath white-hot lava. From director Roger Donaldson (No Way Out, Species) comes an adrenaline-pumping adventure starring Pierce Brosnan (GoldenEye, The Thomas Crown Affair) and Linda Hamilton (The Terminator, T2: Judgment Day). Welcome to the charming Pacific Northwest town of Dante’s Peak…where a long-dormant volcano is about to erupt with devastating force! The race is on for volcanologist Harry Dalton (Brosnan) and Mayor Rachel Wando (Hamilton) to evacuate the townspeople before it’s too late. Who will survive when the inferno unleashes its fury? The answer will leave you breathless, and the special effects will blow you away! Written by Leslie Bohem (Daylight) and beautifully shot in Cinemascope by Andrzej Bartkowiak (Speed)."
1omwt3t,natureisbeautiful,Pacific Northwest ⛰️🪨,Angel_Of_Worship,2025-11-03T05:21:39,8,0,https://i.redd.it/hllib0arlxyf1.jpeg,
1omwsg6,4kbluray,Dante's Peak (1997) is coming December 16th on 4K UHD from Kino Lorber,PhysicalMediaNews,2025-11-03T05:20:47,113,34,https://i.redd.it/texaljealxyf1.jpeg,"[https://x.com/KLStudioClassic/status/1984304290710896986](https://x.com/KLStudioClassic/status/1984304290710896986)

# DISC 1 (4KUHD):

Brand New HDR/Dolby Vision Master – From a 4K Scan of the 35mm Original Camera Negative (Approved by Director Roger Donaldson) Audio Commentary by Director Roger Donaldson and Production Designer Dennis Washington Isolated Score (John Frizzell) and Effects Dolby Atmos / 5.1 Surround and Lossless 2.0 Audio DTS Theatrical Trailer (Newly Mastered in 2K) Triple-Layered UHD100 Disc Optional English Subtitles

# DISC 2 (BLU-RAY):

Brand New HD Master – From a 4K Scan of the 35mm Original Camera Negative  
Audio Commentary by Director Roger Donaldson and Production Designer Dennis Washington  
Getting Close to the Show: The Making of Dante’s Peak (62:16)  
Theatrical Trailer  
5.1 Surround and Lossless 2.0 Audio  
Dual-Layered BD50 Disc  
Optional English Subtitles

Color 108 Minutes 2.35:1 Rated PG-13

Without warning, day becomes night; air turns to fire, and solid ground melts beneath white-hot lava. From director Roger Donaldson (No Way Out, Species) comes an adrenaline-pumping adventure starring Pierce Brosnan (GoldenEye, The Thomas Crown Affair) and Linda Hamilton (The Terminator, T2: Judgment Day). Welcome to the charming Pacific Northwest town of Dante’s Peak…where a long-dormant volcano is about to erupt with devastating force! The race is on for volcanologist Harry Dalton (Brosnan) and Mayor Rachel Wando (Hamilton) to evacuate the townspeople before it’s too late. Who will survive when the inferno unleashes its fury? The answer will leave you breathless, and the special effects will blow you away! Written by Leslie Bohem (Daylight) and beautifully shot in Cinemascope by Andrzej Bartkowiak (Speed)."
1omwpw9,PhysicalMediaNews,Dante's Peak (1997) is coming December 16th on 4K UHD from Kino Lorber,PhysicalMediaNews,2025-11-03T05:17:43,1,0,https://i.redd.it/5c1oam31lxyf1.jpeg,"DISC 1 (4KUHD):  
Brand New HDR/Dolby Vision Master – From a 4K Scan of the 35mm Original Camera Negative (Approved by Director Roger Donaldson)  
Audio Commentary by Director Roger Donaldson and Production Designer Dennis Washington  
Isolated Score (John Frizzell) and Effects  
**Dolby Atmos** / 5.1 Surround and Lossless 2.0 Audio DTS  
Theatrical Trailer (Newly Mastered in 2K)  
Triple-Layered UHD100 Disc  
Optional English Subtitles  
  
DISC 2 (BLU-RAY):  
Brand New HD Master – From a 4K Scan of the 35mm Original Camera Negative  
Audio Commentary by Director Roger Donaldson and Production Designer Dennis Washington  
Getting Close to the Show: The Making of Dante’s Peak (62:16)  
Theatrical Trailer  
5.1 Surround and Lossless 2.0 Audio  
Dual-Layered BD50 Disc  
Optional English Subtitles  
  
Color 108 Minutes 2.35:1 Rated PG-13  
Without warning, day becomes night; air turns to fire, and solid ground melts beneath white-hot lava. From director Roger Donaldson (No Way Out, Species) comes an adrenaline-pumping adventure starring Pierce Brosnan (GoldenEye, The Thomas Crown Affair) and Linda Hamilton (The Terminator, T2: Judgment Day). Welcome to the charming Pacific Northwest town of Dante’s Peak…where a long-dormant volcano is about to erupt with devastating force! The race is on for volcanologist Harry Dalton (Brosnan) and Mayor Rachel Wando (Hamilton) to evacuate the townspeople before it’s too late. Who will survive when the inferno unleashes its fury? The answer will leave you breathless, and the special effects will blow you away! Written by Leslie Bohem (Daylight) and beautifully shot in Cinemascope by Andrzej Bartkowiak (Speed)."
1omwkuw,CannedSardines,Picked up a few tins from a local shop,crsext01,2025-11-03T05:11:31,23,5,https://i.redd.it/25v0exonjxyf1.jpeg,Breeze wine and coffee in Louisville KY. nice selection of tins I don't normally see around. hyped about the garfish. cheers! 
1omwern,homestuck,reading homestuck for the first time; someone tell me if i understand what's happening,Easy_Cod_8950,2025-11-03T05:04:00,9,7,https://www.reddit.com/r/homestuck/comments/1omwern/reading_homestuck_for_the_first_time_someone_tell/,"okay. so. I'm watching Let's Read Homestuck. because i've heard the official website sucks ass and i'm not nearly technically savvy enough to get the github unofficial collection to work.

...hm. okay. it seems there's a bot giving me advice on how to get the unofficial collection to work. i'll see that later. whatever.

and it's all very confusing, and so i'm just going to put my understanding of what's going on here, and hopefully one of you will confirm that i'm at the intended level of confused or if i missed something. for context, I just finished Act 4, Part 5 on the Let's Read Homestuck video series---apparently that ends on page 3507. i think it's \~1/2 through act 4. No spoilers, obviously. But if i've missed something that's already happened, please tell me.

  
Okay. So, from what I can tell, Homestuck (thus far) follows 3 (4? 5?) groups of people. There's the four kids, the twelve trolls, the four exiles, and maybe the act 3 intermission people? and maybe the kids' parents/guardians?

The kids are John Egbert, Dave Strider, Rose Lalonde, and Jade (uhh i forgot her last name). They're all playing Sburb together, which is a weird reality-bending game with a really convoluted crafting system. 

John (ectoBiologist) is the Heir of Breath, or something, and right now he's in the Land of Wind and Shade, which is the land with the penumbra phantasm motif. (yes ik it's the doctor motif don't @ me i'm a deltarune fan.) His strife specibus is hammer. Rose is on the server side of his game, and presumably when he retrieves his package he'll be on the server side of Jade's game. John's sprite or whatever is his grandma. Wandering Vagabond is his corresponding exile in his future-apple-thing. John's dad is actually a pretty good dad, but John didn't like him because of the whole jester thing. but it turned out that he only did jester stuff because he thought John liked it, because john for some reason scribbled jester stuff on his posters? which he subconsciously blocked out until he saw his dad's room?

Rose (tentacleTherapist) is the Seer of Light. She's in the Land of Light and Rain, which is really fucking pretty. Her strife specibus is needle. She's on the server side of John's game, and Dave is on the server side of her game. Her sprite is her cat, and her corresponding exile is the postlady in the bottle thing. Postal Minister, or something. The initials are PM, that's for sure. Her mom is an alcoholic(?) and puts up wizard paraphernalia to mess with Rose. Or at least, that's what Rose thinks. I'm not quite sure.

Dave (i don't remember his pesterchum handle) is the Knight of Time. He's still in his apartment. He's on the server side of Rose's game, and Jade is on the server side of his. He's actually the funniest character so far. His sprite is some random-ass crow, and his corresponding exile is the new one. the one that got introduced last. windswept questant. in an egg. because his entry item or whatever is an egg. His brother ironically likes puppet shit.

Jade (gardenGnostic) is the Witch of Space. She can see the future, because, of, like,,,her weird dream world place? she sees the future in the clouds? She has a robot that her dream self controls when she's sleeping. She's still in her house, and it's on some random-ass island in the pacific 'cause her grandpa was like a bajillionare. She's on the server side of Dave's game, and presumably John will be on the server side of her game. Her grandpa's dead, and she has a pet dog thing. also she's not a furry but she likes the idea of furries?? idk.



ok. and then there's the trolls.

there's 12 of them, each seemingly corresponding to a star sign. which is weird, because they're aliens, or something, and the zodiac is pretty firmly earth-centric, but whatever. maybe that's intentional. they all seem to be just sitting in a room together and fucking with/helping the four kids through weird time shenanigans.

i think we've only met 4?

\-there's CG, the ONE THAT TALKS LIKE THIS, and he's Cancer. i think his name's karkat, or smth? i've absorbed that through cultural osmosis. he decided to talk to them backwards through time, starting at the end of their journey, for some reason.

\-there's GC, th3 on3 th4t t4lks l1ke th1s, and she's kind of a dick, but she wants to fuck with the timeline for shits and giggles and the best way to do that is to help john, so she's giving john shortcuts.

\-there's The One Who Talks Like Queen Deltarune (or rather, queen talks like her, ig, because homestuck came first and toby fox worked on homestuck), and she's seemingly the most helpful. She's the only one so far that's talking to them semi-linearly. She's trying to befriend rose, which is nice. she's my favorite so far.

\-there's tHE oNE wHO tALKS lIKe tHIS (or smth similar) and he's taurus? i think? and he's still trying to troll but he's kinda ass at it.



then there's the exiles. they're guiding the four kids.

\-WV, who thinks himself a mayor. he's got a bit of a crush on PM. 

\-PM, who is a postlady. she's been giving john instructions through the land of wind and shade. we're also seeing her in the past (her past, the kids' present) trying to get the white kind and queen's crowns in order to get jade's present to john

\-AR, who's like a judge? and also has a rocket launcher? and is covered in caution tape. i think he's the one who confiscated jade's package, but i'm not sure.

\-WQ, who just showed up. i know jack and shit about them. i think they're the one who was guiding rose at the start of the land of light and rain? because PM corresponded to Rose, and she guided John, and Rose is John's server-haver, so if WQ showed up in dave's egg thing, and Dave is Rose's server person, that makes sense?

  
and then there's the midnight crew? or whatever? the act 3 intermission people? i know p much nothing about them because i didn't follow the act 3 intermission that well but i think one of them was the one who gave PM the quest to kill the white king and queen. and one of them has a hand full of penis a hat full of bomb and a head full of empty. they're different card suites. they have beef with the pool table people? and they killed them all? except snowball, the 8 ball, because if you kill her the universe explodes? oh yeah and we saw the spade one gain access to a display of the trolls, the same kind that's in the exiles' shelters. idk what to make of that, though.

  
and also the parents/guardians of the four, maybe? we saw john's dad break out of jail a while ago. haven't seen him since. rose's mom seems to have taken off in a boat upon arrival at the LoLaR. dave's bro is probably in his apartment building, somewhere. and jade's grandpa is dead.

  
uhhhhhh yeah i think that's it tell me if i missed something"
1omwave,jurassicworldevo,Kronosaurus lagoon in my Canada park (plus a little story),Dinoman1237,2025-11-03T04:59:09,21,5,https://www.reddit.com/gallery/1omwave,"Collette Bouchard looked out into the rich blueness of the water, the large, dark silhouettes of the two Kronosaurs looming as they moved through the lagoon. The Kronosaurs were barely visible, both them and the shadows they made on the lagoon floor were but faint shadows in the blue hues surrounding them. Usually they were close enough to be viewable, but the lagoon was quite large, and they liked to explore. Collette was in one of the two underwater viewing areas of the lagoon, where she was waiting for a colleague of hers. 

""Sorry I'm late"" 

A voice called from behind Collette. She turned, it was Olivia Macdonald, the person she had been waiting for. ""Olivia, YOU called ME here, so explain why I was here first"" 
""I hit some traffic"" Olivia sighed. 
""Traffic? How? This place is located in the wilderness of northern British Columbia, there is nobody up here, what traffic?"" 
""Does a herd of Elk count as traffic?"" 
""Ugh whatever, do you have the package?"" 
""Right here"" Olivia handed a box containing several files to Collette, the words [CLASSIFIED] and [THIS FILE IS THE PROPERTY OF THE FEDERAL GOVERNMENT OF CANADA] were printed on one the top, just below that it said the same thing but in French. Inside the files were reports from all the Prehistoric Capture Outposts across Canada. As well as reports from the CAF, RCMP, CWS, and CPD, detailing the status of current hunting parties, the movement patterns of certain animals that were bieng chased down, incident reports, welfare updates, just general dinosaur business from all across Canada. ""How are the Kronosaurs doing?"" Olivia asked. ""They're doing just fine, they were tracked and captured in the Pacific by Canadian Navy Warship, HMCS Regina. They're a pair, male and female. They were sent to the Hesquiat Outpost were we checked they're welfare. Once they came back as healthy, we built this place and shipped them here"" ""They look beautiful"" ""Yes they do, they acclimated well to there new home, they're kinda cute"" Collete went through the files while sitting on one of the brnches, however, as she sifted through them,  two specific files caught Collette's eye. One was from the Royale Canadian Navy ship, HMCS Regina. The HMCS Regina was a Halifax-Class Frigate, a class of Warships in the Royal Canadian Navy. The HMCS Regina was the very same Canadian Warship that had tracked down, hunted, and helped capture the very same Kronosaurs before them. When she was patrolling Canadian waters, somewhere in the Pacific, the HMCS Regina reported sightings some Icthyosaurs, due north-east of where she had spotted the Kronosaurs on her last patrol. The other report was a little more alarming. It was from the Fort Garry Horse. The Fort Garry Horse is an armoured cavalry regiment, in the Royal Canadian Army. The report was detailing how they were in the process of hunting down a large theropod in Northern Manitoba. That's not all, apparently the Fort Garry Horse was receiving backup from others. The Royal Canadian Airforce also reported movement of a large theropod in that region, and detailed how CF-18 fighter jets were ripping across the sky in northern Manitoba, and how they were accompanied by American F-35's. Even the US DFW was involved. ""Olivia...what's going on in Northern Manitoba...."" ""uh, yeah, about that, giving you the reports wasn't the only reason I called you here, there is a situation you need to know about"" ""Well, what is it? Why is the Canadian military bieng sent in and why are we receiving help from the US military AND the DFW? The DFW is an American department, what are they doing here?"" ""So you know the Nublar T-Rex? The one the general public nicknamed 'Rexy'?"" ""Oh no...dont tell me..."" ""So you do know about her?"" ""I know she escaped into the AMERICAN wilderness and is bieng hunted down by the AMERICAN government who promised the ITALIAN government that once she was captured she would be sent to BioSyn valley in ITALY and that AMERICAN forces have failed to capture her in the UNITED STATES for three years! Notice how I only mentioned two countries and neither were Canada? We're not involved in anything to do with her!"" ""Well now we are, after giving the slip to the US government for three years, she entered into by crossing the border from North Dakota into Manitoba and now Canada has involved herself in this and is stuck in a tangled mess with both her older sister the United States and Italy"" ""oh great..just great..."" Collette sighed ""She's gonna be a pain to capture, she gave both Italy and America the slip for three years and now she's in the Canadian wilderness, one of the most on the world, this is gonna be fun...so fun...""🍁"
1omw9pv,AustralianPolitics,Albanese vows to make universal childcare a reality next year,IrreverentSunny,2025-11-03T04:57:42,93,75,https://www.theaustralian.com.au/nation/politics/anthony-albanese-vows-to-make-universal-childcare-a-reality-in-2026/news-story/38ab17b316f596de42cdabf7575154de?amp,"In a wide-ranging interview, Anthony Albanese sets out his policy priorities and commits to have environmental reforms, children’s social media ban and bulk-­billing changes bedded down by January 1.

  
[Anthony Albanese](https://archive.is/o/bHWtz/https://www.theaustralian.com.au/inquirer/unity-in-his-absence-shows-anthony-albaneses-management-style-political-skill-cabinet-control/news-story/1d76016817d6d26cf6794e72c1ac90d4) will use the second year of his post-landslide term to make his legacy project of[ universal childcare a reality,](https://archive.is/o/bHWtz/https://www.theaustralian.com.au/nation/politics/universal-childcare-cost-not-good-value-says-sussan-ley/news-story/794b6191babcdbfa8dd5c9b4ceec69c9) as the Prime Minister vows to have his environmental reforms, children’s social media ban and bulk-­billing changes bedded down by January 1.

In a wide-ranging interview with The Australian after a [whirlwind trip](https://archive.is/o/bHWtz/https://www.theaustralian.com.au/breaking-news/pm-dismisses-china-blowback-after-critical-mineral-deal/news-story/588625e1f28d8d0633ea89fa15d650da) to South Korea and ­Malaysia, Mr Albanese said doubters of his plan to find the workforce to staff Labor’s 1800 Medicare hotline would be proven wrong and that Australia’s looming social media had been of major interest to other world leaders at last week’s international summits.

Having been away from a sitting parliament for the longest stretch in his[ 30-year career](https://archive.is/o/bHWtz/https://www.theaustralian.com.au/inquirer/anthony-albanese-reveals-his-plan-for-longterm-power/news-story/4c2713e4cc18b4f0777d31703b12b740) as an MP, Mr Albanese told The Australian that the ticking off the ­Environment Protection and ­Biodiversity Conservation act would be among his top three priorities when he returned to his chair in the House of Representatives on Monday. He demanded a divided Coalition not let divisions in their ranks stop them from backing his EPBC laws, as the ­Nationals on Sunday ditched net zero altogether.

“The price for the internal disruption in the Coalition shouldn’t be paid by Australians,” he said.

“Good policy should be supported. This is good policy.

“We’ve taken the time to get it right. It’s been around for a long while. We want to get it right. If it’s not got right, be it on their head.”

In the wake of Jim Chalmers ­revealing to The Australian in ­August that the government would need to review and potentially overhaul the childcare subsidy model to achieve Labor’s universal childcare ambition, Mr Albanese confirmed changes to the system would be made in 2026.

Asked if Australians could ­expect the policy – which the Prime Minister has long pursued – to be progressed in earnest next year, Mr Albanese said: “Yes.”

But pushed on further details and what initial steps voters could see taken by his government, the Labor leader remained coy.

“We’ll worry about that next year,” he said.

As part of his government’s ­ambitious climate agenda, Mr ­Albanese has been seeking to have the next COP climate summit hosted by Australia and ­Pacific ­Island nations, an ambition he has not yet given up on.

“At this stage, we’re told that (Turkey President Recep Tayyip) Erdogan is not going to (drop his bid for the summit), but I’ve written to him saying … we want to have a discussion. We want to get it resolved,” Mr Albanese said, confirming the correspondence had taken place last week.

“We are keen to host COP with the Pacific. We are engaging with the Pacific about negotiations with Turkey.”

  
But in a comment that seemed to suggest Mr Albanese would not attend this year’s COP in person – leaving the event to Climate Change and Energy Minister Chris Bowen – the Prime Minister said he had already done “the main thing” in his power.

“We’ve already put in our Nationally Determined Contribution. I did that in New York. That’s the main thing that I’d be standing up doing. So it’s done,” he said.

Labor has stressed that the changes to the EPBC act are needed to ensure the environment is properly protected, and senior ministers including Madeleine King have warned the bill is also relevant to Australia’s $13bn deal with the US on critical minerals, with companies seeking to invest in rare earths desperately needing clarity on the approvals that they can expect.

Mr Albanese pushed back against suggestions that delaying the EPBC reforms would put the $13bn critical minerals deal with the US at risk and undermine the alliance, but said the failure to pass the bill in the near term would “certainly will have a negative impact on Australian jobs and the Australian environment”.

It follows Donald Trump on Wednesday publicly praising Mr Albanese for the rare earth deal the pair had struck the week before, declaring the Labor leader was doing “a fantastic job” in front of other prime ministers, including Mark Carney and Christopher Luxon.

Donald Trump has praised ­Anthony Albanese for a “fantastic job” done on the $13bn critical minerals and rare earths deal.

While the APEC summit was largely focused on free trade, Mr Albanese revealed his government’s social media ban had been a frequent topic of discussion with world leaders during his time in South Korea.

While saying that the government was under no illusion that the ban would “be perfect”, Mr Albanese said the world was “looking for leadership”.

“Australia is providing it,” he said.

“It’s one of the things that is discussed around here (at APEC). They’re all really interested in it and in what we’re doing. I’ve discussed it informally with leaders.”

It follows the Treasurer earlier this year revealing the Albanese government would need to review and potentially overhaul the childcare subsidy model to achieve Labor’s universal-care-system ambition in “an affordable way”.

Despite describing the under 16s social media ban as “the right thing to do”, Mr Albanese revealed that unlike universal childcare, the reform was not something he would consider “his legacy”.

“I don’t see it as my legacy. I see it as Australia’s legacy,” he said.

“This is genuinely something as well that has come up from the grassroots, come up from parents who’ve lost their sons and daughters. It’s something that, you know, we didn’t take to the 2022 election.”

As President Donald Trump and President Xi Jinping struck a surprise trade truce in South Korea, Prime Minister Anthony Albanese quietly secured valuable face time with both leaders, a diplomatic win few expected. Senior Political Reporter Sarah Ison on how the Prime Minister used the global stage to prove Australia’s steady hand in uncertain times.

Despite the monarchy being week rocked by the King’s decision to effectively exile his disgraced brother Andrew from the royal family over his links to pedophile Jeffrey Epstein, Mr Albanese revealed he still didn’t see any momentum in Australia to abandon the crown.

“I just think it’s not front and centre at the moment,” he said.

“There would need to be momentum in order for a government to pursue that. There’s only been one referendum this century, just one.”

Mr Albanese said one of his prevailing priorities for the rest of the term would be the Medicare reforms, which were central to his re-election campaign, with long-awaited bulk-billing changes implemented over the weekend.

The Prime Minister was heartened that 1000 GPs had already signed up to the new scheme and would begin fully bulk billing, declaring the reforms would “make a big difference”.

So too would the 1800 Medicare hotline, expected to go live on January 1, which Mr Albanese expressed confidence in despite questions over the ability of the registered nursing workforce to fulfil the new program.

But Mr Albanese brushed aside the concerns, arguing that critics also said Labor wouldn’t be able to fulfil its promise to have registered nurses in all aged-care homes.

“Now there’s a nurse in a nursing home 99 per cent of the time. We got it done,” he said.

“We’re out there training more nurses. We’re giving paid prep for people to do nursing. We’re getting it done.”"
1omvy9l,jobhuntify,Remote Job - Datadog - Senior Partner Manager - Channels (South EMEA),jobhuntify,2025-11-03T04:43:23,1,0,https://www.reddit.com/r/jobhuntify/comments/1omvy9l/remote_job_datadog_senior_partner_manager/,"🧑‍💻 Level: senior

📌 Location: remote

🌆 City: , IT

🗓 Type: fullTime

💵 Salary: 0k - 0k USD (annual)

Description: Careers
  * Culture
    * Workplace Benefits
    * Candidate Experience
    * Diversity, Equity & Inclusion
    * Learning & Development
  * Teams
    * General & Administrative
    * Product Design
    * Product Management
    * Technical Solutions
    * Early Career & Internships
  * Locations
    * Asia Pacific


### Careers
  * Culture
    * Workplace Benefits
    * Candidate Experience
    * Diversity, Equity & Inclusion
    * Learning & Development
  * Teams
    * General & Administrative
    * Product Management
    * Technical Solutions
    * Early Career & Internships
  * Locations


## Senior Partner Manager - Channels (South EMEA)
Italy, Remote
Our Channels & Alliances Team’s charter builds and activates a strategic, differentiated and high-impact partner ecosystem for our best-of-breed multi-cloud monitoring product, one partner at a time. As a Senior Partner Manager, you will recruit and develop channel partners that drive new customer adoption and revenue, including Regional and Global Systems Integrators, Managed Service Providers, and Value Added Resellers.
_At Datadog, we place value in our office culture - the relationships and collaboration it builds and the creativity it brings to the table. We operate as a hybrid workplace to ensure our Datadogs can create a work-life harmony that best fits them._
**What You’ll Do:**
  * Identify and recruit new strategic channel partners to drive revenue growth
  * Enable and activate existing partners through training, planning and joint selling activities
  * Coordinate the technical and marketing aspects of integrated partnership launches
  * Host regular business reviews with partners to drive accountability and report on success metrics
  * Work hand-in-hand with Datadog’s regional enterprise and commercial sales organizations
  * Generate partner-sourced net-new sales pipeline and revenue


**Who You Are:**
  * Experienced in 7+ years of partner-facing, quota-carrying business development, strategic alliances, or channel sales at a cloud services or software as a service organization
  * Proven in driving sales opportunities from lead generation to closure, effectively negotiating agreements and building long-lasting partnerships
  * Able to quickly comprehend technical concepts and architectural scenarios, and explain them to others verbally and in writing
  * Proficiency in managing premier Cloud MSP partners will be advantageous
  * Willing to travel 20-30% of the time 


_Datadog values people from all walks of life. We understand not everyone will meet all the above qualifications on day one. That's okay. If you’re passionate about technology and want to grow your skills, we encourage you to apply._
**Benefits and Growth:**
  * High income earning opportunities based on self performance
  * New hire stock equity (RSU) and employee stock purchase plan (ESPP)
  * Continuous professional development, product training, and career pathing 
  * Sales training in MEDDIC and Command of the Message 
  * Intra-departmental mentor and buddy program for in-house networking 
  * An inclusive company culture, opportunity to join our Community Guilds
  * Generous global benefits


_Benefits and Growth listed above may vary based on the country of your employment and the nature of your employment with Datadog._
**About Datadog:**
Datadog (NASDAQ: DDOG) is a global SaaS business, delivering a rare combination of growth and profitability. We are on a mission to break down silos and solve complexity in the cloud age by enabling digital transformation, cloud migration, and infrastructure monitoring of our customers’ entire technology stacks. Built by engineers, for engineers, Datadog is used by organizations of all sizes across a wide range of industries. Together, we champion professional development, diversity of thought, innovation, and work excellence to empower continuous growth. Join the pack and become part of a collaborative, pragmatic, and thoughtful people-first community where we solve tough problems, take smart risks, and celebrate one another. Learn more about #DatadogLife on Instagram, LinkedIn, and Datadog Learning Center.
**Equal Opportunity at Datadog:**
Datadog is proud to offer equal employment opportunity to everyone regardless of race, color, ancestry, religion, sex, national origin, sexual orientation, age, citizenship, marital status, disability, gender identity, veteran status, and other characteristics protected by law. We also consider qualified applicants regardless of criminal histories, consistent with legal requirements. Here are our Candidate Legal Notices for your reference. 
Datadog endeavors to make our Careers Page accessible to all users. If you would like to contact us regarding the accessibility of our website or need assistance completing the application process, please complete this form. This form is for accommodation requests only and cannot be used to inquire about the status of applications. 
**Privacy and AI Guidelines:**
Any information you submit to Datadog as part of your application will be processed in accordance with Datadog’s Applicant and Candidate Privacy Notice. For information on our AI policy, please visit Interviewing at Datadog AI Guidelines.
Requisition ID: R12987
## Apply for this job
indicates a required field


Visit https://jobhuntify.com for more remote jobs."
1omvy80,u_DenverWX,Weather Watch: November 14th-ish,DenverWX,2025-11-03T04:43:20,9,0,https://www.reddit.com/r/u_DenverWX/comments/1omvy80/weather_watch_november_14thish/,"# Synopsis

We've been waiting on a combination of things to give us the first measurable snowfall in Denver, and they haven't been happening. The first is for an atmospheric river to look this way, and the second is for the pressure ridges from the south to alleviate so it can make its way here.

# Area of Observation

Right now, I am watching cyclonic genesis systems in the upper Pacific to see how they fling off and head through the southwest/west. A few of these have been forming but have been defeated, but the pressure system may alleviate down south to allow it to come through. 

Seeing how one is propelled east of Hawaii by a high pressure system, followed by a lack of resistance as it makes its way east, is what I'll be watching around November 10th.

# Potential Outcomes

Right now, it's too early to tell. Right now I have more confidence in the mountains getting some more snow in northern Colorado, but how much energy it gains in the continental interior will determine how long it lasts as it falls over the Front Range into Denver and the I-25 corridor. If the amount is measurable, I imagine it'll be minimal.

# When I Will Check Again

I'll see how this system is developing early next week, probably on the 10th."
1omvxvh,jobhuntify,"Remote Job - Datadog - Director, Major Accounts",jobhuntify,2025-11-03T04:42:54,1,0,https://www.reddit.com/r/jobhuntify/comments/1omvxvh/remote_job_datadog_director_major_accounts/,"🧑‍💻 Level: director

📌 Location: remote

🌆 City: , GB

🗓 Type: fullTime

💵 Salary: 0k - 0k USD (annual)

Description: Careers
  * Culture
    * Workplace Benefits
    * Candidate Experience
    * Diversity, Equity & Inclusion
    * Learning & Development
  * Teams
    * General & Administrative
    * Product Design
    * Product Management
    * Technical Solutions
    * Early Career & Internships
  * Locations
    * Asia Pacific


### Careers
  * Culture
    * Workplace Benefits
    * Candidate Experience
    * Diversity, Equity & Inclusion
    * Learning & Development
  * Teams
    * General & Administrative
    * Product Management
    * Technical Solutions
    * Early Career & Internships
  * Locations


## Director, Major Accounts
United Kingdom, Remote
The Datadog Major Accounts Team is focused on driving new business and expanding the current Datadog footprint with our largest and most strategic clients. The success of the Major Accounts Team directly impacts the success of Datadog and is a highly visible position with bold revenue targets. Our Director, Major Accounts will provide strategy, mentorship, and guidance for a team of Major Account Managers who are responsible for driving new business through the full sales cycle.
_At Datadog, we place value in our office culture - the relationships and collaboration it builds and the creativity it brings to the table. We operate as a hybrid workplace to ensure our Datadogs can create a work-life harmony that best fits them._
**What You’ll Do:**
  * Manage, hire, train and ramp a team of Major Account Managers responsible for executing on large expansion deals
  * Achieve annual Enterprise bookings quota with monthly and quarterly targets
  * Develop and manage Major Account Managers on productivity metrics such as deal size, win rate, and forecast accuracy as well as how to lead a customer through a proactive sales cycle
  * Coach Major Account Managers through building executive relationships with Named Enterprise accounts in their territories and through complex Enterprise deals and negotiations
  * Shape the direction of the go-to market strategy and execution for your region
  * Work collaboratively with Marketing, Product and Success to build targeted messaging and collateral, and mapping a customer journey for the specific business needs of your region
  * Conduct weekly forecast meetings
  * Support direct reports by participating and leading in client and prospect meetings. 
  * Engaging other corporate resources as required


**Who You Are:**
  * Experienced in managing a high performing Enterprise Sales team for a B2B technology company
  * A strong relationship builder with 5+ years of overall Enterprise sales experience working with Fortune 1000 companies
  * Confident in managing complex sales processes with multiple stakeholders and negotiations with pricing based on business value, legal and procurement
  * Knowledgeable in selling to C-level executives in the IT space
  * Experienced in setting quotas and managing people against those quotas
  * Passionate about coaching others with a successful track record as an individual contributor and can share relevant and complex closing experience with a growing team
  * Able to sit up to 4 hours, traveling to and from client sites
  * Able to travel via auto, train or air up to 70% of the time


_Datadog values people from all walks of life. We understand not everyone will meet all the above qualifications on day one. That's okay. If you’re passionate about technology and want to grow your skills, we encourage you to apply._
**Benefits and Growth:**
  * High income earning opportunities based on self performance
  * New hire stock equity (RSU) and employee stock purchase plan (ESPP)
  * Continuous professional development, product training, and career pathing 
  * Sales training in MEDDIC and Command of the Message 
  * Intra-departmental mentor and buddy program for in-house networking 
  * An inclusive company culture, opportunity to join our Community Guilds
  * Generous and competitive medical benefits package
  * Retirement savings match
  * Pet adoption and insurance program


_Benefits and Growth listed above may vary based on the country of your employment and the nature of your employment with Datadog._
**About Datadog:**
Datadog (NASDAQ: DDOG) is a global SaaS business, delivering a rare combination of growth and profitability. We are on a mission to break down silos and solve complexity in the cloud age by enabling digital transformation, cloud migration, and infrastructure monitoring of our customers’ entire technology stacks. Built by engineers, for engineers, Datadog is used by organizations of all sizes across a wide range of industries. Together, we champion professional development, diversity of thought, innovation, and work excellence to empower continuous growth. Join the pack and become part of a collaborative, pragmatic, and thoughtful people-first community where we solve tough problems, take smart risks, and celebrate one another. Learn more about #DatadogLife on Instagram, LinkedIn, and Datadog Learning Center.
**Equal Opportunity at Datadog:**
Datadog is proud to offer equal employment opportunity to everyone regardless of race, color, ancestry, religion, sex, national origin, sexual orientation, age, citizenship, marital status, disability, gender identity, veteran status, and other characteristics protected by law. We also consider qualified applicants regardless of criminal histories, consistent with legal requirements. Here are our Candidate Legal Notices for your reference. 
Datadog endeavors to make our Careers Page accessible to all users. If you would like to contact us regarding the accessibility of our website or need assistance completing the application process, please complete this form. This form is for accommodation requests only and cannot be used to inquire about the status of applications. 
**Privacy and AI Guidelines:**
Any information you submit to Datadog as part of your application will be processed in accordance with Datadog’s Applicant and Candidate Privacy Notice. For information on our AI policy, please visit Interviewing at Datadog AI Guidelines.
Requisition ID: R16453
## Apply for this job
indicates a required field


Visit https://jobhuntify.com for more remote jobs."
1omvxmw,PortlandOR,beautiful sidewalk koi fish 🧡,galactasticc,2025-11-03T04:42:35,133,7,https://i.redd.it/a34585dsexyf1.jpeg,"i recently stayed in an airbnb for around 2 and a half weeks. it was my first time in the pacific northwest, but also mine and other friends' first time in portland, and one of them their first time in america at all.

we each picked things we wanted to do, one of mine was seeing a koi fish. the japanese botanical gardens were too cold for koi and even the dedicated koi fish store was a bust.

on the last day, it was raining gently and me and a friend were walking around the neighborhood before bed. i was hunting those give-one-take-one libraries to leave some final trinkets in before my flight out, and stumbled upon these wonderful koi fish on the sidewalk ! they may not be real, but they still made me smile and i pet their wet little heads.

tldr: thank you to whoever painted these koi fish, i was delighted to see them !!"
1omvvu1,jobhuntify,Remote Job - Datadog - Strategic Account Executive,jobhuntify,2025-11-03T04:40:24,1,0,https://www.reddit.com/r/jobhuntify/comments/1omvvu1/remote_job_datadog_strategic_account_executive/,"🧑‍💻 Level: midLevel

📌 Location: remote

🌆 City: Georgia, US

🗓 Type: fullTime

💵 Salary: 135k - 150k USD (annual)

Description: Careers
  * Culture
    * Workplace Benefits
    * Candidate Experience
    * Diversity, Equity & Inclusion
    * Learning & Development
  * Teams
    * General & Administrative
    * Product Design
    * Product Management
    * Technical Solutions
    * Early Career & Internships
  * Locations
    * Asia Pacific


### Careers
  * Culture
    * Workplace Benefits
    * Candidate Experience
    * Diversity, Equity & Inclusion
    * Learning & Development
  * Teams
    * General & Administrative
    * Product Management
    * Technical Solutions
    * Early Career & Internships
  * Locations


## Strategic Account Executive
Georgia, USA, Remote
Our Strategic Account Executives target and close new business with Datadog’s largest, most strategic customers and prospects. In this role you’ll be focused on uncovering the pain points organizations face as they operate in or migrate to a cloud environment at scale as well as delivering the appropriate Datadog solution.
_At Datadog, we place value in our office culture - the relationships and collaboration it builds and the creativity it brings to the table. We operate as a hybrid workplace to ensure our Datadogs can create a work-life harmony that best fits them._
**What You’ll Do:**
  * Prospect into large Fortune 1000 companies while running an efficient sales process
  * Maintain, build and own specific relationship maps for your territory including existing relationships and aspirational contacts
  * Develop a deep comprehension of customer's business
  * Negotiate favorable pricing and business terms with large commercial enterprises by selling value and ROI
  * Handle existing customer expectations while expanding reach and depth into assigned territory
  * Demonstrate resourcefulness when faced with challenges that defy easy solution
  * Have intuitive sense of necessary steps to close business and gain customer validation
  * Identify robust set of business drivers behind all opportunities
  * Ensure high forecasting accuracy and consistency


**Who You Are:**
  * Someone with 5+ years closing experience (mix of field selling within mid-market and enterprise)
  * Driven and have met/exceeded direct sales goals of 1M+ and operated with an average deal size of $100k+
  * Able to demonstrate methodology to prospect and build pipeline on your own
  * Experienced in working for an innovative tech company (SaaS, IT infrastructure or similar preferred)
  * Experienced in selling into large Fortune 1000 companies with the ability to win new logos
  * Able to sit up to 4 hours, traveling to and from client sites
  * Able to travel via auto, train or air up to 70% of the time


_Datadog values people from all walks of life. We understand not everyone will meet all the above qualifications on day one. That's okay. If you’re passionate about technology and want to grow your skills, we encourage you to apply._
**Benefits and Growth:**
  * High income earning opportunities based on self performance
  * New hire stock equity (RSU) and employee stock purchase plan (ESPP)
  * Continuous professional development, product training, and career pathing 
  * Sales training in MEDDIC and Command of the Message 
  * Intra-departmental mentor and buddy program for in-house networking 
  * An inclusive company culture, opportunity to join our Community Guilds
  * Generous and competitive medical benefits package
  * Retirement savings match
  * Pet adoption and insurance program


_Benefits and Growth listed above may vary based on the country of your employment and the nature of your employment with Datadog._
Datadog offers a competitive salary and equity package, and may include variable compensation. Actual compensation is based on factors such as the candidate's skills, qualifications, and experience. In addition, Datadog offers a wide range of best in class, comprehensive and inclusive employee benefits for this role including healthcare, dental, parental planning, and mental health benefits, a 401(k) plan and match, paid time off, fitness reimbursements, and a discounted employee stock purchase plan.
The reasonably estimated yearly salary for this role at Datadog is:
$135,000—$150,000 USD
**About Datadog:**
Datadog (NASDAQ: DDOG) is a global SaaS business, delivering a rare combination of growth and profitability. We are on a mission to break down silos and solve complexity in the cloud age by enabling digital transformation, cloud migration, and infrastructure monitoring of our customers’ entire technology stacks. Built by engineers, for engineers, Datadog is used by organizations of all sizes across a wide range of industries. Together, we champion professional development, diversity of thought, innovation, and work excellence to empower continuous growth. Join the pack and become part of a collaborative, pragmatic, and thoughtful people-first community where we solve tough problems, take smart risks, and celebrate one another. Learn more about #DatadogLife on Instagram, LinkedIn, and Datadog Learning Center.
**Equal Opportunity at Datadog:**
Datadog is proud to offer equal employment opportunity to everyone regardless of race, color, ancestry, religion, sex, national origin, sexual orientation, age, citizenship, marital status, disability, gender identity, veteran status, and other characteristics protected by law. We also consider qualified applicants regardless of criminal histories, consistent with legal requirements. Here are our Candidate Legal Notices for your reference. 
Datadog endeavors to make our Careers Page accessible to all users. If you would like to contact us regarding the accessibility of our website or need assistance completing the application process, please complete this form. This form is for accommodation requests only and cannot be used to inquire about the status of applications. 
**Privacy and AI Guidelines:**
Any information you submit to Datadog as part of your application will be processed in accordance with Datadog’s Applicant and Candidate Privacy Notice. For information on our AI policy, please visit Interviewing at Datadog AI Guidelines.
Requisition ID: R11675
## Apply for this job
indicates a required field


Visit https://jobhuntify.com for more remote jobs."
1omvv4k,Portland,beautiful sidewalk koi fish 🧡,galactasticc,2025-11-03T04:39:33,170,5,https://i.redd.it/rmy3sgw8exyf1.jpeg,"i recently stayed in an airbnb for around 2 and a half weeks. it was my first time in the pacific northwest, but also mine and other friends' first time in portland, and one of them their first time in america at all.

we each picked things we wanted to do, one of mine was seeing a koi fish. the japanese botanical gardens were too cold for koi and even the dedicated koi fish store was a bust.

on the last day, it was raining gently and me and a friend were walking around the neighborhood before bed. i was hunting those give-one-take-one libraries to leave some final trinkets in before my flight out, and stumbled upon these wonderful koi fish on the sidewalk ! they may not be real, but they still made me smile and i pet their wet little heads.

tldr: thank you to whoever painted these koi fish, i was delighted to see them !!"
1omvtqi,ValorantCompetitive,VCT Game Changers Championship Seoul is set!,I-like-winds,2025-11-03T04:37:52,69,8,https://i.redd.it/56bmc6xwdxyf1.png,
1omvoc6,BackYardChickens,Thought I'd share my chicken coop and run.,StrongishOpinion,2025-11-03T04:31:27,16,4,https://www.reddit.com/r/BackYardChickens/comments/1omvoc6/thought_id_share_my_chicken_coop_and_run/,"Hey all. We got our first chicks around 3-4 years ago, and I learned a lot from this subreddit. Plenty of mistakes were made on the way, but we're having a blast. We're in the Pacific Northwest (Seattle suburbs).

I wanted an excuse to learn video editing better, so I made this video to share my coop and run.

[https://www.youtube.com/watch?v=I0-xDKFkr7Y](https://www.youtube.com/watch?v=I0-xDKFkr7Y)

Things I've learned and/or FYIs from a relative amateur.

1. Don't build on a slope.

I think the finished run looks nice on a bit of a hillside, but it was probably 3x as hard as it should have been because of that slope. Every measurement had to account for the changing height. Angles were weird. I'm not a builder, and the slope made it a bit of a nightmare.

Also, chickens dig and scratch. Which means over time, a sloped run slowly pushes all dirt / leaves / mulch / whatever to the lowest point. Which means every year or so, we need to get some shovels in there, and move the soil back up the run to the higher point. It's a silly problem to have.

2. Can't recommend Grandpa's feeder enough. We did have a rat problem (they dug some tunnels deep underground and got inside), but as soon as I switched to Grandpa's feeders, they all went away because there was no more food.

3. Hardware cloth 1/4"" is the right material.

Before our dog learned to ignore the chickens, she jumped on the wall to get at them. We've had bobcats circle the run. We've had coyotes in the yard. Nothing has gotten in, or even dented the fencing.

4. The corrugated metal roof was smart.

I wasn't sure it would be necessary, but it keeps the run itself pretty dry, even after days of rain. That helps the chicken spend time ""outside"", but they don't get their feet all muddy, etc. I think it was very easy to install on the 2x4 roof (for someone again with no construction skills).

5. Always think about how you'll open the door if you get inside the run and close the door.

Not sure if you noticed the door, but we use a latch on the outside, and we have a wire going into the coop so you can get yourself out by pulling up on the wire.

Didn't use anything for a bit, and locked myself inside when the propped open door closed.

Then used a string for a bit, which broke, and locked someone else inside.

Finally moved to the wire, and we haven't had someone stuck in a bit. But it's such a weird design. I really should figure out a better latch situation where we could open it from either side without compromising door strength.

6. Deep litter method seems to work.

You can't smell through video, but the coop itself smells perfectly fine. We have probably 8"" of straw inside at the moment, with probably 1.5 years of chicken poop. We'll dig it out sometime this winter and move it into compost piles.

7. Shouldn't give chickens flat surfaces to sit on (other than roosts), because they'll poop on it.

If you noticed, there's a flat area they can access on top of the egg boxes due to my poor design. They poop there, so I need to constantly clean it. It's dumb. I shouldn't have given them access to that area, because they seem to love sitting there.

Anyway - happy to hear questions or feedback!"
1omvnv0,DigitalCodeSELL,"(Selling) $1, $1.5 & other codes.",tangnguyen94,2025-11-03T04:30:55,0,16,https://www.reddit.com/r/DigitalCodeSELL/comments/1omvnv0/selling_1_15_other_codes/,"$1 code

21 JUMP STREET SD/MA\*\*

THE AMAZING SPIDER-MAN 2 SD/MA..

The Boss Baby HD/MA..

The Bourne Legacy HD/MA\*\*

Deadpool HD/MA\_

Despicable Me 2 HD/MA

The Expendables 2 HD/Vudu\*\*

The Expendables 3 HD/Vudu..

The Fate of the Furious (Extended Director's) HD/MA

The Fate of the Furious (Original Theatrical) HD/MA\*\*

The Hunger Games HD/Vudu

JUMANJI: WELCOME TO THE JUNGLE SD/MA..

Jurassic World HD/MA\*\*

The Longest Ride HD/MA..

MISSION IMPOSSIBLE 4 GHOST PROTOCOL HD/Vudu\*\*

PARANORMAL ACTIVITY 3 HD/Vudu..

THE PERFECT GUY SD/MA\*\*

PITCH PERFECT HD/MA..

Planes HD/MA..

Rise of the Planet of the Apes HD/MA

The Secret Life of Pets HD/MA

SKYFALL HD/Vudu

Star Trek Beyond HD/Vudu

STAR WARS: THE FORCE AWAKENS HD/MA\_

The vow SD/MA\*\*

WAR FOR THE PLANET OF THE APES HD/Vudu..



$1.5 code

13 Hours: The Secret Soldiers of Benghazi HD/Vudu\_

A Dog's Purpose HD/MA\_

A Hologram for the King SD/Vudu\_

A Quiet Place 4k/iTunes..

The Adventures of Tintin SD/Vudu\_

THE AGE OF ADALINE HD/iTunes..

Alien: Covenant HD/MA..

All the Way HD/GP\_

Almost Christmas HD/MA\_

Atomic Blonde HD/MA\_

Bad Moms HD/MA\_

Blood Father SD/Vudu\_

THE BOY HD/iTunes..

The Call SD/MA\_

Cell SD/Vudu\_

Company of Heroes SD/MA\_

Criminal SD/Vudu\_

Deliver Us from Evil SD/Vudu\_

Devil Inside SD/Vudu\_

Devil's Hand SD/Vudu\_

The Dictator SD/Vudu\_

Dirty 30 SD/Vudu\_

Escape Plan HD/Vudu\_

The Fault in Our Stars HD/MA

Fences HD/Vudu\_

Fury HD/MA \*\*

Get Out HD/MA\_

The Girl on the Train HD/MA\_

Ghostbusters Answer the Call + Extended HD/MA\_

GOD’S NOT DEAD 2 HD/iTunes..

Green Room SD/Vudu\_

THE GREY HD/iTunes..

HERCULES 4k/iTunes..

Hours SD/Vudu\_

HOW TO TRAIN YOUR DRAGON 2 HD/MA..

The Huntsman: Winter's War (Extended Edition) 4k/iTunes\_

I'M NOT ASHAMED HD/MA\*\*

Independence Day: Resurgence 4k/iTunes\_

JACK RYAN: SHADOW RECRUIT HD/Vudu..

John Wick: Chapter 3 - Parabellum 4k/Vudu\_

Kidnap HD/iTunes\_

Last Knights HD/Vudu\_

Last Knights HD/Vudu\_

The Last Stand HD/Vudu

The Legend of Hercules HD/Vudu..

Logan HD/MA\_

Lone Survivor 4k/iTunes..

Madea's Neighbors From Hell SD/Vudu\_

THE MARINE 4: MOVING TARGET HD/MA \*\*

Meet the Blacks SD/Vudu\_

Mercury Plains SD/Vudu\_

Miracles From Heaven HD/MA \*\*

Mission: Impossible - Fallout 4k/iTunes\_

The Monuments Men HD/MA\_

The Mountain Between Us HD/MA\_

Mud HD/Vudu\_

The Mummy HD/MA\_

Monster High: Freaky Fusion HD/MA\*\*

No Good Deed SD/MA\_

Oblivion HD/MA..

Only the Brave SD/MA\_

Ouija: Origin of Evil HD/iTunes\_

OVERCOMER HD/MA\*\*

PACIFIC RIM: UPRISING 4k/MA $5..

Pain & Gain SD/Vudu\_

Patriots Day HD/Vudu\*\*

Percy Jackson: Sea of Monsters HD/MA

Pompeii SD/MA\_

The Possession HD/Vudu\*\*

Red 2 HD/Vudu\_

ROMAN J. ISREAL, ESQ. HD/MA \*\*

Safe HD/Vudu\_

Selma HD/Vudu\*\*

Shaun the Sheep: Farmer's Llamas SD/Vudu\_

Shaun the Sheep Movie SD/Vudu\_

Sicario: Day of the Soldado SD/MA\_

SILVER LINING PLAYBOOK HD/Vudu..

Sing HD/MA

SKYFALL HD/Vudu

Snatched 4k/iTunes\_

SPIDER-MAN: HOMECOMING HD/MA..

Still Alice SD/MA\_

Taken 2 HD/MA

Taken 3 (Unrated) HD/MA

That's My Boy SD/MA\_

Tracers SD/Vudu\_

The Trust SD/Vudu\_

Underworld Awakening HD/MA\_

Venom SD/MA\_

WHAT TO EXPECT WHEN YOUR EXPECTING HD/Vudu..

The Witch SD/Vudu\_

X-Men: Apocalypse HD/MA

X-Men: Days of Future Past HD/MA

xXx: Return of Xander Cage HD/Vudu\_

Zero Dark Thirty SD/MA\_

	

other codes

10 Minutes Gone HD/GP $4\_

21 Jump Street HD/MA $2\_

22 Jump Street HD/MA $2\_

2 Guns HD/MA $2.5, 4k/MA $3\_

28 YEARS LATER 4k/MA $10

3 FROM HELL 4k/Vudu $3..

8 Mile HD/MA $5.5\_

28 Years Later 4k/MA $11

A Bad Moms Christmas 4k/iTunes $3\_

A Good Day to Die Hard HD/MA $2\_

A Million Ways to Die in the West HD/iTunes $3\_

A Minecraft Movie 4k/MA $9

A NIGHTMARE BEFORE CHRISTMAS HD/MA $4..

A Place in the Sun HD/Vudu $5.5\_

A Simple Favor 4k/Vudu $2.5\_

A Working Man 4k/Vudu,iTunes $9

Abduction HD/Vudu $3.5\_

ABOVE SUSPENSION HD/Vudu $4..

Abraham Lincoln: Vampire Hunter HD/iTunes $2..

Absolution HD/Vudu $4\_

The Accountant 2 4k/Vudu $12

Act of Valor SD/iTunes $2\_

Action Point HD/Vudu $2.5\_

AD ASTRA HD/MA $2.5\_

The Addams Family: With More Mamushka 4k/Vudu $6\_

AFTER EARTH HD/MA $2..

The Age of Innocence 4k/MA $6\_

Air America 4k/Vudu $6.5\_

Aladdin (2019) 4k/MA $3

ALEXANDER AND THE TERRIBLE, HORRIBLE, NO GOOD, VERY BAD DAY HD/MA $3..

Ali HD/MA $5.5\_

Alfred Hitchcock Collection Volume 1 4k/MA $15\_

Alfred Hitchcock Collection Volume 2 4k/MA $15\_

Alfred Hitchcock Collection Volume 3 4k/MA $15\_

All Eyez on Me HD/Vudu $2..

ALL IS LOST HD/Vudu $3.5..

All the King's Men 4k/MA $6\_

ALLIED HD/Vudu $2..

Allied 4k/Vudu $4\_

Alpha and Omega 2: A Howl-iday Adventure HD/Vudu $3\_

AMÉLIE HD/Vudu $5..

AMERICAN ASSASSIN HD/MA $2.5..

American Fighter HD/Vudu $2.5\_

AMERICAN HUSTLE HD/MA $2\_

AMITYVILLE: THE AWAKENING HD/Vudu $7..

And So It Goes HD/MA $3\_

Anna 4k/Vudu $3

ANNIHILATION HD/Vudu $2..

Ant-Man and the Wasp  HD/MA $3.5\_

Arctic HD/MA $4..

Assassin's Creed HD/MA $2..

Assassin's Creed 4k/MA $3\*\*

Atomic Blonde 4k/MA $4\_

Avengers: Age of Ultron HD/MA $2

Babel HD/Vudu $5.5\_

Barbie: Spy Squad HD/iTunes $3\_

BAD GRANDPA HD/Vudu $2..

Baby Driver HD/MA $2.5\_

Babylon 4k/Vudu $6.5\_

Babylon 5: The Road Home 4k/MA $4\_

Bad Boys For Life HD/MA $2

Bad Santa Unrated + Director's Cut HD/Vudu $6\_

BAD WORDS HD/MA $3\_

The Ballad of Lefty Brown HD/Vudu $6\_

Ballerina 4k/Vudu $13

Bambi HD/MA $6\_

Bangkok Dangerous HD/Vudu $4\_

The Bank Job HD/Vudu $4\_

BANSHEE SEASON 2 HD/iTunes $4..

BAYWATCH HD/Vudu or 4k/iTunes $2..

Battle of the Sexes HD/MA $3\_

BEAUTY AND THE BEAST: THE ENCHANTED CHRISTMAS HD/MA $5..

Before I Fall HD/iTunes $2..

Belly 4k/Vudu $4\_

Best Exotic Marigold Hotel Collection HD/MA $10\_

The Best Man Holiday HD/MA $2\*\*

Between Worlds HD/Vudu $3..

Beyond the Reach HD/Vudu $3\_

THE BIG BANG THEORY SEASON 1 HD/Vudu $20..

Big Eyes HD/Vudu $3..

The Big Short 4k/Vudu $6\_

Big Sick HD/Vudu $3\_

Blair Witch HD/Vudu $2.5\_

Blood Father HD/Vudu $3\_

DISNEYNATURE BEARS HD/MA $3..

Before I Go to Sleep HD/MA $4..

The Beguiled HD/MA $3\_

Belly 4k/Vudu $4\_

Ben-Hur HD/Vudu $3\_

Ben is Back HD/Vudu $5.5\_

The Best Man Holiday HD/MA $2

Better Call Saul: Season 1 HD/Vudu $6.5\_

Better Living Through Chemistry HD/MA $6\_

Better Off Dead 4k/Vudu $6.5\_

Between Worlds HD/Vudu $3..

The Bikeriders HD/MA $5.5\_

Big Eyes HD/Vudu $3\_

The Big Sick HD/Vudu $2.5\_

The Big Sleep HD/MA $6\_

Birth of the Dragon HD/MA $2\*\*

Birth of a Nation HD/MA $3\_

Birdman HD/MA $3\_

Black Bag 4k/MA $10

Black Nativity Extended Musical Edition HD/MA $3..

BLACK WATER HD/Vudu $4..

Blair Witch HD/Vudu $2.5\_

THE BLING RING HD/Vudu $2.5..

Blood Father HD/Vudu $3\_

The Blues Brothers 4k/MA $6.5\_

The Blues Brothers HD/MA $4\_

Blue Steel HD/Vudu $3.5\_

Body Cam 4k/Vudu $4

Body Double 4k/MA $6\_

Bohemian Rhapsody HD/MA $2.5..

BOOK CLUB 4k/iTunes $2..

DisneyNature Born in China HD/MA $5\_

THE BOURNE IDENTITY 4k/iTunes $2..

The Boxtrolls HD/iTunes $3.5\_

BOY KILLS WORLD 4k/Vudu $7..

The Brady Bunch Movie HD/Vudu $5\_

The Breakfast Club HD/MA $3.5\_

Bridget Jones's Diary HD/Vudu $4\_

Bridge of Spies HD/MA $3\_

Bringing Out The Dead - Remastered 4k/Vudu $6\_

Broken City HD/MA $4\_

Broken Flowers HD/MA $6.5\_

THE BROTHERS GRIMM HD/Vudu $6..

Brooklyn HD/MA $4\_

Buddy Games HD/Vudu $3\_

Bullet Train 4k/MA $6.5\_

BUMBLEBEE HD/Vudu $2..

Buried HD/Vudu $3.5\_

Burnt HD/Vudu $3\_

But I'm a Cheerleader HD/Vudu $3.5\_

The Butler HD/Vudu $2

THE BYE BYE MAN HD/iTunes $2\_

THE CABIN IN THE WOODS 4k/Vudu $3.5..

Californication \[COMPLETE SERIES\] HD/Vudu $30\_

Calvary HD/MA $4\_

Call Me by Your Name HD/MA $3\_

Cannibal Cabin 4k/Vudu $4\_

Captain America: Brave New World 4k/MA $9

Captain Phillips HD/MA $2\_

CARRIE (2013) HD/VUdu $3..

The Case for Christ HD/MA $3\_

Castlevania (Complete Series) HD/iTunes $11\_

Cats HD/MA $3.5\_

Celebrating Mickey HD/MA $3\_

Cesar Chavez HD/Vudu $4\_

Champs HD/Vudu $4\_

Chasing Mavericks HD/MA $4\_

Chaos HD/Vudu $4.5\_

Chaos Walking 4k/Vudu $4\_

CHAPPIE HD/MA $2

Chicago (Diamond Edition) HD/Vudu $4\_

Chinatown 4k/Vudu $4\_

Chitty Chitty Bang Bang HD/Vudu $5\_

The Choice HD/Vudu $2\_

Chronicle HD/MA $5\_

Clerks III 4k/Vudu $4.5\_

Clockstoppers HD/Vudu $4.5\_

CLOWN HD/Vudu $4\_

Coal Miner's Daughter HD/MA $6\_

Cobweb 4k/Vudu $5\_

The Collection HD/Vudu $3\_

THE CONDEMNED 2 HD/Vudu $3\_

Coming to America 4k/Vudu $6.5\_

The Commuter 4k/Vudu $4\_

Conan the Barbarian 4k/Vudu $4\_

Confidential Informant HD/Vudu $5\_

Contagion 4k/MA $6.5\_

CONTRABAND HD/iTunes $2..

Cornetto Trilogy 4k/MA $12\_

COSMIC SIN HD/Vudu $4..

Cotton Club Encore HD/Vudu $3.5\_

The Counselor HD/MA $3.5\_

The Courier 4k/Vudu $4\_

Cowboys & Aliens HD/iTunes $2.5\_

Crank 4k/Vudu $4\_

Creature from the Black Lagoon 4k/MA $6\_

Criminal HD/Vudu $2.5

THE CROODS HD/MA $2..

Cruella HD/MA $2

Cube HD/Vudu $3.5\_

The Curious Case of Benjamin Button HD/Vudu $6\_

Curse of Chucky (Unrated) HD/MA $3..

Cut Bank HD/Vudu $3\_

Daddy's Home 2 4k/iTunes $2\_

Dallas Buyers Club HD/iTunes $3..

The Danish Girl HD/iTunes $3..

The Dark Crystal 4k/MA $6\_

Dark Places HD/Vudu $3\_

The Dark Tower HD/MA $3\_

Dark Web: Cicada 3301 HD/Vudu $5.5\_

Darkest Hour 4k/MA $4.5\_

The Darkest Minds HD/MA $4\_

DEAD IN TOMBSTONE HD/iTunes $2..

Dead Man Down HD/MA $3\_

DEADBEAT: SEASON 1 HD/Vudu $20..

DEADBEAT: SEASON 2 HD/Vudu $20..

DEADBEAT: SEASON 3 HD/Vudu $20..

Deadpool & Wolverine 4k/MA $8.5

DEATH RACE: BEYOND ANARCHY: UNRATED AND UNHINGED HD/MA $3.5..

Death Wish HD/VUdu $3\_

DEEPWATER HORIZON 4k/iTunes $2..

Deliver Us from Evil HD/MA $3\_

DEN OF THIEVES HD/iTunes $2.5..

Den of Thieves 2: Pantera 4k/Vudu $9.5\_

DESPICABLE ME 3 4k/MA $4..

The Devil Inside HD/Vudu $4\_

Devil's Due HD/MA $2\*\*

THE DILEMMA HD/MA $4..

Dinosaur 13 HD/Vudu $4\_

DIRTY GRANDPA HD/Vudu $2..

Distaster Artist HD/Vudu $5\_

Django Unchained HD/Vudu $2\_

Dolittle HD/MA $3\_

DON’T BREATHE HD/MA $3..

Don't Look Now 4k/Vudu $4

Dracula Untold 4k/iTunes $2..

Dragon Blade HD/Vudu $3.5\_

Dragonslayer 4k/Vudu $5\_

DRIVE HD/MA $4..

Drive-Away Dolls 4k/MA $8\_

Drop 4k/MA $8

Earth Girls Are Easy HD/Vudu $3.5\_

Eddie the Eagle 4k/iTunes $5\_

The Edge of Seventeen HD/MA $3.5\_

Edward Scissorhands HD/MA $2..

End of Watch HD/iTunes $3\_

Enemies Closer HD/Vudu $3\_

Enough Said HD/MA $4\_

Enter the Dragon 4k/MA $5\_

EPIC HD/MA $2

EVIL DEAD HD/MA $2.5..

The Exorcist 4k/MA $4\_

F1 4k/iTunes $9

FRAILTY 4k/Vudu $6..

Fantastic Four 4k/iTunes $4\_

Far From the Madding Crowd HD/MA $4\_

FAST & FURIOUS PRESENTS: HOBBS AND SHAW 4k/MA $4..

Fatal Attraction 4k/Vudu $4

Fatale HD/Vudu $4\_

Fatherhood HD/MA $4.5\_

Fences 4k/iTunes $2\_

Flicka Trilogy HD/MA $12\_

Field of Dreams 4k/MA $6\_

FIFTY SHADES DARKER 4k/iTunes $2..

Final Destination Bloodlines 4k/MA $10

Final Destination Bloodlines HD/MA $7

Finding DORY HD/MA $2\*\*

Finest Hours HD/MA $5\_

The Firm 4k/Vudu $5\_

Five Feet Apart HD/Vudu $3, 4k/Vudu $5\_

The Flash 4k/MA $4.5\_

Flashdance 4k/Vudu $5\_

Flatliners HD/MA $4\_

Flight 4k/iTunes $3\_

The Forbidden Kingdom 4k/Vudu $4\_

Fortress HD/Vudu $4.5\_

Foxcatcher HD/MA $3\_

Frank and Lola HD/MA $4\_

The French Dispatch HD/MA $4\_

Frida HD/Vudu $6\_

Fright Night (1985) 4k/MA $6\_

Fockers Bundle HD/MA $11\_

Force of Nature HD/Vudu $2\*\*

Forever My Girl HD/Vudu $5\_

Four Kids and It HD/Vudu $5\_

The Fox and the Hound 2 HD/MA $3..

Friend Request HD/Vudu $4\_

From Here to Eternity 4k/MA $6\_

FROZEN 2 4k/MA $3.5..

Fruitvale Station HD/Vudu $4\_

Full Metal Jacket 4k/MA $8\_

Fun Size HD/Vudu $4.5\_

Future World HD/Vudu $4\_

The Gambler HD/iTunes $2..

Gemini Man 4k/Vudu $3.5\_

Get Out 4k/iTunes $2\_

Get Shorty: Season 1 HD/Vudu $5\_

GHOST RIDER: SPIRIT OF VENGEANCE HD/MA $4\_

Gifted HD/MA $3..

God's Not Dead 2 HD/MA $2

Good Boys HD/MA $3\_

Good Burger HD/Vudu $6\_

GHOST IN THE SHELL 4k/iTunes $2..

Gods of Egypt 4k/iTunes $2\_

Gone Baby Gone HD/Vudu $3\_

The Grand Budapest Hotel HD/MA $5\_

The Great Wall HD/MA $2\_

The Greatest Showman HD/MA $2\_

The Greatest Show on Earth HD/Vudu $6.5\_

THE GREY HD/MA $2..

Guess Who's Coming to Dinner 4k/MA $6\_

Guilt Trip HD/Vudu $3\_

Hacksaw Ridge HD/Vudu $2..

HEAVEN IS FOR REAL HD/MA $2..

Hail, Caesar! HD/MA $3\_

Hands of Stone HD/Vudu $4\_

Hannibal: Season 1 HD/Vudu $5.5\_

The Hate U Give HD/MA $3\_

THE HAUNTING IN CONNECTICUT 2: GHOSTS OF GEORGIA HD/Vudu $4\_

Hell Fest 4k/Vudu $6\_

Hell Hath No Fury Like a Woman Scorned HD/Vudu $3\_

Hellboy 4k/Vudu $3\_

Hereditary HD/Vudu $3\_

High Sierra HD/MA $6.5\_

Highlander 4k/Vudu $5.5\_

His Girl Friday 4k/MA $6\_

Home HD/MA $2

The Home 4k/Vudu $10

Home Alone HD/MA or 4k/iTunes $3\_

The Homesman HD/Vudu $2.5\_

Honey Rise Up and Dance HD/MA $3.5\_

The Honeymooners HD/Vudu $5\_

Honk For Jesus Save Your Soul HD/MA $5\_

Hook 4k/MA $5.5\_

Hostiles 4k/Vudu $4\_

Hot Fuzz HD/MA $4\_

Hot Seat HD/Vudu $4.5\_

House of Gucci 4k/iTunes $4\_

THE HOUSE WITH A CLOCK IN ITS WALLS 4k/MA $6.5\_

How To Train Your Dragon 2025 HD/MA $10

How to train your dragon 2025 4k/MA $15

Hugo HD/Vudu $2\_

The Hundred-Foot Journey HD/MA $4\_

Hunter Killer 4k/Vudu $5\_

THE HUNTER’S PRAYER $5...

I See You HD/Vudu $4\_

I Still Believe 4k/iTunes $3.5\_

I, TONYA HD/MA $4..

ICE AGE HD/MA $2

ICE AGE: A MAMMOTH CHRISTMAS HD/MA $3..

Ice Age: Collision Course HD/MA $2

Identity Thief HD/iTunes $2..

The Ides of March HD/MA $3\_

IF (Imaginary Friend) 4k/Vudu $6.5\_

Illumination 10-Movie Collection HD/MA $20\_

The Imitation Game HD/Vudu $3\_

The Immigrant HD/Vudu $4\_

The Immortal Life of Henrietta Lacks HD/GP $3\_

THE IMPOSSIBLE HD/Vudu $3..

In a Valley of Violence HD/MA $4\_

Insecure: Season 1 HD/GP $6\_

INSIDE OUT HD/MA $2\_

INTERSTELLAR HD/Vudu $2..

The Interview HD/MA $3.5\_

IT COMES AT NIGHT HD/Vudu $4..

It Follows HD/Vudu $3\_

It Happened One Night 4k/MA $5.5\_

Jack and Jill HD/MA $5\_

JACK REACHER: NEVER GO BACK 4k/Vudu $2.5..

Jack Ryan: Shadow Recruit HD/Vudu $2..

Jackass 3 HD/Vudu $3\_

JACKIE HD/MA $3\_

Jackie Brown 4k/Vudu $6\_

JARHEAD 3: THE SEIGE (UNRATED) HD/MA $2..

JAWS HD/MA $3..

The Jesus Music HD/Vudu $5\_

Joker 4k/MA $6.5\_

JOE HD/Vudu $2..

Joy 4k/iTunes $3\_

Jumanji: Welcome to the Jungle HD/MA $2\_

The Jungle Book (Animated) HD/MA $5..

JURASSIC PARK HD/MA $2.5..

Just Another Girl on the I.R.T. HD/Vudu $6\_

Kandahar 4k/MA $6.5\_

Karate Kid Legends 4k/MA $12

KEEPING UP WITH THE JONESES HD/Vudu or 4k/iTunes $3..

Kick-Ass 4k/Vudu $4\_

Kickboxer 4k/Vudu $6.5\_

KILLER ELITE HD/iTunes $2.5..

The Killer's Game 4k/Vudu $8\_

Killing Gunther HD/Vudu $5\_

KIN 4k/iTunes $3..

KING KONG 2005 4k/MA $5..

THE KING OF STATEN ISLAND HD/MA $4..

Kiss the Girls 4k/Vudu $4

Knock Knock HD/Vudu $3.5\_

KNOWING 4k/Vudu $5\_

Krampus HD/iTunes $3\_

La La Land 4k/iTunes $2.5\_

LABOR DAY HD/Vudu $2..

Lady and the Tramp HD/MA $5\_

Lara Croft: Tomb Raider 4k/Vudu $3.5\_

Last Knights HD/Vudu $2\_

Last Night In Soho 4k/MA $3.5\*\*

Last Vegas HD/MA $2

Leap! HD/Vudu $4\_

Leatherface HD/Vudu $3.5\_

Leprechaun 8-film collection HD/Vudu $10

Les Misérables HD/MA $2\_

LIFE OF PI 4k/iTunes $2.5..

THE LIGHTHOUSE HD/Vudu $6\_

LIGHTYEAR 4k/MA $5..

Lilo & Stitch 2: Stitch Has a Glitch HD/MA $5\_

Lilo & Stitch (2025) HD/MA $10

THE LION KING (ANIMATED) 4k/MA $6..

Little Monsters HD/Vudu $5\_

The Little Rascals Save the Day HD/MA $4..

Little Women 4k/MA $6\_

THE LION KING 1 1/2 HD/MA $5..

THE LION KING (ANIMATED) 4k/MA $5..

London Has Fallen HD/iTunes $2..

LONG SHOT HD/Vudu $3..

The Longest Yard (1974) 4k/Vudu $6\_

The Lorax HD/MA $2

LOOPER HD/MA $2.5..

THE LORAX HD/MA $2..

The Lords of Salem HD/Vudu $4\_

Lord of War 4k/Vudu $4\_

Love & Mercy HD/Vudu $2.5\_

Love and Monsters 4k/Vudu $4

Love, Simon HD/MA $3\_

LOVE STORY HD/Vudu $5..

Love the coopers HD/Vudu $3\_

LUCY 4k/MA $4..

Lyle, Lyle, Crocodile HD/MA $3.5\_

M3GAN 2.0 4k/MA $8

Machete Kills HD/iTunes $2.5..

MACK & RITA HD/Vudu $4...

Mad Men Season 7 Part 1 & 2 HD/Vudu $7\_

Madagascar 3: Europe's Most Wanted HD/MA $2

Made HD/Vudu $3.5\_

Maggie HD/Vudu $2.5\_

The Magnificent Seven HD/Vudu $2\_

Major League 4k/Vudu $6.5\_

Mama HD/iTunes $2.5\_

The Man from U.N.C.L.E. 4k/MA $8\_

The Man Who Shot Liberty Valance 4k/Vudu $6.5\_

Mandela: Long Walk to Freedom HD/Vudu $3.5\_

Maps to the Stars HD/iTunes $4\_

Marathon Man 4k/Vudu $4

Margin Call HD/Vudu $3.5\_

THE MARKSMAN HD/MA $3..

The Martian HD/MA $2..

May HD/Vudu $5\_

The Maze Runner HD/MA $2.5..

MAZE RUNNER: THE SCORCE TRAILS HD/MA $3..

Memories of Murder 4k/MA $8\_

The Midnight Meat Train HD/Vudu $3.5\_

Midway 4k/Vudu $3.5\_

Migration 4k/MA $6.5\_

Mile 22 4k/iTunes $2\_

Million Dollar Arm HD/MA $4\_

Miracle on 34th Street HD/MA $5\_

Misconduct HD/Vudu $4\_

Miss You Already HD/Vudu $3\_

Missing HD/MA $4..

Mission: Impossible 1-6 4k/Vudu $18\_

MISSION IMPOSSIBLE: ROGUE NATION 4k/iTunes $2..

Moana HD/MA $2\_

Molly's Game HD/iTunes $3\_

Moneyball HD/MA $2.5\_

DISNEYNATURE: MONKEY KINGDOM HD/MA $4..

Monster Trucks HD/Vudu or 4k/iTunes $2\_

MONSTERS UNIVERSITY HD/MA $4..

THE MONUMENTS MEN HD/MA $2..

Morbius 4k/MA $6\_

Mortal Engines HD/MA 3..

Mortal Engines 4k/MA $5..

Mosaic: Season 1 HD/GP $5\_

Mother 4k/iTunes $2.5\_

Much Ado About Nothing HD/Vudu $4\_

MULAN (ANIMATED) HD/MA $3..

The Mummy 4k/iTunes $2\_

Murder on the Orient Express HD/MA $2\_

MY BLOODY VALENTINE 4k/Vudu $6..

My Brilliant Friend: Season 1 HD/GP $4\_

My Dinner with Hervé HD/GP $3\_

The Naked Gun: From the Files of Police Squad! 4k/Vudu $6\_

National Champions 4k/iTunes $3\_

NEBRASKA HD/Vudu $3\_

Nerve HD/Vudu $3.5\_

NEWS OF THE WORLD 4k/MA $4..

The Next Three Days HD/Vudu $4\_

THE NIGHT HOUSE HD/MA $6..

The Nightmare Before Christmas HD/MA $4\_

No Escape HD/Vudu $3\_

Nobody's Fool 4k/iTunes $3\_

NORM OF THE NORTH HD/Vudu $2..

Normal Heart HD/GP $3\_

Nosferatu 4k/MA $8\_

Notorious Nick 4k/Vudu $2.5\_

NOW YOU SEE ME 1 & 2: 2- FILM COLLECTION HD/Vudu $3.5..

Now You See Me 2 4k/Vudu $3.5\_

Nurse Jackie: Season 7 HD/Vudu $3\_

The Nutty Professor 4k/Vudu $6.5\_

OBLIVION 4k/iTunes $2..

The Old Way 4k/Vudu $4\_

Office Christmas Party HD/Vudu $2\_

Olympus Has Fallen HD/MA $2.5\_

On the Waterfront 4k/MA $6\_

One Direction This Is Us (Rated And Unrated) HD/MA $2\_

ONCE UPON A TIME… IN HOLLYWOOD 4k/MA $6..

Once Upon a Time in the West Remastered Extended 4k/Vudu $6.5\_

Open Road HD/MA $3.5\_

Oppenheimer 4k/MA $6.5\_

The Oranges HD/MA $3.5\_

Orphan: First Kill 4k/Vudu $5\_

The Ottoman Lieutenant HD/MA $4\_

Overboard HD/Vudu $3.5\_

PACIFIC RIM: UPRISING HD/MA $3, 4k/MA $5..

Pain & Gain HD/Vudu $2

Paper Towns HD/MA $3..

PATRIOT DAY HD/Vudu $3..

Paul (unrated) HD/iTunes $3\_

Paul, Apostle of Christ HD/MA $4\_

Pawn Sacrifice HD/iTunes $2.5\_

THE PEANUTS MOVIE HD/MA or 4k/iTunes $2..

THE PHOENICIAN SCHEME (2025) 4k/MA $12\_

Plane 4k/Vudu $6.5\_

PLANES: FIRE & RESCUE HD/MA $2.5..

PHILOMENA HD/Vudu $2\_

The Phoenician Scheme 4k/MA $9.5\_

PIXIE HALLOW GAMES HD/MA $3..

PLANES: FIRE & RESCUE HD/MA $3..

Planes, Trains & Automobiles 4k/Vudu,iTunes $6\_

THE POISON ROSE HD/Vudu $3..

Polite Society 4k/MA $6.5\_

POMPEII HD/MA $3..

THE POPE’S EXORCIST HD/MA $6..

The Possession HD/iTunes $2\_

Power Rangers 4k/iTunes $3\_

Pretty in Pink 4k/Vudu $5.5\_

Primal 4k/Vudu $3\*\*

Primal Fear 4k/Vudu $6.5\_

The Prince HD/Vudu $3\_

The Protégé 4k/Vudu $4\_

PROUD MARY HD/MA $3\_

THE POISON ROSE HD/Vudu $3..

THE POSSESSION OF HANNAH GRACE HD/MA $3.5..

The Protégé 4k/Vudu $4\_

PUBLIC ENEMIES HD/iTunes $2..

Pulp Fiction HD/Vudu $3.5\_

Pumping Iron HD/Vudu $4\_

The Purge HD/MA $2\_

Puss in Boots + Last Wish (2 movies collection) 4k/MA $10\_

QUEEN OF KATWE HD/MA $3\_

Ragtime HD/Vudu $6\_

Rapture-Palooza HD/Vudu $5\_

Rambo: The Complete 5-Film Collection 4k/Vudu $16\_

Rat Race HD/Vudu $5\_

Red Heat 4k/Vudu $4\_

RED SPARROW HD/MA $3..

Replicas 4k/Vudu $4\_

REPRISAL HD/Vudu $5..

The Revenant HD/MA $2

RICK AND MORTY SEASON 1 HD/Vudu $20..

Ricki and the Flash HD/MA $4\_

Ride Along HD/MA $2.5\_

Righteous Kill  HD/Vudu $4\_

Rings HD/Vudu $2\_

RIO 2 HD/MA $2..

Rise of the Guardians HD/MA $2..

The Rocky Horror Picture Show 4k/MA $6

Rocky Ultimate Knockout Collection 4k/Vudu $20

Rock, Paper, Scissors HD/Vudu $2\_

ROGUE ONE: A STAR WARS STORY 4k/MA $4..

Rough Cut HD/Vudu $6\_

Ruby Gillman, Teenage Kraken 4k/MA $8\_

Rudy 4k/MA $6.5\_

RUMBLE THROUGH THE DARK HD/Vudu $11..

Runner Runner HD/MA $2.5\_

RUSH HD/MA $3..

SABAN’S POWER RANGERS 4k/iTunes $2..

SABOTAGE HD/iTunes $3..

Saboteur 4k/MA $6\_

SAME KIND OF DIFFERENT AS ME HD/Vudu $2.5..

SAUSAGE PARTY 4k/MA $5\_

SAVAGES HD/iTunes $2.5\_

SAW HD/Vudu, 4k/iTunes $2..

SCARFACE 4k/MA $6..

Scary Stories to Tell in the Dark 4k/Vudu $4\_

SCOUTS GUIDE TO THE ZOMBIE APOCALYPSE HD/Vudu $3..

SEARCHING HD/MA $4..

SEE NO EVIL 2 HD/Vudu $4\_

Send It! 4k/Vudu $2.5\_

The Sessions HD/MA $5\_

SEVEN PSYCHOPATHS HD/MA $4\_

Seventh Son HD/iTunes $2.5\_

Sex Tape HD/MA $2

The Shack HD/Vudu $2\_

The Shallows HD/MA $3\_

The Shape of Water HD/MA $4\_

Sharp Objects: Season 1 HD/GP $4\_

The Sheik HD/Vudu $6\_

Shivers HD/Vudu $3.5\_

Shrek 4-Movie Collection 4k/MA $25\_

Sicario 4k/Vudu $2.5\_

The Silencing HD/Vudu $5\_

Silent Night 4k/Vudu $4.5\_

Sing HD/MA $2\_

Sinister HD/Vudu $2\_

Sinners 4k/MA $10

Skeleton Twins HD/Vudu $3\_

SLEEPLESS HD/iTunes $2..

Sleepless in Seattle 4k/MA $6\_

Sleepy Hollow 4k/Vudu $5\_

SLEIGHT HD/iTunes $2.5..

Slender Man HD/MA $5\_

Smokey and the Bandit HD/MA $5\_

SNIPER: RELOADED HD/MA $4..

Snow Day 4k/Vudu $4\_

SNOW FALLS 4k/Vudu $5..

Snowden HD/iTunes $2.5..

Snow White (2025) HD/MA $8

Snow White and the Seven Dwarfs HD/MA $5\_

Snowpiercer 4k/Vudu $6.5\_

Son of God HD/MA $2.5\_

Source Code 4k/Vudu $4\_

Sovereign (2025) 4k/MA $15\_

Spaceballs HD/GP $3\_

Sparkle HD/MA $3\_

The Spectacular Now HD/Vudu $3.5\_

Spies in Disguise HD/MA $3\_

SPLIT HD/MA, 4k/iTunes $3..

Spring Breakers HD/Vudu $3\_

Stand Up Guys HD/Vudu $3\_

The Star HD/MA $3

Stardust 4k/Vudu $6.5\_

Star Trek 4-Movie Collection 4k/Vudu,iTunes $8\*\*

Star Trek The Next Generation 4-Movie Collection 4k/Vudu,iTunes $18\_

STAR WARS: THE FORCE AWAKENS 4k/MA $3..

Star Wars Rebels (Complete Series) HD/iTunes $25\_

Stardust 4k/Vudu $6\_

Starman 4k/MA $6\_

Still Alice HD/MA $2\_

The Sting 4k/MA $6\_

Stir of Echoes 4k/Vudu $5\_

ST. VINCENT HD/Vudu $2.5..

Strange World 4k/MA $5\_

The Strangers: Chapter 1 4k/Vudu $6.5\_

The Substitute HD/Vudu $3.5\_

Suburbicon 4k/iTunes $2.5\_

Succession: Season 1 HD/GP $5\_

The Sugarland Express 4k/MA $7\_

Sundown: The Vampire in Retreat HD/Vudu $4.5\_

SUPER 8 4k/iTunes $3..

Superman 2025 4k/MA $8

Suspect Zero 4k/Vudu $4

Sweeney Todd: The Demon Barber of Fleet Street 4k/Vudu $5\_ 

TAKEN 3 (UNRATED) HD/MA $2..

Talk to Me 4k/Vudu $6\_

Terminator: Dark Fate 4k/Vudu,iTunes $5\_

TERMINATOR: GENISYS HD/Vudu $2..

TEXAS CHAINSAW HD/Vudu $2.5..

Thanks for Sharing HD/Vudu $4\_

That's My Boy HD/MA $4..

THE DAY AFTER TOMORROW HD/MA $4..

There's Something Wrong with the Children 4k/Vudu $4

THIS IS THE END HD/MA $3..

THOR: THE DARK WORLD 4k/MA $5..

THOR: RAGNAROK HD/MA $2..

Thunderbolts 4k/MA $11..

Till 4k/iTunes $4\_

TINKER BELL AND THE LEGEND OF THE NEVERBEAST HD/MA $4..

Titanic 4k/Vudu $4.5\_

To Have and Have Not HD/MA $6.5\_

Tommy Boy 4k/Vudu $5\_

Tootsie 4k/MA $6\_

TOTAL RECALL 4k/Vudu $5\_

Toy Story 4 4k/MA $3\*\*

Traffik HD/Vudu $3.5\_

Transformers: Age of Extinction 4k/iTunes $2..

Transformers: The Last Knight 4k/Vudu $2.5\_

Tremors: A Cold Day in Hell HD/MA $2

True Blood: Season 5 HD/GP $6\_

The Unbearable Weight of Massive Talent 4k/Vudu $4\_

TURBO HD/iTunes $2.5..

Turbulence 4k/Vudu $4

UNBROKEN HD/MA $2..

UNDER THE SKIN HD/Vudu $5..

Unfriended HD/iTunes $3.5\_

The Untouchables 4k/Vudu $6\_

Vampire Academy HD/Vudu $3.5\_

VANQUISH HD/Vudu $3..

Varsity Blues 4k/Vudu $6\_

Veep: Season 6 HD/GP $6\_

Vendetta HD/Vudu $3\_

Venom 4k/MA $4\_

The Very Excellent Mr. Dundee HD/Vudu $5.5\_

VICE HD/Vudu $3..

Victoria & Abdul HD/MA $5.5\_

The Virtuoso HD/Vudu $5\_

WALT DISNEY STUDIOS SHORT FILM COLLECTION HD/MA $4..

The War of the Worlds 4k/Vudu $6\_

Warm Bodies 4k/Vudu $3.5\_

The Watch HD/MA $4\_

We Were Soldiers 4k/Vudu $6\_

The Wedding Ringer HD/MA $2

Where the Crawdads Sing HD/MA $5\_

Whiskey Tango Foxtrot  HD/Vudu $3.5\_

White Christmas HD/Vudu $4\_

The White Lotus (Season 1 + 2 Bundle) HD/Vudu $17\_

While We're Young HD/Vudu $4\_

THE WHOLE TRUTH HD/Vudu $4\_

WILLOW HD/MA $4..

WINCHESTER HD/Vudu $4..

Wind River 4k/Vudu $5.5\_

WINNIE THE POOH: A VERY MERRY POOH YEAR HD/MA $4..

WINNIE THE POO: SPRINGTIME WITH ROO HD/MA $4..

Wire Room HD/Vudu $5\_

Wish HD/MA $6.5\_

THE WITCH HD/Vudu $2.5..

Wizard of Lies HD/GP $3\_

Wolf Man 4k/MA $7

The Wolf of Wall Street 4k/iTunes $3..

THE WOLVERINE (UNRATED) HD/MA $3\_

THE WOMAN KING 4k/MA $3.5\*\*

Wonder Park 4k/iTunes $2..

The World's End 4k/iTunes $5\_

The Wraith HD/Vudu $3.5\_

xXx: RETURN OF XANDER CAGE 4k/iTunes $2..

Zola HD/GP $4\_

\----

Paypal F&F."
